,USDBRL,USDEUR
1996-01-02,0.9726,
1996-01-03,0.9727,
1996-01-04,0.9728,
1996-01-05,0.9727,
1996-01-08,0.9726,
1996-01-09,0.9726,
1996-01-10,0.9726,
1996-01-11,0.973,
1996-01-12,0.9734,
1996-01-15,0.9727,
1996-01-16,0.9726,
1996-01-17,0.9727,
1996-01-18,0.9729,
1996-01-19,0.9732,
1996-01-22,0.9746,
1996-01-23,0.9766,
1996-01-24,0.9769,
1996-01-25,0.9768,
1996-01-26,0.9784,
1996-01-29,0.9788,
1996-01-30,0.9787,
1996-01-31,0.9786,
1996-02-01,0.9786,
1996-02-02,0.9786,
1996-02-05,0.9787,
1996-02-06,0.9786,
1996-02-07,0.9788,
1996-02-08,0.9787,
1996-02-09,0.9788,
1996-02-12,0.9787,
1996-02-13,0.9806,
1996-02-14,0.9813,
1996-02-15,0.9834,
1996-02-16,0.9832,
1996-02-21,0.9823,
1996-02-22,0.9824,
1996-02-23,0.9822,
1996-02-26,0.9836,
1996-02-27,0.984,
1996-02-28,0.9838,
1996-02-29,0.9842,
1996-03-01,0.984,
1996-03-04,0.9837,
1996-03-05,0.9837,
1996-03-06,0.9837,
1996-03-07,0.9845,
1996-03-08,0.9843,
1996-03-11,0.9843,
1996-03-12,0.9842,
1996-03-13,0.9854,
1996-03-14,0.9869,
1996-03-15,0.9868,
1996-03-18,0.9866,
1996-03-19,0.9868,
1996-03-20,0.9883,
1996-03-21,0.9874,
1996-03-22,0.9875,
1996-03-25,0.9879,
1996-03-26,0.9881,
1996-03-27,0.9883,
1996-03-28,0.9881,
1996-03-29,0.988,
1996-04-01,0.9881,
1996-04-02,0.9875,
1996-04-03,0.9874,
1996-04-08,0.9875,
1996-04-09,0.9886,
1996-04-10,0.9896,
1996-04-11,0.9908,
1996-04-12,0.9905,
1996-04-15,0.9899,
1996-04-16,0.9903,
1996-04-17,0.99,
1996-04-18,0.9896,
1996-04-19,0.9915,
1996-04-22,0.9916,
1996-04-23,0.9915,
1996-04-24,0.9916,
1996-04-25,0.9917,
1996-04-26,0.9922,
1996-04-29,0.9926,
1996-04-30,0.9925,
1996-05-02,0.9925,
1996-05-03,0.9926,
1996-05-06,0.9926,
1996-05-07,0.9927,
1996-05-08,0.9928,
1996-05-09,0.9939,
1996-05-10,0.9946,
1996-05-13,0.9951,
1996-05-14,0.996,
1996-05-15,0.9958,
1996-05-16,0.9965,
1996-05-17,0.9958,
1996-05-20,0.9956,
1996-05-21,0.9956,
1996-05-22,0.9958,
1996-05-23,0.9962,
1996-05-24,0.9968,
1996-05-27,0.9966,
1996-05-28,0.9965,
1996-05-29,0.9967,
1996-05-30,0.9971,
1996-05-31,0.9984,
1996-06-03,0.9986,
1996-06-04,0.9985,
1996-06-05,0.9987,
1996-06-07,0.9989,
1996-06-10,0.9998,
1996-06-11,0.9996,
1996-06-12,1.0007,
1996-06-13,1.0005,
1996-06-14,1.0015,
1996-06-17,1.0016,
1996-06-18,1.0016,
1996-06-19,1.002,
1996-06-20,1.0025,
1996-06-21,1.003,
1996-06-24,1.003,
1996-06-25,1.0029,
1996-06-26,1.0039,
1996-06-27,1.0036,
1996-06-28,1.0044,
1996-07-01,1.0045,
1996-07-02,1.0052,
1996-07-03,1.0051,
1996-07-04,1.0049,
1996-07-05,1.0048,
1996-07-08,1.0049,
1996-07-09,1.0055,
1996-07-10,1.0057,
1996-07-11,1.0056,
1996-07-12,1.0056,
1996-07-15,1.0062,
1996-07-16,1.0065,
1996-07-17,1.0066,
1996-07-18,1.0071,
1996-07-19,1.0075,
1996-07-22,1.0077,
1996-07-23,1.0078,
1996-07-24,1.0086,
1996-07-25,1.0087,
1996-07-26,1.0092,
1996-07-29,1.0099,
1996-07-30,1.0107,
1996-07-31,1.0112,
1996-08-01,1.0108,
1996-08-02,1.0104,
1996-08-05,1.0101,
1996-08-06,1.0107,
1996-08-07,1.0116,
1996-08-08,1.0115,
1996-08-09,1.0119,
1996-08-12,1.0122,
1996-08-13,1.0126,
1996-08-14,1.0129,
1996-08-15,1.013,
1996-08-16,1.0135,
1996-08-19,1.0136,
1996-08-20,1.0144,
1996-08-21,1.0147,
1996-08-22,1.0148,
1996-08-23,1.0153,
1996-08-26,1.0155,
1996-08-27,1.0159,
1996-08-28,1.0161,
1996-08-29,1.0167,
1996-08-30,1.0169,
1996-09-02,1.0165,
1996-09-03,1.0167,
1996-09-04,1.0172,
1996-09-05,1.0174,
1996-09-06,1.0179,
1996-09-09,1.019,
1996-09-10,1.0202,
1996-09-11,1.0188,
1996-09-12,1.0197,
1996-09-13,1.02,
1996-09-16,1.0192,
1996-09-17,1.0195,
1996-09-18,1.0196,
1996-09-19,1.0196,
1996-09-20,1.0199,
1996-09-23,1.0202,
1996-09-24,1.0202,
1996-09-25,1.0205,
1996-09-26,1.0205,
1996-09-27,1.021,
1996-09-30,1.0215,
1996-10-01,1.0215,
1996-10-02,1.0215,
1996-10-04,1.022,
1996-10-07,1.0225,
1996-10-08,1.0225,
1996-10-09,1.0233,
1996-10-10,1.0247,
1996-10-11,1.0254,
1996-10-14,1.0247,
1996-10-15,1.0251,
1996-10-16,1.0253,
1996-10-17,1.025,
1996-10-18,1.0252,
1996-10-21,1.0254,
1996-10-22,1.0263,
1996-10-23,1.027,
1996-10-24,1.0264,
1996-10-25,1.0272,
1996-10-28,1.0279,
1996-10-29,1.0285,
1996-10-30,1.0275,
1996-10-31,1.0276,
1996-11-01,1.028,
1996-11-04,1.028,
1996-11-05,1.028,
1996-11-06,1.028,
1996-11-07,1.0288,
1996-11-08,1.0295,
1996-11-11,1.0297,
1996-11-12,1.0311,
1996-11-13,1.0309,
1996-11-14,1.0305,
1996-11-18,1.0304,
1996-11-19,1.0303,
1996-11-20,1.0308,
1996-11-21,1.0311,
1996-11-22,1.0311,
1996-11-25,1.0311,
1996-11-26,1.032,
1996-11-27,1.0324,
1996-11-28,1.0328,
1996-11-29,1.0332,
1996-12-02,1.0331,
1996-12-03,1.0331,
1996-12-04,1.0338,
1996-12-05,1.0346,
1996-12-06,1.0351,
1996-12-09,1.035,
1996-12-10,1.0359,
1996-12-11,1.0369,
1996-12-12,1.0376,
1996-12-13,1.0381,
1996-12-16,1.0389,
1996-12-17,1.0407,
1996-12-18,1.0383,
1996-12-19,1.0384,
1996-12-20,1.0387,
1996-12-23,1.0388,
1996-12-24,1.039,
1996-12-26,1.0389,
1996-12-27,1.04,
1996-12-30,1.0394,
1996-12-31,1.0394,
1997-01-02,1.0395,
1997-01-03,1.0398,
1997-01-06,1.0405,
1997-01-07,1.0405,
1997-01-08,1.041,
1997-01-09,1.0415,
1997-01-10,1.0414,
1997-01-13,1.042,
1997-01-14,1.0422,
1997-01-15,1.0426,
1997-01-16,1.0436,
1997-01-17,1.0439,
1997-01-20,1.0432,
1997-01-21,1.0435,
1997-01-22,1.0436,
1997-01-23,1.0438,
1997-01-24,1.0441,
1997-01-27,1.0441,
1997-01-28,1.0449,
1997-01-29,1.0456,
1997-01-30,1.0457,
1997-01-31,1.0461,
1997-02-03,1.0457,
1997-02-04,1.0463,
1997-02-05,1.047,
1997-02-06,1.0472,
1997-02-07,1.048,
1997-02-12,1.0476,
1997-02-13,1.0487,
1997-02-14,1.0495,
1997-02-17,1.0491,
1997-02-18,1.0495,
1997-02-19,1.0504,
1997-02-20,1.0505,
1997-02-21,1.0508,
1997-02-24,1.0507,
1997-02-25,1.0511,
1997-02-26,1.0517,
1997-02-27,1.0515,
1997-02-28,1.0515,
1997-03-03,1.0515,
1997-03-04,1.0517,
1997-03-05,1.0526,
1997-03-06,1.053,
1997-03-07,1.0532,
1997-03-10,1.0532,
1997-03-11,1.0539,
1997-03-12,1.0544,
1997-03-13,1.0557,
1997-03-14,1.0554,
1997-03-17,1.0582,
1997-03-18,1.0589,
1997-03-19,1.0605,
1997-03-20,1.0602,
1997-03-21,1.0611,
1997-03-24,1.0615,
1997-03-25,1.0612,
1997-03-26,1.0609,
1997-03-31,1.0593,
1997-04-01,1.0594,
1997-04-02,1.0598,
1997-04-03,1.0584,
1997-04-04,1.0585,
1997-04-07,1.059,
1997-04-08,1.0588,
1997-04-09,1.059,
1997-04-10,1.0589,
1997-04-11,1.0595,
1997-04-14,1.06,
1997-04-15,1.0606,
1997-04-16,1.0611,
1997-04-17,1.0613,
1997-04-18,1.0618,
1997-04-22,1.0629,
1997-04-23,1.0633,
1997-04-24,1.0631,
1997-04-25,1.0632,
1997-04-28,1.0632,
1997-04-29,1.0633,
1997-04-30,1.0638,
1997-05-02,1.0643,
1997-05-05,1.0647,
1997-05-06,1.065,
1997-05-07,1.0653,
1997-05-08,1.0651,
1997-05-09,1.066,
1997-05-12,1.0673,
1997-05-13,1.068,
1997-05-14,1.0683,
1997-05-15,1.0678,
1997-05-16,1.0677,
1997-05-19,1.068,
1997-05-20,1.0685,
1997-05-21,1.0689,
1997-05-22,1.0698,
1997-05-23,1.0709,
1997-05-26,1.0721,
1997-05-27,1.0728,
1997-05-28,1.0732,
1997-05-30,1.0717,
1997-06-02,1.0709,
1997-06-03,1.0715,
1997-06-04,1.0726,
1997-06-05,1.0728,
1997-06-06,1.0728,
1997-06-09,1.073,
1997-06-10,1.0729,
1997-06-11,1.0734,
1997-06-12,1.0738,
1997-06-13,1.0745,
1997-06-16,1.0741,
1997-06-17,1.0741,
1997-06-18,1.075,
1997-06-19,1.0757,
1997-06-20,1.0777,
1997-06-23,1.0769,
1997-06-24,1.077,
1997-06-25,1.0769,
1997-06-26,1.0768,
1997-06-27,1.0772,
1997-06-30,1.0769,
1997-07-01,1.0771,
1997-07-02,1.0773,
1997-07-03,1.0778,
1997-07-04,1.0779,
1997-07-07,1.0781,
1997-07-08,1.079,
1997-07-09,1.0796,
1997-07-10,1.0797,
1997-07-11,1.0803,
1997-07-14,1.0806,
1997-07-15,1.0808,
1997-07-16,1.0811,
1997-07-17,1.0812,
1997-07-18,1.0816,
1997-07-21,1.0815,
1997-07-22,1.0817,
1997-07-23,1.0823,
1997-07-24,1.0822,
1997-07-25,1.0824,
1997-07-28,1.0827,
1997-07-29,1.0833,
1997-07-30,1.0834,
1997-07-31,1.0834,
1997-08-01,1.0835,
1997-08-04,1.0835,
1997-08-05,1.0843,
1997-08-06,1.0845,
1997-08-07,1.0851,
1997-08-08,1.0858,
1997-08-11,1.0858,
1997-08-12,1.0859,
1997-08-13,1.0863,
1997-08-14,1.0864,
1997-08-15,1.0873,
1997-08-18,1.0885,
1997-08-19,1.0894,
1997-08-20,1.089,
1997-08-21,1.0888,
1997-08-22,1.0912,
1997-08-25,1.092,
1997-08-26,1.0925,
1997-08-27,1.0922,
1997-08-28,1.0916,
1997-08-29,1.0916,
1997-09-01,1.0914,
1997-09-02,1.0922,
1997-09-03,1.0925,
1997-09-04,1.0925,
1997-09-05,1.0929,
1997-09-08,1.0916,
1997-09-09,1.0915,
1997-09-10,1.0918,
1997-09-11,1.0922,
1997-09-12,1.0925,
1997-09-15,1.0927,
1997-09-16,1.0932,
1997-09-17,1.0938,
1997-09-18,1.0942,
1997-09-19,1.0943,
1997-09-22,1.0949,
1997-09-23,1.0952,
1997-09-24,1.0954,
1997-09-25,1.0955,
1997-09-26,1.0961,
1997-09-29,1.0962,
1997-09-30,1.0964,
1997-10-01,1.0967,
1997-10-02,1.097,
1997-10-03,1.0971,
1997-10-06,1.0974,
1997-10-07,1.0977,
1997-10-08,1.0979,
1997-10-09,1.0982,
1997-10-10,1.0985,
1997-10-13,1.0985,
1997-10-14,1.0988,
1997-10-15,1.0994,
1997-10-16,1.0996,
1997-10-17,1.1,
1997-10-20,1.1003,
1997-10-21,1.1004,
1997-10-22,1.1008,
1997-10-23,1.1009,
1997-10-24,1.1012,
1997-10-27,1.1027,
1997-10-28,1.1064,
1997-10-29,1.1024,
1997-10-30,1.1063,
1997-10-31,1.1031,
1997-11-03,1.103,
1997-11-04,1.1041,
1997-11-05,1.1041,
1997-11-06,1.1069,
1997-11-07,1.1082,
1997-11-10,1.1053,
1997-11-11,1.105,
1997-11-12,1.1064,
1997-11-13,1.107,
1997-11-14,1.1082,
1997-11-17,1.1067,
1997-11-18,1.1066,
1997-11-19,1.1081,
1997-11-20,1.1081,
1997-11-21,1.1094,
1997-11-24,1.1097,
1997-11-25,1.1104,
1997-11-26,1.1104,
1997-11-27,1.1089,
1997-11-28,1.1098,
1997-12-01,1.1096,
1997-12-02,1.1096,
1997-12-03,1.1104,
1997-12-04,1.1106,
1997-12-05,1.1105,
1997-12-08,1.1119,
1997-12-09,1.1122,
1997-12-10,1.1129,
1997-12-11,1.1151,
1997-12-12,1.1162,
1997-12-15,1.1143,
1997-12-16,1.1134,
1997-12-17,1.1141,
1997-12-18,1.1144,
1997-12-19,1.1148,
1997-12-22,1.1151,
1997-12-23,1.115,
1997-12-24,1.115,
1997-12-26,1.1151,
1997-12-29,1.1157,
1997-12-30,1.1164,
1997-12-31,1.1164,
1998-01-02,1.1165,
1998-01-05,1.1165,
1998-01-06,1.1169,
1998-01-07,1.1175,
1998-01-08,1.118,
1998-01-09,1.1184,
1998-01-12,1.1192,
1998-01-13,1.1187,
1998-01-14,1.119,
1998-01-15,1.1206,
1998-01-16,1.1205,
1998-01-19,1.1201,
1998-01-20,1.1205,
1998-01-21,1.1207,
1998-01-22,1.1206,
1998-01-23,1.1215,
1998-01-26,1.1216,
1998-01-27,1.1224,
1998-01-28,1.1227,
1998-01-29,1.123,
1998-01-30,1.1237,
1998-02-02,1.1236,
1998-02-03,1.1244,
1998-02-04,1.1245,
1998-02-05,1.1245,
1998-02-06,1.1254,
1998-02-09,1.1255,
1998-02-10,1.1264,
1998-02-11,1.1265,
1998-02-12,1.1268,
1998-02-13,1.1276,
1998-02-16,1.1274,
1998-02-17,1.1284,
1998-02-18,1.1286,
1998-02-19,1.1292,
1998-02-20,1.1295,
1998-02-25,1.1297,
1998-02-26,1.1298,
1998-02-27,1.1304,
1998-03-02,1.1305,
1998-03-03,1.1306,
1998-03-04,1.1314,
1998-03-05,1.1314,
1998-03-06,1.1315,
1998-03-09,1.1323,
1998-03-10,1.1324,
1998-03-11,1.1325,
1998-03-12,1.1328,
1998-03-13,1.1334,
1998-03-16,1.1335,
1998-03-17,1.1335,
1998-03-18,1.1344,
1998-03-19,1.1344,
1998-03-20,1.1346,
1998-03-23,1.1349,
1998-03-24,1.1352,
1998-03-25,1.1358,
1998-03-26,1.136,
1998-03-27,1.1364,
1998-03-30,1.1365,
1998-03-31,1.1374,
1998-04-01,1.1375,
1998-04-02,1.1375,
1998-04-03,1.1384,
1998-04-06,1.1388,
1998-04-07,1.1388,
1998-04-08,1.1394,
1998-04-13,1.1397,
1998-04-14,1.1404,
1998-04-15,1.1407,
1998-04-16,1.1409,
1998-04-17,1.1414,
1998-04-20,1.1418,
1998-04-22,1.1425,
1998-04-23,1.1428,
1998-04-24,1.1435,
1998-04-27,1.1441,
1998-04-28,1.1449,
1998-04-29,1.1453,
1998-04-30,1.1443,
1998-05-04,1.1442,
1998-05-05,1.1449,
1998-05-06,1.1452,
1998-05-07,1.1451,
1998-05-08,1.1455,
1998-05-11,1.1459,
1998-05-12,1.1463,
1998-05-13,1.1474,
1998-05-14,1.1473,
1998-05-15,1.1472,
1998-05-18,1.1475,
1998-05-19,1.1488,
1998-05-20,1.1489,
1998-05-21,1.1497,
1998-05-22,1.1515,
1998-05-25,1.1516,
1998-05-26,1.1531,
1998-05-27,1.152,
1998-05-28,1.15,
1998-05-29,1.1505,
1998-06-01,1.152,
1998-06-02,1.1517,
1998-06-03,1.1518,
1998-06-04,1.1517,
1998-06-05,1.1524,
1998-06-08,1.1529,
1998-06-09,1.1536,
1998-06-10,1.1546,
1998-06-12,1.1553,
1998-06-15,1.1551,
1998-06-16,1.1549,
1998-06-17,1.1553,
1998-06-18,1.1557,
1998-06-19,1.1562,
1998-06-22,1.1554,
1998-06-23,1.1555,
1998-06-24,1.1559,
1998-06-25,1.1561,
1998-06-26,1.1564,
1998-06-29,1.1566,
1998-06-30,1.1569,
1998-07-01,1.1572,
1998-07-02,1.1572,
1998-07-03,1.1575,
1998-07-06,1.1583,
1998-07-07,1.1589,
1998-07-08,1.1597,
1998-07-09,1.1612,
1998-07-10,1.1612,
1998-07-13,1.1619,
1998-07-14,1.1634,
1998-07-15,1.1615,
1998-07-16,1.1621,
1998-07-17,1.1617,
1998-07-20,1.1607,
1998-07-21,1.161,
1998-07-22,1.162,
1998-07-23,1.1647,
1998-07-24,1.1655,
1998-07-27,1.1661,
1998-07-28,1.1635,
1998-07-29,1.1632,
1998-07-30,1.1624,
1998-07-31,1.1634,
1998-08-03,1.1643,
1998-08-04,1.1659,
1998-08-05,1.1671,
1998-08-06,1.1681,
1998-08-07,1.1683,
1998-08-10,1.1692,
1998-08-11,1.1689,
1998-08-12,1.17,
1998-08-13,1.1716,
1998-08-14,1.1716,
1998-08-17,1.173,
1998-08-18,1.1739,
1998-08-19,1.1742,
1998-08-20,1.1738,
1998-08-21,1.1753,
1998-08-24,1.175,
1998-08-25,1.1747,
1998-08-26,1.1728,
1998-08-27,1.1753,
1998-08-28,1.1763,
1998-08-31,1.1769,
1998-09-01,1.1772,
1998-09-02,1.1774,
1998-09-03,1.178,
1998-09-04,1.1784,
1998-09-08,1.1769,
1998-09-09,1.1792,
1998-09-10,1.1794,
1998-09-11,1.1793,
1998-09-14,1.1803,
1998-09-15,1.1798,
1998-09-16,1.1796,
1998-09-17,1.1801,
1998-09-18,1.1808,
1998-09-21,1.1816,
1998-09-22,1.183,
1998-09-23,1.1838,
1998-09-24,1.1835,
1998-09-25,1.1848,
1998-09-28,1.1849,
1998-09-29,1.185,
1998-09-30,1.1856,
1998-10-01,1.1807,
1998-10-02,1.1837,
1998-10-05,1.186,
1998-10-06,1.1849,
1998-10-07,1.1831,
1998-10-08,1.1846,
1998-10-09,1.1867,
1998-10-13,1.1877,
1998-10-14,1.1888,
1998-10-15,1.1886,
1998-10-16,1.1886,
1998-10-19,1.1899,
1998-10-20,1.1896,
1998-10-21,1.1899,
1998-10-22,1.1905,
1998-10-23,1.1911,
1998-10-26,1.1913,
1998-10-27,1.1922,
1998-10-28,1.1924,
1998-10-29,1.1922,
1998-10-30,1.1932,
1998-11-03,1.1929,
1998-11-04,1.1916,
1998-11-05,1.1905,
1998-11-06,1.1884,
1998-11-09,1.1899,
1998-11-10,1.1911,
1998-11-11,1.1908,
1998-11-12,1.1913,
1998-11-13,1.1915,
1998-11-16,1.1909,
1998-11-17,1.1909,
1998-11-18,1.1913,
1998-11-19,1.1932,
1998-11-20,1.195,
1998-11-23,1.1974,
1998-11-24,1.1978,
1998-11-25,1.1982,
1998-11-26,1.1992,
1998-11-27,1.2003,
1998-11-30,1.2012,
1998-12-01,1.2016,
1998-12-02,1.2013,
1998-12-03,1.2023,
1998-12-04,1.2026,
1998-12-07,1.2029,
1998-12-08,1.2035,
1998-12-09,1.2037,
1998-12-10,1.2034,
1998-12-11,1.204,
1998-12-14,1.2048,
1998-12-15,1.2052,
1998-12-16,1.2053,
1998-12-17,1.2065,
1998-12-18,1.2068,
1998-12-21,1.2069,
1998-12-22,1.2074,
1998-12-23,1.2078,
1998-12-24,1.2079,
1998-12-28,1.2084,
1998-12-29,1.2084,
1998-12-30,1.2083,
1998-12-31,1.2087,
1999-01-04,1.2078,0.8465966813410091
1999-01-05,1.2085,0.8503401360544218
1999-01-06,1.2096,0.8594018563080097
1999-01-07,1.2101,0.8567511994516792
1999-01-08,1.2104,0.8655011251514627
1999-01-11,1.2109,0.8670019074041964
1999-01-12,1.2114,0.8659508139937652
1999-01-13,1.3193,0.8548469823901522
1999-01-14,1.3194,0.8555051758063136
1999-01-15,1.4659,0.862738331464067
1999-01-18,1.5384,
1999-01-19,1.558,0.8613264427217915
1999-01-20,1.5735,0.8639308855291576
1999-01-21,1.6602,0.8637816360024186
1999-01-22,1.7049,0.8634087376964256
1999-01-25,1.7606,0.8646031471554556
1999-01-26,1.877,0.8637816360024186
1999-01-27,1.8886,0.8710042679209129
1999-01-28,1.9206,0.8775778850372971
1999-01-29,1.9832,0.879430129276229
1999-02-01,1.9638,0.8847208705653365
1999-02-02,1.798,0.8827683615819208
1999-02-03,1.7709,0.8819119851838787
1999-02-04,1.814,0.884486113568017
1999-02-05,1.8317,0.8862891075068686
1999-02-08,1.8609,0.8852691218130312
1999-02-09,1.9333,0.8849557522123894
1999-02-10,1.8953,0.8825346394845998
1999-02-11,1.8868,0.8847208705653365
1999-02-12,1.8984,0.8863676653075695
1999-02-15,,
1999-02-16,,0.893734918223255
1999-02-17,1.9179,0.8904719501335708
1999-02-18,1.9029,0.8910273545397843
1999-02-19,1.9208,0.9029345372460498
1999-02-22,1.9356,0.906043308870164
1999-02-23,2.0128,0.9096697898662786
1999-02-24,2.0033,0.9114108640174992
1999-02-25,2.0351,0.9035056017347307
1999-02-26,2.0648,0.9095043201455207
1999-03-01,2.0284,0.918189330639978
1999-03-02,2.1308,0.9148293843198244
1999-03-03,2.1647,0.9184423218221895
1999-03-04,2.1022,0.9238728750923872
1999-03-05,1.9934,0.9222539887485013
1999-03-08,1.9708,0.9175153683824203
1999-03-09,1.9056,0.9197093718384991
1999-03-10,1.8631,0.9123255177447313
1999-03-11,1.8784,0.9147457006952068
1999-03-12,1.9051,0.91441111923921
1999-03-15,1.8825,0.9149130832570906
1999-03-16,1.8521,0.9161704076958315
1999-03-17,1.8777,0.9078529278256923
1999-03-18,1.8596,0.9099181073703367
1999-03-19,1.8507,0.9154994049253867
1999-03-22,1.8615,0.9161704076958315
1999-03-23,1.8516,0.9159186664224216
1999-03-24,1.8428,0.9156670634557275
1999-03-25,1.81,0.9198785760279643
1999-03-26,1.775,0.9308386856557759
1999-03-29,1.7655,0.9331840238895109
1999-03-30,1.7334,0.9317927692881104
1999-03-31,1.722,0.9252405625462621
1999-04-01,,0.9274717121127806
1999-04-02,,0.9274717121127806
1999-04-05,1.7251,0.9340556697179152
1999-04-06,1.7314,0.9226794611551946
1999-04-07,1.7295,0.9272997032640949
1999-04-08,1.7206,0.9229349330872174
1999-04-09,1.709,0.9271277582050806
1999-04-12,1.7054,0.9223390518354546
1999-04-13,1.672,0.9276437847866419
1999-04-14,1.6575,0.9277298450691158
1999-04-15,1.6688,0.9330969487729774
1999-04-16,1.67,0.9356287425149701
1999-04-19,1.6721,0.942684766214178
1999-04-20,1.7101,0.9407337723424272
1999-04-21,,0.9423294383716548
1999-04-22,1.7014,0.9435742592942064
1999-04-23,1.6851,0.940379913485048
1999-04-26,1.6978,0.9442870632672333
1999-04-27,1.7069,0.9390553103577801
1999-04-28,1.6963,0.9419743782969102
1999-04-29,1.6676,0.9441979038806535
1999-04-30,1.6607,0.9466111321469141
1999-05-03,1.6735,0.9459842966606755
1999-05-04,1.6734,0.9440196356084207
1999-05-05,1.6847,0.9324878776575904
1999-05-06,1.6729,0.9277298450691158
1999-05-07,1.6712,0.9275577404693441
1999-05-10,1.6518,0.9270418095856123
1999-05-11,1.6468,0.9328358208955223
1999-05-12,1.6614,0.9375585974123383
1999-05-13,1.651,0.9410878976096367
1999-05-14,1.657,0.9389671361502347
1999-05-17,1.667,0.9370314842578711
1999-05-18,1.6659,0.9370314842578711
1999-05-19,1.6636,0.93976130062964
1999-05-20,1.6834,0.9407337723424272
1999-05-21,1.6963,0.9454476694714947
1999-05-24,1.6985,0.9440196356084207
1999-05-25,1.748,0.9445546424860678
1999-05-26,1.7186,0.9550186228631459
1999-05-27,1.7137,0.9579461634256154
1999-05-28,1.7311,0.9595087315294569
1999-05-31,1.724,
1999-06-01,1.7336,0.9570293808019906
1999-06-02,1.7542,0.9655305590421936
1999-06-03,,0.9657170449058425
1999-06-04,1.7365,0.9683354313934347
1999-06-07,1.7412,0.9712509712509712
1999-06-08,1.7479,0.9580379383023567
1999-06-09,1.7491,0.9569377990430623
1999-06-10,1.7597,0.9544716999140975
1999-06-11,1.773,0.9509319132750095
1999-06-14,1.7783,0.9600614439324116
1999-06-15,1.7892,0.9596928982725528
1999-06-16,1.7675,0.9710623422023693
1999-06-17,1.7605,0.9681479330041631
1999-06-18,1.7485,0.9645061728395062
1999-06-21,1.7636,0.968710646130001
1999-06-22,1.7688,0.968710646130001
1999-06-23,1.7848,0.9693679720822024
1999-06-24,1.8003,0.9641342074816815
1999-06-25,1.7904,0.9571209800918836
1999-06-28,1.79,0.9640412609659692
1999-06-29,1.7672,0.9673986649898423
1999-06-30,1.7695,0.9699321047526674
1999-07-01,1.7575,0.9769441187964047
1999-07-02,1.7706,0.9761811792268645
1999-07-05,1.7663,
1999-07-06,1.7754,0.9757049468240805
1999-07-07,1.7815,0.9780907668231612
1999-07-08,1.7911,0.9805844283192783
1999-07-09,1.8044,0.9817396426467702
1999-07-12,1.819,0.9862905611993293
1999-07-13,1.8392,0.9827044025157232
1999-07-14,1.8109,0.978952520802741
1999-07-15,1.8281,0.9784735812133072
1999-07-16,1.8107,0.9801038910124473
1999-07-19,1.7929,0.9801038910124473
1999-07-20,1.7982,0.9596928982725528
1999-07-21,1.8171,0.9500285008550257
1999-07-22,1.8171,0.9515653249595585
1999-07-23,1.8147,0.9526531389920929
1999-07-26,1.8203,0.9388789784996715
1999-07-27,1.8173,0.9409993413004611
1999-07-28,1.7915,0.9394964299135663
1999-07-29,1.7939,0.9329228472805299
1999-07-30,1.7892,0.935103796521414
1999-08-02,1.8115,0.937998311603039
1999-08-03,1.8278,0.9363295880149812
1999-08-04,1.8217,0.9288500835965076
1999-08-05,1.8476,0.9265264523302141
1999-08-06,1.8493,0.9285051067780873
1999-08-09,1.8454,0.935103796521414
1999-08-10,1.8729,0.9300595238095238
1999-08-11,1.863,0.9380863039399624
1999-08-12,1.8511,0.940203083866115
1999-08-13,1.8711,0.9462528387585163
1999-08-16,1.8768,0.9472387989012029
1999-08-17,1.882,0.9501187648456058
1999-08-18,1.8927,0.9519276534983341
1999-08-19,1.9171,0.939584703561026
1999-08-20,1.9497,0.9386146048432514
1999-08-23,1.8706,0.9475978394769261
1999-08-24,1.9026,0.9518370454978108
1999-08-25,1.9311,0.9559315553006404
1999-08-26,1.9087,0.9577626664112633
1999-08-27,1.9243,0.9560229445506692
1999-08-30,1.9436,0.9573958831977023
1999-08-31,1.9159,0.9450902561194594
1999-09-01,1.9217,0.945000945000945
1999-09-02,1.9244,0.9355412105903266
1999-09-03,1.904,0.9429514380009429
1999-09-06,1.9059,
1999-09-07,,0.9450902561194594
1999-09-08,1.8983,0.9442870632672333
1999-09-09,1.8735,0.9484966328369534
1999-09-10,1.8621,0.9613535858488752
1999-09-13,1.8822,0.9615384615384615
1999-09-14,1.8923,0.9607993850883936
1999-09-15,1.8779,0.9629272989889264
1999-09-16,1.8794,0.9598771357266269
1999-09-17,1.8861,0.9616309260505818
1999-09-20,1.8745,0.9607993850883936
1999-09-21,1.8791,0.9560229445506692
1999-09-22,1.8906,0.9523809523809523
1999-09-23,1.8914,0.9601536245799327
1999-09-24,1.9144,0.9554748710108925
1999-09-27,1.9174,0.9586808551433229
1999-09-28,1.9393,0.9515653249595585
1999-09-29,1.9224,0.9422406482615661
1999-09-30,1.9223,0.939584703561026
1999-10-01,1.9565,0.9330098899048329
1999-10-04,1.9388,0.934317481080071
1999-10-05,1.9525,0.9351912466099318
1999-10-06,1.96,0.9342301943198804
1999-10-07,1.9339,0.9327488107452663
1999-10-08,1.943,0.9407337723424272
1999-10-11,1.955,
1999-10-12,,0.9313588525658936
1999-10-13,1.9587,0.9295408068414203
1999-10-14,1.9648,0.9260116677470135
1999-10-15,1.9794,0.918526683200147
1999-10-18,1.9829,0.9205560158335634
1999-10-19,1.9933,0.9231053263177329
1999-10-20,2.0025,0.9289363678588016
1999-10-21,1.9936,0.9252405625462621
1999-10-22,1.9834,0.9365049634763064
1999-10-25,1.9777,0.9375585974123383
1999-10-26,1.9869,0.9453582907922102
1999-10-27,1.9954,0.9494872768704901
1999-10-28,1.9789,0.950660709192889
1999-10-29,1.953,0.9507510933637573
1999-11-01,1.9431,0.9529254812273679
1999-11-02,,0.9518370454978108
1999-11-03,1.9414,0.9537434430138293
1999-11-04,1.9295,0.9578544061302682
1999-11-05,1.9155,0.9615384615384615
1999-11-08,1.9266,0.9649715333397665
1999-11-09,1.9241,0.9614460148062686
1999-11-10,1.9348,0.9582215408202376
1999-11-11,1.9288,
1999-11-12,1.9331,0.9694619486185166
1999-11-15,,0.9694619486185166
1999-11-16,1.9331,0.9697439875872771
1999-11-17,1.9327,0.9612611746611555
1999-11-18,1.929,0.9711566475672525
1999-11-19,1.9313,0.9696499563657519
1999-11-22,1.9322,0.9683354313934347
1999-11-23,1.9328,0.9745638826625085
1999-11-24,1.9295,0.9827044025157232
1999-11-25,1.93,
1999-11-26,1.9263,0.9864851533984413
1999-11-29,1.9213,0.9900990099009901
1999-11-30,1.9227,0.992358836955443
1999-12-01,1.9221,0.9941346058256287
1999-12-02,1.895,0.9977052778609199
1999-12-03,1.8774,0.998402555910543
1999-12-06,1.8669,0.9754194303550527
1999-12-07,1.8594,0.9782821365681863
1999-12-08,1.8627,0.9743739647276625
1999-12-09,1.8668,0.9841551028442083
1999-12-10,1.8667,0.9844457570387871
1999-12-13,1.8564,0.9881422924901185
1999-12-14,1.8463,0.9933445912387008
1999-12-15,1.8501,0.9934432743890325
1999-12-16,1.8407,0.9833808634083981
1999-12-17,1.8178,0.9912767644726408
1999-12-20,1.8048,0.9934432743890325
1999-12-21,1.8234,0.9907856930545922
1999-12-22,1.8204,0.9920634920634921
1999-12-23,1.8286,0.98405825624877
1999-12-24,1.829,0.9873617693522908
1999-12-27,1.8267,0.9865824782951854
1999-12-28,1.8289,0.9932459276916965
1999-12-29,1.817,0.9955201592832256
1999-12-30,1.789,0.9976057462090983
1999-12-31,1.789,0.99304865938431
2000-01-03,1.8011,0.9847365829640571
2000-01-04,1.8337,0.9700261907071491
2000-01-05,1.8544,0.9675858732462506
2000-01-06,1.8461,0.9686168151879117
2000-01-07,1.8281,0.9714396735962696
2000-01-10,1.8161,0.9754194303550527
2000-01-11,1.8219,0.968804495252858
2000-01-12,1.8314,0.9726680284019065
2000-01-13,1.8193,0.9737098344693282
2000-01-14,1.7997,0.9873617693522908
2000-01-17,1.7957,
2000-01-18,1.7924,0.9880446596186148
2000-01-19,1.7984,0.9886307464162135
2000-01-20,1.7801,0.9868745682423763
2000-01-21,1.7784,0.9900990099009901
2000-01-24,1.7652,0.9981036031540074
2000-01-25,1.7741,0.9959167413604223
2000-01-26,1.7769,0.9989012086704624
2000-01-27,1.7753,1.0111223458038423
2000-01-28,1.7875,1.0240655401945724
2000-01-31,1.8024,1.0249051962693452
2000-02-01,1.7932,1.027643613194944
2000-02-02,1.79,1.0237510237510237
2000-02-03,1.7779,1.0114291493880854
2000-02-04,1.7785,1.0245901639344261
2000-02-07,1.7659,1.0221813349688236
2000-02-08,1.7654,1.013993104846887
2000-02-09,1.7632,1.0086746015735324
2000-02-10,1.7695,1.0136847440446022
2000-02-11,1.7647,1.0155377272265664
2000-02-14,1.7699,1.0221813349688236
2000-02-15,1.7764,1.016880211511084
2000-02-16,1.7732,1.016053647632595
2000-02-17,1.774,1.0138902970698571
2000-02-18,1.7705,1.015228426395939
2000-02-21,1.7784,
2000-02-22,1.7825,0.9940357852882704
2000-02-23,1.7886,0.9983028850953379
2000-02-24,1.7779,1.006947940791461
2000-02-25,1.7741,1.0242753252074157
2000-02-28,1.7788,1.034233116144379
2000-02-29,1.7685,1.0370216737529814
2000-03-01,1.7678,1.0309278350515465
2000-03-02,1.76,1.0396091069757771
2000-03-03,1.7511,1.039717196922437
2000-03-06,,1.0413412475268145
2000-03-07,,1.0460251046025104
2000-03-08,1.7498,1.0442773600668338
2000-03-09,1.7343,1.0326311441553078
2000-03-10,1.7386,1.035303861683404
2000-03-13,1.7502,1.0364842454394694
2000-03-14,1.7372,1.0369141435089175
2000-03-15,1.7431,1.0313531353135312
2000-03-16,1.7357,1.0298661174047374
2000-03-17,1.7407,1.0315659170621003
2000-03-20,1.7388,1.0298661174047374
2000-03-21,1.7381,1.0306090899721736
2000-03-22,1.7305,1.0407993338884263
2000-03-23,1.7242,1.0318852543597152
2000-03-24,1.7234,1.0283833813245578
2000-03-27,1.7362,1.0368066355624677
2000-03-28,1.7456,1.0401497815685459
2000-03-29,1.7379,1.0499790004199916
2000-03-30,1.7522,1.0423181154888472
2000-03-31,1.7473,1.0444955086693126
2000-04-03,1.7407,1.0460251046025104
2000-04-04,1.7425,1.0429703796412182
2000-04-05,1.7532,1.036591686534674
2000-04-06,1.7423,1.0438413361169103
2000-04-07,1.7439,1.0427528675703859
2000-04-10,1.7387,1.0429703796412182
2000-04-11,1.7448,1.0426441455531228
2000-04-12,1.7471,1.0470107842110774
2000-04-13,1.7633,1.0499790004199916
2000-04-14,1.7833,1.0455876202425762
2000-04-17,1.7873,1.0471204188481675
2000-04-18,1.7696,1.0551862403714256
2000-04-19,1.7662,1.0673497705197994
2000-04-20,1.7784,1.0665529010238908
2000-04-21,,1.0662117496534813
2000-04-24,1.7916,1.0642826734780757
2000-04-25,1.7888,1.0793308148947653
2000-04-26,1.7985,1.0849517196484757
2000-04-27,1.8083,1.100957833314984
2000-04-28,1.8067,1.1002310485201892
2000-05-01,,1.0964912280701753
2000-05-02,1.8008,1.102779003087781
2000-05-03,1.8162,1.1247328759419637
2000-05-04,1.8144,1.1227124733355787
2000-05-05,1.8118,1.1169440411035407
2000-05-08,1.8058,1.1173184357541899
2000-05-09,1.8079,1.108278842956888
2000-05-10,1.8169,1.0992634934593823
2000-05-11,1.8162,1.108524553818867
2000-05-12,1.8266,1.1013215859030836
2000-05-15,1.8382,1.094331363536879
2000-05-16,1.8198,1.1046062078868883
2000-05-17,1.8292,1.1209505660800358
2000-05-18,1.8305,1.1170688114387846
2000-05-19,1.8454,1.11781801922647
2000-05-22,1.8468,1.1066843736166445
2000-05-23,1.8537,1.1071744906997343
2000-05-24,1.8537,1.0993843447669305
2000-05-25,1.8392,1.1022927689594355
2000-05-26,1.8455,1.0741138560687433
2000-05-29,1.8388,
2000-05-30,1.8305,1.0736525660296328
2000-05-31,1.8266,1.0720411663807892
2000-06-01,1.8202,1.0744600838078866
2000-06-02,1.8104,1.0602205258693809
2000-06-05,1.7933,1.0558547143912997
2000-06-06,1.7899,1.044932079414838
2000-06-07,1.8036,1.0416666666666667
2000-06-08,1.7948,1.0473397570171763
2000-06-09,1.7999,1.0497585555322275
2000-06-12,1.804,1.0477787091366304
2000-06-13,1.81,1.0396091069757771
2000-06-14,1.8107,1.0427528675703859
2000-06-15,1.8079,1.0493179433368311
2000-06-16,1.8073,1.0364842454394694
2000-06-19,1.803,1.0392849719393058
2000-06-20,1.7991,1.0463534581981793
2000-06-21,1.8121,1.0576414595452142
2000-06-22,,1.0640561821664185
2000-06-23,1.8203,1.068604402650139
2000-06-26,1.8282,1.0658708164570454
2000-06-27,1.8235,1.058873358746294
2000-06-28,1.8195,1.058873358746294
2000-06-29,1.8172,1.0509721492380453
2000-06-30,1.8,1.0476689366160292
2000-07-03,1.808,1.0497585555322275
2000-07-04,1.8121,
2000-07-05,1.8047,1.0473397570171763
2000-07-06,1.797,1.049648367796788
2000-07-07,1.7972,1.054407423028258
2000-07-10,1.8006,1.050309841403214
2000-07-11,1.7972,1.0529640939243972
2000-07-12,1.8034,1.0637166258908626
2000-07-13,1.8104,1.0707784559374667
2000-07-14,1.8106,1.0667804565820354
2000-07-17,1.7979,1.0694043417816277
2000-07-18,1.797,1.072731173567904
2000-07-19,1.8044,1.0826025765941323
2000-07-20,1.8015,1.076194575979337
2000-07-21,1.7921,1.0703200256876806
2000-07-24,1.7956,1.0736525660296328
2000-07-25,1.7898,1.0648493238206793
2000-07-26,1.7925,1.0623605651758206
2000-07-27,1.7847,1.0716964955524595
2000-07-28,1.7828,1.0815487778498811
2000-07-31,1.7748,1.0792143319663285
2000-08-01,1.788,1.083658430862592
2000-08-02,1.7916,1.0944511327569224
2000-08-03,1.8079,1.1059500110595002
2000-08-04,1.7919,1.1019283746556474
2000-08-07,1.7961,1.098297638660077
2000-08-08,1.7992,1.1087703736556158
2000-08-09,1.795,1.1122233344455565
2000-08-10,1.7962,1.1016855789357718
2000-08-11,1.7959,1.105460977227504
2000-08-14,1.8021,1.1065619121389842
2000-08-15,1.8056,1.0946907498631637
2000-08-16,1.807,1.0937329104232747
2000-08-17,1.8096,1.0926573426573427
2000-08-18,1.8174,1.102779003087781
2000-08-21,1.8199,1.1077877478675087
2000-08-22,1.8169,1.1154489682097044
2000-08-23,1.8186,1.1152001784320285
2000-08-24,1.8204,1.1076650420912715
2000-08-25,1.8213,1.1081560283687943
2000-08-28,1.8277,1.110864252388358
2000-08-29,1.8349,1.115324559446799
2000-08-30,1.8259,1.1205737337516808
2000-08-31,1.8234,1.1263798152737103
2000-09-01,1.8218,1.1119759813188035
2000-09-04,1.8255,
2000-09-05,1.8294,1.1266336187471835
2000-09-06,1.8207,1.1491611123879568
2000-09-07,,1.1441647597254005
2000-09-08,1.8224,1.154201292705448
2000-09-11,1.8199,1.1595547309833023
2000-09-12,1.8279,1.1633317822242903
2000-09-13,1.832,1.1574074074074074
2000-09-14,1.8317,1.160496692584426
2000-09-15,1.8438,1.1665888940737286
2000-09-18,1.8558,1.1732957878681216
2000-09-19,1.8538,1.1745360582569884
2000-09-20,1.8546,1.181753722524226
2000-09-21,1.8517,1.1684973124561813
2000-09-22,1.8594,1.1372682815876265
2000-09-25,1.842,1.1444266422522316
2000-09-26,1.8506,1.1344299489506524
2000-09-27,1.8492,1.135718341851221
2000-09-28,1.8479,1.1330160888284613
2000-09-29,1.8437,1.1316057485572026
2000-10-02,1.8483,1.1355893708834885
2000-10-03,1.8498,1.1440338634023568
2000-10-04,1.8529,1.1460004584001833
2000-10-05,1.8501,1.1514104778353482
2000-10-06,1.852,1.1520737327188941
2000-10-09,1.8574,
2000-10-10,1.8541,1.151808339092375
2000-10-11,1.8603,1.1474469305794606
2000-10-12,,1.1568718186024989
2000-10-13,1.8764,1.1671335200746966
2000-10-16,1.8704,1.1779950524207798
2000-10-17,1.8667,1.1755025273304338
2000-10-18,1.8795,1.1917530687641522
2000-10-19,1.8714,1.1896264572924102
2000-10-20,1.8796,1.1904761904761905
2000-10-23,1.8918,1.1956001912960306
2000-10-24,1.8981,1.1956001912960306
2000-10-25,1.9282,1.2091898428053205
2000-10-26,1.934,1.2090436464756378
2000-10-27,1.924,1.1896264572924102
2000-10-30,1.9184,1.1859582542694498
2000-10-31,1.909,1.1784115012962526
2000-11-01,1.9099,1.1649580615097856
2000-11-02,,1.1636025133814287
2000-11-03,1.9286,1.1609008590666356
2000-11-06,1.9462,1.1649580615097856
2000-11-07,1.9573,1.165093790050099
2000-11-08,1.9503,1.168360789811894
2000-11-09,1.9683,1.166316771635176
2000-11-10,1.9566,1.1594202898550725
2000-11-13,1.9579,1.1618450098756825
2000-11-14,1.9441,1.166452816983553
2000-11-15,,1.1668611435239207
2000-11-16,1.9486,1.1720581340834506
2000-11-17,1.9609,1.1742602160638798
2000-11-20,1.9365,1.1784115012962526
2000-11-21,1.91,1.1823126034523528
2000-11-22,1.9322,1.1872254541137361
2000-11-23,1.9413,
2000-11-24,1.956,1.1930326890956813
2000-11-27,1.9571,1.1764705882352942
2000-11-28,1.9778,1.1700011700011699
2000-11-29,1.961,1.1659088259298123
2000-11-30,1.9596,1.1502185415228894
2000-12-01,1.9795,1.140901312036509
2000-12-04,1.9847,1.1267605633802817
2000-12-05,1.9648,1.1358473421172195
2000-12-06,1.9657,1.1265067027148812
2000-12-07,1.9698,1.1247328759419637
2000-12-08,1.9695,1.1314777098891151
2000-12-11,1.9648,1.1401208528103979
2000-12-12,1.9676,1.1396011396011396
2000-12-13,1.9623,1.142204454597373
2000-12-14,1.9635,1.1289230074508918
2000-12-15,1.9678,1.1134617525887986
2000-12-18,1.9539,1.1199462425803561
2000-12-19,1.9556,1.1233430689732644
2000-12-20,1.9559,1.103996467211305
2000-12-21,1.9578,1.0974539069359086
2000-12-22,1.9524,1.0834236186348862
2000-12-25,,
2000-12-26,1.9578,1.076194575979337
2000-12-27,1.9608,1.0748065348237317
2000-12-28,1.9554,1.0802635843145727
2000-12-29,1.9554,1.0651896037494675
2001-01-01,,
2001-01-02,1.9384,1.0565240359218173
2001-01-03,1.9422,1.0556317956296843
2001-01-04,1.9357,1.058425063505504
2001-01-05,1.9484,1.048767697954903
2001-01-08,1.9524,1.0541851149061776
2001-01-09,1.9441,1.0641694157709907
2001-01-10,1.9429,1.0653030787258975
2001-01-11,1.9463,1.050420168067227
2001-01-12,1.9508,1.0541851149061776
2001-01-15,1.9475,
2001-01-16,1.9516,1.0667804565820354
2001-01-17,1.9501,1.0745755426606491
2001-01-18,1.9527,1.0586491636671607
2001-01-19,1.9553,1.0680337498664958
2001-01-22,1.9571,1.0667804565820354
2001-01-23,1.9586,1.0650761529449355
2001-01-24,1.9595,1.0801468999783972
2001-01-25,1.9738,1.0847163466753444
2001-01-26,1.974,1.08542277216976
2001-01-29,1.9753,1.0892059688487092
2001-01-30,1.9714,1.079447322970639
2001-01-31,1.9711,1.0743446497636442
2001-02-01,1.9739,1.0656436487638534
2001-02-02,1.9934,1.0687186063909373
2001-02-05,1.9945,1.06439595529537
2001-02-06,1.998,1.0748065348237317
2001-02-07,2.0045,1.0716964955524595
2001-02-08,1.9959,1.088850174216028
2001-02-09,1.9884,1.079097874177188
2001-02-12,1.9813,1.0767739851405191
2001-02-13,1.9803,1.086484137331595
2001-02-14,1.9894,1.0873110796999021
2001-02-15,1.9812,1.1041183614883516
2001-02-16,1.994,1.0914647456887143
2001-02-19,2.0027,
2001-02-20,2.0063,1.0993843447669305
2001-02-21,2.024,1.1016855789357718
2001-02-22,2.0368,1.1026574043444701
2001-02-23,2.0436,1.0995052226498077
2001-02-26,,1.0997470581766193
2001-02-27,,1.0955302366345312
2001-02-28,2.0452,1.0855405992184108
2001-03-01,2.0428,1.0763104079216446
2001-03-02,2.0355,1.070663811563169
2001-03-05,2.0232,1.0765421466250404
2001-03-06,2.0208,1.0737678513905293
2001-03-07,2.0391,1.0782833728703904
2001-03-08,2.0385,1.0774701002047193
2001-03-09,2.0599,1.0735373054213635
2001-03-12,2.0552,1.075268817204301
2001-03-13,2.0622,1.0931351114997814
2001-03-14,2.0763,1.0949304719150335
2001-03-15,2.0864,1.105460977227504
2001-03-16,2.1217,1.1199462425803561
2001-03-19,2.1277,1.1129660545353368
2001-03-20,2.0929,1.104484205875856
2001-03-21,2.1,1.1148272017837235
2001-03-22,2.1419,1.1259993244004054
2001-03-23,2.1586,1.1203226529240422
2001-03-26,2.1373,1.1166945840312674
2001-03-27,2.1236,1.122334455667789
2001-03-28,2.117,1.1258725512272012
2001-03-29,2.1369,1.1354604292040422
2001-03-30,2.1616,1.137138958380714
2001-04-02,2.1584,1.1332728921124207
2001-04-03,2.1732,1.1198208286674132
2001-04-04,2.1632,1.1095084877399313
2001-04-05,2.1589,1.1140819964349378
2001-04-06,2.1521,1.110864252388358
2001-04-09,2.1642,1.1093854004881296
2001-04-10,2.1422,1.125619090499775
2001-04-11,2.1384,1.1291779584462511
2001-04-12,2.1573,1.1208249271463797
2001-04-13,,1.125112511251125
2001-04-16,2.1825,1.1284134506883323
2001-04-17,2.1888,1.1345586566825505
2001-04-18,2.175,1.134301270417423
2001-04-19,2.1882,1.1224604332697272
2001-04-20,2.2364,1.1071744906997343
2001-04-23,2.2586,1.1160714285714286
2001-04-24,2.2538,1.11781801922647
2001-04-25,2.3011,1.1145786892554614
2001-04-26,2.2541,1.1097547442015314
2001-04-27,2.218,1.1205737337516808
2001-04-30,2.1847,1.1268875366238449
2001-05-01,,1.1189437171310281
2001-05-02,2.2239,1.1204481792717087
2001-05-03,2.2353,1.1247328759419637
2001-05-04,2.2187,1.1193194537721065
2001-05-07,2.1957,1.1215791834903546
2001-05-08,2.2319,1.1301989150090415
2001-05-09,2.2586,1.1305822498586773
2001-05-10,2.2695,1.1373976342129208
2001-05-11,2.2863,1.1416828405069073
2001-05-14,2.3062,1.1431184270690444
2001-05-15,2.3384,1.137915339098771
2001-05-16,2.3219,1.130965844831486
2001-05-17,2.3036,1.1327594019030358
2001-05-18,2.2941,1.1397310234784592
2001-05-21,2.3278,1.141291942478886
2001-05-22,2.3062,1.1551345731777751
2001-05-23,2.3427,1.1630611770179111
2001-05-24,2.3494,1.1668611435239207
2001-05-25,2.3403,1.1659088259298123
2001-05-28,2.3265,
2001-05-29,2.3425,1.1700011700011699
2001-05-30,2.3596,1.166044776119403
2001-05-31,2.36,1.1827321111768183
2001-06-01,2.3833,1.183151916706105
2001-06-04,2.3629,1.1835720203574387
2001-06-05,2.3895,1.1759172154280337
2001-06-06,2.3821,1.183151916706105
2001-06-07,2.388,1.175640724194686
2001-06-08,2.3619,1.1757789535567313
2001-06-11,2.3722,1.1869436201780414
2001-06-12,2.3906,1.1793843613633683
2001-06-13,2.4078,1.1715089034676662
2001-06-14,,1.1630611770179111
2001-06-15,2.4079,1.1590171534538711
2001-06-18,2.4586,1.1614401858304297
2001-06-19,2.4675,1.1684973124561813
2001-06-20,2.4748,1.175640724194686
2001-06-21,2.4054,1.1704119850187265
2001-06-22,2.3296,1.1668611435239207
2001-06-25,2.2997,1.1613053071652537
2001-06-26,2.3139,1.1596892032935173
2001-06-27,2.3236,1.1599582415033058
2001-06-28,2.2923,1.1806375442739079
2001-06-29,2.3049,1.180080245456691
2001-07-02,2.3249,1.1827321111768183
2001-07-03,2.3395,1.1796626164916835
2001-07-04,2.3907,
2001-07-05,2.4113,1.1947431302270013
2001-07-06,2.4943,1.1813349084465445
2001-07-09,2.4548,1.180080245456691
2001-07-10,2.4802,1.1686338670094658
2001-07-11,2.53,1.1609008590666356
2001-07-12,2.5423,1.1723329425556859
2001-07-13,2.5538,1.172745396974317
2001-07-16,2.5979,1.1697274535033337
2001-07-17,2.5304,1.1697274535033337
2001-07-18,2.4696,1.1492931846914147
2001-07-19,2.5032,1.1507479861910241
2001-07-20,2.4573,1.1477103179157582
2001-07-23,2.4108,1.152604887044721
2001-07-24,2.4247,1.1425959780621573
2001-07-25,2.4914,1.1367511651699442
2001-07-26,2.4836,1.140901312036509
2001-07-27,2.4971,1.1429877700308606
2001-07-30,2.4334,1.1428571428571428
2001-07-31,2.4313,1.1425959780621573
2001-08-01,2.4935,1.1372682815876265
2001-08-02,2.4877,1.1346873936230568
2001-08-03,2.4884,1.1308379509216329
2001-08-06,2.469,1.1361054305839582
2001-08-07,2.4463,1.1396011396011396
2001-08-08,2.4704,1.139211665527455
2001-08-09,2.4668,1.1253657438667568
2001-08-10,2.4842,1.1185682326621924
2001-08-13,2.491,1.1132138483802738
2001-08-14,2.514,1.10803324099723
2001-08-15,2.5005,1.097213078779899
2001-08-16,2.4877,1.094331363536879
2001-08-17,2.5235,1.0911074740861975
2001-08-20,2.5306,1.095650268434316
2001-08-21,2.5353,1.0970927043335161
2001-08-22,2.5231,1.0876658690450294
2001-08-23,2.5282,1.0909884355225834
2001-08-24,2.55,1.0969723562966214
2001-08-27,2.5585,1.0991426687183996
2001-08-28,2.5564,1.098659635245001
2001-08-29,2.5474,1.0992634934593823
2001-08-30,2.5403,1.0924186148131965
2001-08-31,2.5517,1.1001100110011002
2001-09-03,2.559,
2001-09-04,2.5642,1.1276499774470004
2001-09-05,2.5669,1.1239743733842869
2001-09-06,2.5927,1.1181930001118192
2001-09-07,,1.105705440070765
2001-09-10,2.6013,1.1125945705384956
2001-09-11,2.6369,
2001-09-12,2.6741,1.1026574043444701
2001-09-13,2.6978,1.1002310485201892
2001-09-14,2.6986,1.0870746820306554
2001-09-17,2.6679,1.087192868014786
2001-09-18,2.6793,1.0830715910321673
2001-09-19,2.7065,1.0741138560687433
2001-09-20,2.7322,1.0804970286331712
2001-09-21,2.8007,1.0990218705352237
2001-09-24,2.7675,1.0946907498631637
2001-09-25,2.7133,1.0843634786380394
2001-09-26,2.7264,1.0833062506770663
2001-09-27,2.705,1.0892059688487092
2001-09-28,2.6713,1.0990218705352237
2001-10-01,2.6866,1.0918222513374822
2001-10-02,2.7038,1.0930156301235108
2001-10-03,2.7287,1.0892059688487092
2001-10-04,2.7326,1.0939722131057872
2001-10-05,2.754,1.0907504363001745
2001-10-08,2.7828,
2001-10-09,2.7797,1.0928961748633879
2001-10-10,2.7784,1.0967317394165386
2001-10-11,2.7799,1.1101243339253997
2001-10-12,,1.1015642211940955
2001-10-15,2.779,1.1016855789357718
2001-10-16,2.7526,1.0996261271167802
2001-10-17,2.7211,1.1031439602868174
2001-10-18,2.7425,1.10803324099723
2001-10-19,2.7573,1.1127183709803048
2001-10-22,2.7176,1.1228385358185493
2001-10-23,2.7168,1.1244799280332847
2001-10-24,2.7438,1.1204481792717087
2001-10-25,2.7428,1.1154489682097044
2001-10-26,2.729,1.1209505660800358
2001-10-29,2.7246,1.1065619121389842
2001-10-30,2.7231,1.1037527593818983
2001-10-31,2.7071,1.1119759813188035
2001-11-01,2.682,1.105705440070765
2001-11-02,,1.1065619121389842
2001-11-05,2.6208,1.1156978690170702
2001-11-06,2.6003,1.1142061281337048
2001-11-07,2.6055,1.11123458162018
2001-11-08,2.5571,1.122334455667789
2001-11-09,2.5347,1.119194180190263
2001-11-12,2.5502,
2001-11-13,2.527,1.1349449551696742
2001-11-14,2.5299,1.1326311020500623
2001-11-15,,1.1346873936230568
2001-11-16,2.5392,1.1300711944852526
2001-11-19,2.5154,1.1388224575788635
2001-11-20,2.535,1.1322463768115942
2001-11-21,2.5411,1.1388224575788635
2001-11-22,2.5383,
2001-11-23,2.5134,1.1402508551881414
2001-11-26,2.4894,1.1349449551696742
2001-11-27,2.4604,1.1348161597821154
2001-11-28,2.4857,1.128286133363421
2001-11-29,2.5072,1.1262529564140105
2001-11-30,2.5287,1.1163206072784102
2001-12-03,2.4672,1.1239743733842869
2001-12-04,2.4289,1.1238480557428636
2001-12-05,2.4306,1.1291779584462511
2001-12-06,2.4435,1.1215791834903546
2001-12-07,2.4005,1.1229646266142617
2001-12-10,2.3579,1.125619090499775
2001-12-11,2.3417,1.1230907457322552
2001-12-12,2.3551,1.1179429849077698
2001-12-13,2.3847,1.1140819964349378
2001-12-14,2.384,1.105705440070765
2001-12-17,2.358,1.1061946902654867
2001-12-18,2.343,1.1087703736556158
2001-12-19,2.293,1.1114816049794376
2001-12-20,2.3202,1.1145786892554614
2001-12-21,2.3311,1.128158844765343
2001-12-24,2.3378,1.1398609369656902
2001-12-25,,
2001-12-26,2.3145,1.139211665527455
2001-12-27,2.3215,1.1308379509216329
2001-12-28,2.3204,1.1335298118340513
2001-12-31,2.3204,1.1234692731153804
2002-01-01,,
2002-01-02,2.3066,1.107297087808659
2002-01-03,2.2932,1.112099644128114
2002-01-04,2.3101,1.11781801922647
2002-01-07,2.3428,1.1196954428395476
2002-01-08,2.3454,1.1204481792717087
2002-01-09,2.3794,1.1258725512272012
2002-01-10,2.3896,1.1204481792717087
2002-01-11,2.4168,1.1229646266142617
2002-01-14,2.4072,1.119194180190263
2002-01-15,2.3705,1.1219566924716706
2002-01-16,2.3867,1.1319900384876613
2002-01-17,2.3641,1.1363636363636365
2002-01-18,2.3752,1.1307100859339665
2002-01-21,2.3742,
2002-01-22,2.3667,1.1314777098891151
2002-01-23,2.3804,1.131733816206428
2002-01-24,2.3981,1.1386927806877705
2002-01-25,2.4046,1.1554015020219526
2002-01-28,2.4228,1.1621150493898895
2002-01-29,2.4234,1.1570056693277797
2002-01-30,2.4384,1.1563367252543941
2002-01-31,2.4183,1.1636025133814287
2002-02-01,2.4161,1.1610356437942646
2002-02-04,2.4228,1.1514104778353482
2002-02-05,2.4214,1.1531365313653137
2002-02-06,2.4206,1.1503508570113885
2002-02-07,2.4518,1.1507479861910241
2002-02-08,2.4691,1.1458691417440128
2002-02-11,,1.139211665527455
2002-02-12,,1.1405109489051095
2002-02-13,2.4232,1.145475372279496
2002-02-14,2.4249,1.1477103179157582
2002-02-15,2.438,1.145475372279496
2002-02-18,2.4284,
2002-02-19,2.4249,1.1410314924691922
2002-02-20,2.4284,1.1487650775416427
2002-02-21,2.4241,1.1478420569329661
2002-02-22,2.4273,1.1419435879867534
2002-02-25,2.4062,1.1477103179157582
2002-02-26,2.3947,1.151808339092375
2002-02-27,2.3827,1.1571395510298543
2002-02-28,2.3482,1.155001155001155
2002-03-01,2.3596,1.155802126675913
2002-03-04,2.3432,1.1487650775416427
2002-03-05,2.3251,1.1495574203931487
2002-03-06,2.352,1.1399908800729595
2002-03-07,2.3663,1.137009664582149
2002-03-08,2.3582,1.1425959780621573
2002-03-11,2.3487,1.1405109489051095
2002-03-12,2.3496,1.1416828405069073
2002-03-13,2.3368,1.1402508551881414
2002-03-14,2.3441,1.134301270417423
2002-03-15,2.3542,1.1334013374135783
2002-03-18,2.3406,1.1330160888284613
2002-03-19,2.3432,1.135718341851221
2002-03-20,2.338,1.131733816206428
2002-03-21,2.3475,1.131733816206428
2002-03-22,2.3508,1.1375270162666364
2002-03-25,2.3641,1.1405109489051095
2002-03-26,2.3502,1.1406410402646288
2002-03-27,2.3371,1.1460004584001833
2002-03-28,2.3236,1.1479738261967627
2002-03-29,,1.1471836641046231
2002-04-01,2.322,1.1355893708834885
2002-04-02,2.3022,1.1386927806877705
2002-04-03,2.2977,1.1358473421172195
2002-04-04,2.3118,1.1390818999886092
2002-04-05,2.2924,1.135718341851221
2002-04-08,2.2907,1.1428571428571428
2002-04-09,2.2842,1.1372682815876265
2002-04-10,2.2728,1.137138958380714
2002-04-11,2.2709,1.1326311020500623
2002-04-12,2.2988,1.1373976342129208
2002-04-15,2.318,1.1361054305839582
2002-04-16,2.3172,1.1325028312570782
2002-04-17,2.3165,1.1254924029262803
2002-04-18,2.3327,1.1238480557428636
2002-04-19,2.3269,1.1244799280332847
2002-04-22,2.3347,1.1265067027148812
2002-04-23,2.3487,1.1239743733842869
2002-04-24,2.3568,1.1217049915872126
2002-04-25,2.3666,1.1138338159946535
2002-04-26,2.3558,1.1135857461024499
2002-04-29,2.3689,1.1076650420912715
2002-04-30,2.3625,1.110864252388358
2002-05-01,,1.1035091591260207
2002-05-02,2.377,1.1071744906997343
2002-05-03,2.4149,1.0949304719150335
2002-05-06,2.4327,1.0909884355225834
2002-05-07,2.4174,1.0931351114997814
2002-05-08,2.4341,1.1061946902654867
2002-05-09,2.4519,1.1003521126760563
2002-05-10,2.4838,1.0969723562966214
2002-05-13,2.4952,1.0980564401010213
2002-05-14,2.5154,1.108401684770561
2002-05-15,2.5117,1.102049812651532
2002-05-16,2.4799,1.098297638660077
2002-05-17,2.4763,1.0862480990658268
2002-05-20,2.4737,1.08542277216976
2002-05-21,2.4787,1.088020890001088
2002-05-22,2.5016,1.0793308148947653
2002-05-23,2.5296,1.0830715910321673
2002-05-24,2.524,1.0845986984815619
2002-05-27,2.5228,
2002-05-28,2.5248,1.0770059235325795
2002-05-29,2.5201,1.0737678513905293
2002-05-30,,1.066894270777766
2002-05-31,2.522,1.0707784559374667
2002-06-03,2.5413,1.0649627263045793
2002-06-04,2.5697,1.061120543293718
2002-06-05,2.6086,1.0648493238206793
2002-06-06,2.6418,1.0574177857671567
2002-06-07,2.6708,1.0583130489998942
2002-06-10,2.6367,1.0586491636671607
2002-06-11,2.6664,1.0587612493382743
2002-06-12,2.7486,1.0556317956296843
2002-06-13,2.6922,1.0593220338983051
2002-06-14,2.7181,1.058425063505504
2002-06-17,2.6823,1.0590976488032195
2002-06-18,2.67,1.0545186122535062
2002-06-19,2.703,1.0477787091366304
2002-06-20,2.7505,1.036699149906697
2002-06-21,2.791,1.0303967027305512
2002-06-24,2.8269,1.0218679746576742
2002-06-25,2.7995,1.031778786628147
2002-06-26,2.8584,1.0178117048346056
2002-06-27,2.8593,1.0116337885685383
2002-06-28,2.8444,1.0146103896103895
2002-07-01,2.8595,1.0108157282927324
2002-07-02,2.9141,1.016260162601626
2002-07-03,2.8617,1.0187449062754685
2002-07-04,2.8481,
2002-07-05,2.8746,1.027749229188078
2002-07-08,2.8711,1.013273887931908
2002-07-09,2.8551,1.0062386798148522
2002-07-10,2.8541,1.0111223458038423
2002-07-11,2.8232,1.0073536818777071
2002-07-12,2.8147,1.0096930533117934
2002-07-15,2.8455,0.9928514694201747
2002-07-16,2.8671,0.991375037176564
2002-07-17,2.8783,0.9922603691208572
2002-07-18,2.8772,0.9933445912387008
2002-07-19,2.8671,0.9846396218983852
2002-07-22,2.8816,0.9902951079421667
2002-07-23,2.9132,1.0067451927917044
2002-07-24,2.9479,1.0055304172951232
2002-07-25,2.9822,1.000300090027008
2002-07-26,3.0177,1.0119409026512851
2002-07-29,3.1449,1.0225994477962983
2002-07-30,3.2692,1.0122482032594393
2002-07-31,3.4285,1.0208248264597795
2002-08-01,3.3275,1.015950421619425
2002-08-02,3.0302,1.0119409026512851
2002-08-05,3.0732,1.015640869388584
2002-08-06,3.207,1.037344398340249
2002-08-07,3.0598,1.0269049086054631
2002-08-08,2.8883,1.035947373873407
2002-08-09,2.9964,1.0294420424130122
2002-08-12,3.0979,1.022704029453876
2002-08-13,3.2094,1.021763563911311
2002-08-14,3.1965,1.0134792743488394
2002-08-15,3.1912,1.0187449062754685
2002-08-16,3.162,1.01667344448963
2002-08-19,3.1142,1.0230179028132993
2002-08-20,3.0923,1.0225994477962983
2002-08-21,3.0794,1.0208248264597795
2002-08-22,3.1417,1.0312467773538208
2002-08-23,3.1136,1.0281719103434095
2002-08-26,3.0788,1.027643613194944
2002-08-27,3.0949,1.0189525168127165
2002-08-28,3.1219,1.0183299389002036
2002-08-29,3.1239,1.0173974972021569
2002-08-30,3.0223,1.0197838058331634
2002-09-02,3.0286,
2002-09-03,3.0988,1.0041168792047395
2002-09-04,3.1325,1.007759750075582
2002-09-05,3.1512,1.0089799212995663
2002-09-06,3.1783,1.015950421619425
2002-09-09,3.1312,1.0186411327289395
2002-09-10,3.1306,1.0254306808859721
2002-09-11,3.1153,1.0283833813245578
2002-09-12,3.1239,1.0244851961889152
2002-09-13,3.1506,1.0263779123473262
2002-09-16,3.1884,1.0284891494394734
2002-09-17,3.2248,1.0325245224574084
2002-09-18,3.324,1.0215548064153641
2002-09-19,3.3843,1.0186411327289395
2002-09-20,3.4277,1.0163634515702815
2002-09-23,3.5448,1.018122581958868
2002-09-24,3.6216,1.0188487009679061
2002-09-25,3.7257,1.0207206287639072
2002-09-26,3.7516,1.0251153254741159
2002-09-27,3.8541,1.023331968890708
2002-09-30,3.8949,1.0122482032594393
2002-10-01,3.7467,1.0143016533116949
2002-10-02,3.5936,1.016053647632595
2002-10-03,3.6952,1.013068584743187
2002-10-04,3.6593,1.0182262498727217
2002-10-07,3.6965,1.0187449062754685
2002-10-08,3.7017,1.0208248264597795
2002-10-09,3.852,1.0133765707336846
2002-10-10,3.9228,1.0140959334753068
2002-10-11,3.9235,1.0148163182463974
2002-10-14,3.8613,
2002-10-15,3.8567,1.019367991845056
2002-10-16,3.8744,1.017915309446254
2002-10-17,3.9245,1.0290183165260343
2002-10-18,3.8759,1.0300782859497322
2002-10-21,3.9125,1.0275380189066996
2002-10-22,3.9552,1.0222858311183807
2002-10-23,3.8704,1.023331968890708
2002-10-24,3.8617,1.0264832683227263
2002-10-25,3.8015,1.0238558410975735
2002-10-28,3.7406,1.015950421619425
2002-10-29,3.8211,1.015125367982946
2002-10-30,3.7443,1.0167768174885612
2002-10-31,3.645,1.0120433154539015
2002-11-01,3.6113,1.0029084344599337
2002-11-04,3.5418,1.0047221943132725
2002-11-05,3.5625,1.0006003602161297
2002-11-06,3.5976,1.0026067776218168
2002-11-07,3.6218,0.9908838684106221
2002-11-08,3.5271,0.9862905611993293
2002-11-11,3.5035,
2002-11-12,3.5527,0.9896091044037606
2002-11-13,3.6342,0.9940357852882704
2002-11-14,3.6797,0.9966115208291807
2002-11-15,,0.9918666931164452
2002-11-18,3.5889,0.991768322919766
2002-11-19,3.5547,0.9894132779261898
2002-11-20,3.5146,0.9976057462090983
2002-11-21,3.5103,1.001602564102564
2002-11-22,3.5616,1.0034115994380894
2002-11-25,3.5492,1.0063399416322834
2002-11-26,3.5872,1.0087763542822556
2002-11-27,3.5898,1.010611419909045
2002-11-28,3.603,
2002-11-29,3.6365,1.0068465565847766
2002-12-02,3.616,1.0073536818777071
2002-12-03,3.6625,1.0032102728731942
2002-12-04,3.7049,1.000100010001
2002-12-05,3.7514,1.0011012113324658
2002-12-06,3.7526,0.9919650828290845
2002-12-09,3.798,0.9912767644726408
2002-12-10,3.7685,0.9927529038022436
2002-12-11,3.7954,0.991768322919766
2002-12-12,3.7535,0.9814505839630976
2002-12-13,3.7342,0.9778994719342852
2002-12-16,3.6318,0.9794319294809012
2002-12-17,3.5827,0.9739943508327652
2002-12-18,3.5316,0.9752291788570313
2002-12-19,3.5047,0.9787608887148869
2002-12-20,3.4278,0.9738994935722634
2002-12-23,3.4947,0.9787608887148869
2002-12-24,3.501,0.970402717127608
2002-12-25,,
2002-12-26,3.5251,0.9654373431164317
2002-12-27,3.5413,0.9605225242531938
2002-12-30,3.5333,0.9560229445506692
2002-12-31,3.5333,0.9537434430138293
2003-01-01,,
2003-01-02,3.5224,0.9651578033008397
2003-01-03,3.4698,0.9598771357266269
2003-01-06,3.3664,0.9552010698251983
2003-01-07,3.3423,0.9597850081581725
2003-01-08,3.3124,0.9572125969177755
2003-01-09,3.3297,0.9553835865099838
2003-01-10,3.2918,0.9492168960607498
2003-01-13,3.2956,0.9492168960607498
2003-01-14,3.2758,0.9459842966606755
2003-01-15,3.2983,0.94553706505295
2003-01-16,3.2937,0.946163307786924
2003-01-17,3.3632,0.9380863039399624
2003-01-20,3.4103,
2003-01-21,3.4402,0.9365926758452748
2003-01-22,3.5189,0.9320533134495294
2003-01-23,3.4901,0.9287638153617536
2003-01-24,3.5923,0.9237875288683602
2003-01-27,3.6623,0.9226794611551946
2003-01-28,3.6312,0.9231053263177329
2003-01-29,3.6417,0.9207255317189945
2003-01-30,3.5696,0.9279881217520417
2003-01-31,3.5258,0.9311853990129434
2003-02-03,3.493,0.9292816652727441
2003-02-04,3.5406,0.9195402298850576
2003-02-05,3.5845,0.9223390518354546
2003-02-06,3.6045,0.9235315847801995
2003-02-07,3.5802,0.9258401999814831
2003-02-10,3.6042,0.9310986964618249
2003-02-11,3.5737,0.9304922303898763
2003-02-12,3.6003,0.9331840238895109
2003-02-13,3.6359,0.9230201218386561
2003-02-14,3.658,0.9260116677470135
2003-02-17,3.6232,
2003-02-18,3.5889,0.9338812103100486
2003-02-19,3.5935,0.9307520476545048
2003-02-20,3.6067,0.9241290084095739
2003-02-21,3.6097,0.9270418095856123
2003-02-24,3.587,0.9273856997125104
2003-02-25,3.6013,0.9274717121127806
2003-02-26,3.5817,0.9261831990367694
2003-02-27,3.585,0.9291089844838799
2003-02-28,3.5632,0.9277298450691158
2003-03-03,,0.9229349330872174
2003-03-04,,0.9188642837452908
2003-03-05,3.5637,0.9118263882556761
2003-03-06,3.526,0.9093389106119851
2003-03-07,3.501,0.9079353550027238
2003-03-10,3.5281,0.903995660820828
2003-03-11,3.5061,0.9067827348567283
2003-03-12,3.4763,0.9071940488070398
2003-03-13,3.4293,0.9199632014719411
2003-03-14,3.3958,0.9324009324009324
2003-03-17,3.4442,0.9428625306430323
2003-03-18,3.4308,0.9412650602409638
2003-03-19,3.4576,0.9442870632672333
2003-03-20,3.483,0.9422406482615661
2003-03-21,3.4462,0.948316737790422
2003-03-24,3.407,0.9394964299135663
2003-03-25,3.3892,0.93694368968425
2003-03-26,3.3747,0.9365926758452748
2003-03-27,3.4031,0.9338812103100486
2003-03-28,3.3757,0.929195316855603
2003-03-31,3.3531,0.9174311926605504
2003-04-01,3.3359,0.917094644167278
2003-04-02,3.2795,0.9289363678588016
2003-04-03,3.2563,0.931445603576751
2003-04-04,3.2469,0.9336196433572963
2003-04-07,3.1723,0.9415309292910272
2003-04-08,3.1649,0.9359790340696368
2003-04-09,3.1857,0.9326618168252191
2003-04-10,3.2157,0.9256687957048968
2003-04-11,3.2147,0.9301460329271696
2003-04-14,3.1818,0.9282465422816301
2003-04-15,3.1154,0.9258401999814831
2003-04-16,3.0752,0.919793966151582
2003-04-17,3.0289,0.9168423947923352
2003-04-18,,0.9189487226612755
2003-04-21,,0.9210647508519848
2003-04-22,3.0639,0.9119095385737734
2003-04-23,3.0147,0.9133254178463787
2003-04-24,3.0029,0.9058791557206268
2003-04-25,3.0123,0.9057971014492753
2003-04-28,2.9915,0.9091735612328392
2003-04-29,2.9251,0.9082652134423251
2003-04-30,2.8898,0.8944543828264757
2003-05-01,,0.8898380494749957
2003-05-02,2.9159,0.8928571428571428
2003-05-05,2.9845,0.8872327211427558
2003-05-06,3.0277,0.8807468733485997
2003-05-07,2.9639,0.8818342151675486
2003-05-08,2.9177,0.8731336767659129
2003-05-09,2.8802,0.8697164724299878
2003-05-12,2.8757,0.865276455827637
2003-05-13,2.8653,0.8696408383337683
2003-05-14,2.8902,0.8697164724299878
2003-05-15,2.9306,0.8728288382648163
2003-05-16,2.9731,0.8664009703690869
2003-05-19,2.9815,0.8557247989046722
2003-05-20,3.0141,0.8557980316645271
2003-05-21,3.0109,0.8541898009737763
2003-05-22,2.9842,0.8547008547008548
2003-05-23,2.9445,0.8484642796538265
2003-05-26,2.9565,
2003-05-27,3.0257,0.843668269636379
2003-05-28,3.014,0.8516436722875149
2003-05-29,2.9488,0.8449514152936206
2003-05-30,2.9656,0.8499065102838687
2003-06-02,2.978,0.8514986376021798
2003-06-03,2.964,0.8545547769612033
2003-06-04,2.9112,0.8541168431841476
2003-06-05,2.8929,0.8424599831508003
2003-06-06,2.8491,0.8550662676357418
2003-06-09,2.8682,0.8515711487694798
2003-06-10,2.8603,0.8557247989046722
2003-06-11,2.8692,0.8500510030601837
2003-06-12,2.862,0.8498342823149485
2003-06-13,2.857,0.8453085376162299
2003-06-16,2.8508,0.8443806467955756
2003-06-17,2.8744,0.8465966813410091
2003-06-18,2.8902,0.8539709649871904
2003-06-19,,0.8563110121596164
2003-06-20,2.8933,0.8608815426997245
2003-06-23,2.8788,0.8659508139937652
2003-06-24,2.8616,0.8697164724299878
2003-06-25,2.8559,0.862663906142167
2003-06-26,2.894,0.8749671887304226
2003-06-27,2.8812,0.8754267705506433
2003-06-30,2.872,0.8694140149539211
2003-07-01,2.8443,0.8635578583765113
2003-07-02,2.8219,0.8677542519958347
2003-07-03,2.8332,0.8693384334521428
2003-07-04,2.8299,
2003-07-07,2.8676,0.8817564588660611
2003-07-08,2.8823,0.8877052818464269
2003-07-09,2.8671,0.8840951286358413
2003-07-10,2.8922,0.8779631255487269
2003-07-11,2.9029,0.8846426043878273
2003-07-14,2.8753,0.8851124092759781
2003-07-15,2.8554,0.8902341315766047
2003-07-16,2.8677,0.8921402444464269
2003-07-17,2.8563,0.8957362952346829
2003-07-18,2.8774,0.8897588753447816
2003-07-21,2.8828,0.8813678829543451
2003-07-22,2.8826,0.8830022075055187
2003-07-23,2.8878,0.8707767328456983
2003-07-24,2.8961,0.87404947120007
2003-07-25,2.8885,0.8685833405715279
2003-07-28,2.8965,0.8697921196833958
2003-07-29,2.9155,0.8721437292865863
2003-07-30,2.9473,0.8797395970792645
2003-07-31,2.9655,0.8903926631644555
2003-08-01,3.0006,0.8887308922858159
2003-08-04,3.074,0.8820675663755845
2003-08-05,3.0366,0.8811349017534584
2003-08-06,3.039,0.880514220304658
2003-08-07,3.0069,0.8779631255487269
2003-08-08,2.9892,0.8833141948591113
2003-08-11,2.9945,0.8811349017534584
2003-08-12,3.0237,0.8846426043878273
2003-08-13,3.0309,0.8836264027569144
2003-08-14,3.014,0.8889679082585119
2003-08-15,2.993,0.8884940026654821
2003-08-18,2.9848,0.8978272580355541
2003-08-19,2.9973,0.8995232526760818
2003-08-20,3.001,0.9005763688760806
2003-08-21,3.0032,0.9110787172011663
2003-08-22,2.9926,0.9198785760279643
2003-08-25,2.9895,0.9181050312155711
2003-08-26,2.9896,0.9180207472688884
2003-08-27,2.9734,0.9169264624977077
2003-08-28,2.9531,0.9177679882525699
2003-08-29,2.9665,0.9102494083378846
2003-09-01,2.984,
2003-09-02,2.9789,0.919793966151582
2003-09-03,2.9568,0.9220839096357768
2003-09-04,2.9418,0.9175153683824203
2003-09-05,2.9216,0.9030976248532466
2003-09-08,2.9155,0.8989572096368212
2003-09-09,2.9306,0.8936550491510277
2003-09-10,2.9125,0.8932559178204557
2003-09-11,2.8991,0.8939746111210441
2003-09-12,2.8959,0.8844078889183691
2003-09-15,2.8898,0.8846426043878273
2003-09-16,2.8967,0.8955758552749418
2003-09-17,2.9057,0.8897588753447816
2003-09-18,2.8975,0.889679715302491
2003-09-19,2.9065,0.8813678829543451
2003-09-22,2.9021,0.8719916288803627
2003-09-23,2.9145,0.8705493166187864
2003-09-24,2.9244,0.8716875871687587
2003-09-25,2.9306,0.8707767328456983
2003-09-26,2.9373,0.8709284096847238
2003-09-29,2.9374,0.8637070305752289
2003-09-30,2.9234,0.8583690987124464
2003-10-01,2.9034,0.8541168431841476
2003-10-02,2.8989,0.8534607834769993
2003-10-03,2.8875,0.8623663332183512
2003-10-06,2.8753,0.8542627712284298
2003-10-07,2.8701,0.8486082824168365
2003-10-08,2.8444,0.847098686997035
2003-10-09,2.8422,0.8550662676357418
2003-10-10,2.8401,0.8465966813410091
2003-10-13,2.8371,
2003-10-14,2.8425,0.8529512111907198
2003-10-15,2.8268,0.8582217645039478
2003-10-16,2.8409,0.8572653236176596
2003-10-17,2.8635,0.8598452278589853
2003-10-20,2.8839,0.8568246080027418
2003-10-21,2.8642,0.8564576909900651
2003-10-22,2.8602,0.847098686997035
2003-10-23,2.8698,0.8478168715557439
2003-10-24,2.8695,0.8450942280064228
2003-10-27,2.8728,0.8501955449753444
2003-10-28,2.8675,0.8555051758063136
2003-10-29,2.8537,0.8566778034781118
2003-10-30,2.844,0.8551393877201984
2003-10-31,2.8562,0.8614006374364717
2003-11-03,2.8559,0.8730574471800244
2003-11-04,2.8607,0.8697921196833958
2003-11-05,2.8596,0.8716116098666434
2003-11-06,2.8708,0.8758868354208637
2003-11-07,2.8699,0.8691873098652759
2003-11-10,2.8807,0.8684324793747287
2003-11-11,2.8955,
2003-11-12,2.9112,0.8585901948999742
2003-11-13,2.9196,0.853898044573478
2003-11-14,2.9418,0.8515711487694798
2003-11-17,2.9546,0.8514986376021798
2003-11-18,2.9421,0.8408307407718826
2003-11-19,2.9507,0.8397010664203544
2003-11-20,2.948,0.8406893652795292
2003-11-21,2.9301,0.8394191219675984
2003-11-24,2.927,0.849762066621346
2003-11-25,2.9246,0.848536274925753
2003-11-26,2.9361,0.8390669575432119
2003-11-27,2.9477,
2003-11-28,2.9494,0.8336807002917882
2003-12-01,2.9341,0.8364001338240215
2003-12-02,2.9273,0.8275405494869249
2003-12-03,2.9316,0.8269246671628214
2003-12-04,2.9403,0.8280202036929701
2003-12-05,2.9398,0.8225713580653121
2003-12-08,2.9422,0.8185315543914218
2003-12-09,2.935,0.8177283506419167
2003-12-10,2.9429,0.8186655751125665
2003-12-11,2.9434,0.8220979940808945
2003-12-12,2.942,0.8140670791273201
2003-12-15,2.9293,0.8136696501220504
2003-12-16,2.932,0.8111615833874108
2003-12-17,2.9381,0.80768920119538
2003-12-18,2.9341,0.8080155138978669
2003-12-19,2.9278,0.8077544426494346
2003-12-22,2.9239,0.8054772452678212
2003-12-23,2.9175,0.8060615831049492
2003-12-24,2.9082,0.8023106546854942
2003-12-25,,
2003-12-26,2.8994,0.8037939072421831
2003-12-29,2.8883,0.8009611533840609
2003-12-30,2.8892,0.7986582541330565
2003-12-31,2.8892,0.7938398031277288
2004-01-01,,
2004-01-02,2.8862,0.7941550190597204
2004-01-05,2.8627,0.7887057338906853
2004-01-06,2.8508,0.7829014327096218
2004-01-07,2.8723,0.7895775759968418
2004-01-08,2.8588,0.7829627309740057
2004-01-09,2.8422,0.7780284758422158
2004-01-12,2.8163,0.7811279487580065
2004-01-13,2.8022,0.7852375343541421
2004-01-14,2.8142,0.7857928650007858
2004-01-15,2.8126,0.7944073721004131
2004-01-16,2.8184,0.8067769261799113
2004-01-19,2.8419,
2004-01-20,2.8382,0.7946598855689765
2004-01-21,2.8417,0.792581437742728
2004-01-22,2.8417,0.7863489816780687
2004-01-23,2.8435,0.7930214115781127
2004-01-26,2.8431,0.7966857871255576
2004-01-27,2.8587,0.7909515146721506
2004-01-28,2.8785,0.7923930269413629
2004-01-29,2.9236,0.8071676487206394
2004-01-30,2.9409,0.8030838419530999
2004-02-02,2.9486,0.8047642040882022
2004-02-03,2.9326,0.7961149590000797
2004-02-04,2.9106,0.7966857871255576
2004-02-05,2.9335,0.7932730445819451
2004-02-06,2.95,0.7877737513786041
2004-02-09,2.9341,0.789141414141414
2004-02-10,2.9198,0.7857311228097745
2004-02-11,2.9253,0.7803355442840421
2004-02-12,2.9042,0.7808229874287499
2004-02-13,2.9085,0.7842522155125089
2004-02-16,2.9066,
2004-02-17,2.9125,0.7783312577833126
2004-02-18,2.9296,0.7805182641273807
2004-02-19,2.9509,0.7883326763894364
2004-02-20,2.9878,0.7959882193743533
2004-02-23,,0.7956082425013924
2004-02-24,,0.7878978884336589
2004-02-25,2.9403,0.7998080460689435
2004-02-26,2.9369,0.8036001285760206
2004-02-27,2.9138,0.8037939072421831
2004-03-01,2.8945,0.8044405116241653
2004-03-02,2.9086,0.8188666885031116
2004-03-03,2.8812,0.8272667107875579
2004-03-04,2.8878,0.8179959100204499
2004-03-05,2.879,0.8063865817272801
2004-03-08,2.8752,0.8083420903726456
2004-03-09,2.8758,0.804634695848085
2004-03-10,2.8891,0.8179290037624735
2004-03-11,2.9132,0.8151287903488752
2004-03-12,2.9063,0.8202772537117545
2004-03-15,2.9013,0.8167932696234583
2004-03-16,2.9001,0.8149959250203749
2004-03-17,2.907,0.8198737394441256
2004-03-18,2.9135,0.8069722401549386
2004-03-19,2.9,0.8150623522699486
2004-03-22,2.9107,0.8085381630012938
2004-03-23,2.9144,0.8122816992933148
2004-03-24,2.9264,0.8187996397281585
2004-03-25,2.9337,0.8216926869350862
2004-03-26,2.941,0.8269930532583526
2004-03-29,2.9365,0.8236553825879253
2004-03-30,2.9216,0.8195377806916899
2004-03-31,2.9086,0.8135372600065083
2004-04-01,2.8904,0.8091924259588931
2004-04-02,2.893,0.8258320257659592
2004-04-05,2.8851,0.832778147901399
2004-04-06,2.8743,0.8271982794275787
2004-04-07,2.8773,0.8216251745953496
2004-04-08,2.8802,0.8272667107875579
2004-04-09,,0.8263097008758883
2004-04-12,2.8855,0.8286377195889957
2004-04-13,2.8851,0.8387150884844419
2004-04-14,2.8956,0.8375209380234506
2004-04-15,2.9064,0.8393486654356219
2004-04-16,2.9153,0.8316008316008316
2004-04-19,2.9101,0.8320159747067144
2004-04-20,2.9186,0.8396305625524769
2004-04-21,,0.843668269636379
2004-04-22,2.9305,0.8430992327796982
2004-04-23,2.9173,0.8473140145738011
2004-04-26,2.9085,0.8438106488903889
2004-04-27,2.9161,0.8384338056510438
2004-04-28,2.9335,0.8453085376162299
2004-04-29,2.9522,0.8371703641691085
2004-04-30,2.9447,0.8350730688935282
2004-05-03,2.9569,0.8377314233056882
2004-05-04,2.9696,0.8280887711162637
2004-05-05,2.9616,0.8220304151253597
2004-05-06,2.9899,0.8271298593879238
2004-05-07,3.0504,0.8413967185527977
2004-05-10,3.1249,0.8450228156160217
2004-05-11,3.1051,0.8461668641056016
2004-05-12,3.1211,0.8395600705230459
2004-05-13,3.1279,0.8473858147614609
2004-05-14,3.0982,0.8421761832575375
2004-05-17,3.122,0.8327088017320342
2004-05-18,3.1169,0.8353521009105338
2004-05-19,3.1059,0.8322929671244278
2004-05-20,3.1813,0.8385041086701324
2004-05-21,3.2051,0.8327088017320342
2004-05-24,3.1798,0.8348639171814994
2004-05-25,3.1576,0.8259684480052861
2004-05-26,3.157,0.8263097008758883
2004-05-27,3.1524,0.814730324262669
2004-05-28,3.0961,0.8185315543914218
2004-05-31,3.1291,
2004-06-01,3.1567,0.8190008190008189
2004-06-02,3.1302,0.8163265306122448
2004-06-03,3.1443,0.8193363375665711
2004-06-04,3.1335,0.8157937673356176
2004-06-07,3.1119,0.8116883116883117
2004-06-08,3.1155,0.8147967082212988
2004-06-09,3.1166,0.8266512358435976
2004-06-10,,0.8257638315441783
2004-06-11,3.1402,0.8325701440346349
2004-06-14,3.1651,0.8282945415389712
2004-06-15,3.138,0.8237910865804432
2004-06-16,3.1405,0.8329168748958855
2004-06-17,3.128,0.8305647840531561
2004-06-18,3.1388,0.825218682950982
2004-06-21,3.1298,0.8257638315441783
2004-06-22,3.1341,0.8269930532583526
2004-06-23,3.1258,0.8271298593879238
2004-06-24,3.103,0.8216926869350862
2004-06-25,3.1096,0.8233841086867024
2004-06-28,3.1247,0.8201427048306404
2004-06-29,3.1183,0.8248102936324646
2004-06-30,3.1075,0.8210854749979473
2004-07-01,3.0747,0.8225037012666557
2004-07-02,3.0502,0.8125457056959454
2004-07-05,3.0316,
2004-07-06,3.0418,0.8136696501220504
2004-07-07,3.0367,0.8074935400516796
2004-07-08,3.0475,0.8071025020177562
2004-07-09,3.0429,0.8072328059412335
2004-07-12,3.0371,0.8058667096462245
2004-07-13,3.042,0.8128759551292473
2004-07-14,3.0284,0.8074283407347599
2004-07-15,3.0215,0.8082114281095935
2004-07-16,3.0021,0.804052424218059
2004-07-19,2.9939,0.8044405116241653
2004-07-20,3.0041,0.8079502302658156
2004-07-21,3.0247,0.8180628272251309
2004-07-22,3.0392,0.8147967082212988
2004-07-23,3.0465,0.8249463784853985
2004-07-26,3.0573,0.8240626287597858
2004-07-27,3.067,0.8294625082946251
2004-07-28,3.0557,0.8301510874979247
2004-07-29,3.0374,0.828500414250207
2004-07-30,3.0268,0.8311170212765957
2004-08-02,3.0466,0.8309788931361143
2004-08-03,3.055,0.8298066550493735
2004-08-04,3.0579,0.829393713195654
2004-08-05,3.0637,0.8298755186721991
2004-08-06,3.0489,0.8148631029986961
2004-08-09,3.0396,0.8155941603458119
2004-08-10,3.0285,0.8126117341134407
2004-08-11,3.0392,0.8181966944853543
2004-08-12,3.0307,0.8180628272251309
2004-08-13,3.0235,0.8094544277157195
2004-08-16,3.0146,0.8108327252087894
2004-08-17,2.9989,0.8110957904128477
2004-08-18,2.9922,0.8130742336775347
2004-08-19,2.9793,0.8085381630012938
2004-08-20,2.9742,0.8114248620577735
2004-08-23,2.9687,0.819940964250574
2004-08-24,2.9576,0.8265145879824779
2004-08-25,2.9512,0.8271298593879238
2004-08-26,2.9541,0.8275405494869249
2004-08-27,2.9571,0.8316008316008316
2004-08-30,2.9488,0.8299443937256203
2004-08-31,2.9338,0.8208158909956497
2004-09-01,2.9298,0.8210854749979473
2004-09-02,2.9361,0.8220979940808945
2004-09-03,2.9289,0.829737802854298
2004-09-06,2.9142,
2004-09-07,,0.8269246671628214
2004-09-08,2.9014,0.8220979940808945
2004-09-09,2.9028,0.820411846747067
2004-09-10,2.8988,0.8141996417521576
2004-09-13,2.906,0.8162598971512529
2004-09-14,2.9125,0.8151287903488752
2004-09-15,2.9042,0.8234519104084322
2004-09-16,2.8892,0.8227743952608194
2004-09-17,2.8744,0.8214227041235419
2004-09-20,2.8676,0.821557673348669
2004-09-21,2.8737,0.8153946510110894
2004-09-22,2.8677,0.8155941603458119
2004-09-23,2.8725,0.813140348024069
2004-09-24,2.8735,0.8159268929503917
2004-09-27,2.8728,0.8125457056959454
2004-09-28,2.8692,0.8126117341134407
2004-09-29,2.8602,0.8124796880077999
2004-09-30,2.8586,0.8053475074494644
2004-10-01,2.8513,0.8064516129032259
2004-10-04,2.8265,0.814730324262669
2004-10-05,2.8241,0.8119519324455992
2004-10-06,2.8362,0.813140348024069
2004-10-07,2.8518,0.8139345596614033
2004-10-08,2.8251,0.8052826542116283
2004-10-11,2.8318,
2004-10-12,,0.8116883116883117
2004-10-13,2.8374,0.8149295085975062
2004-10-14,2.8631,0.8069071249899136
2004-10-15,2.8623,0.8014104824491104
2004-10-18,2.8547,0.7987220447284346
2004-10-19,2.8706,0.7990411506192568
2004-10-20,2.8847,0.7919537499010059
2004-10-21,2.8535,0.7922674694977024
2004-10-22,2.8489,0.7912018355882585
2004-10-25,2.8817,0.7822889775483064
2004-10-26,2.8729,0.7838219156607619
2004-10-27,2.8585,0.7858546168958743
2004-10-28,2.8655,0.7837604827964574
2004-10-29,2.8565,0.7845598619174643
2004-11-01,2.859,0.7848677497841614
2004-11-02,,0.7872156183578682
2004-11-03,2.8304,0.7820442637053258
2004-11-04,2.8211,0.7762167197081425
2004-11-05,2.8186,0.7729169887154119
2004-11-08,2.8299,0.7730364873222015
2004-11-09,2.8287,0.7733952049497294
2004-11-10,2.8209,0.7736943907156674
2004-11-11,2.82,
2004-11-12,2.7991,0.7708317274339013
2004-11-15,,0.7725587144622992
2004-11-16,2.7856,0.7704753833115031
2004-11-17,2.7674,0.7674008134448623
2004-11-18,2.7603,0.7702973347712216
2004-11-19,2.7637,0.7657554177195803
2004-11-22,2.7678,0.7664009809932557
2004-11-23,2.7446,0.7639419404125287
2004-11-24,2.7485,0.759762953958365
2004-11-25,2.7511,
2004-11-26,2.7332,0.7525586995785671
2004-11-29,2.7402,0.7526719855486979
2004-11-30,2.7307,0.7542046911531789
2004-12-01,2.7145,0.7514277126540427
2004-12-02,2.7239,0.753693096171239
2004-12-03,2.7095,0.7468259895444361
2004-12-06,2.7186,0.7445461990916536
2004-12-07,2.7322,0.744213738185607
2004-12-08,2.7664,0.7546030787805614
2004-12-09,2.7744,0.7533524182612626
2004-12-10,2.7867,0.7562008469449486
2004-12-13,2.7697,0.751371252535878
2004-12-14,2.758,0.753012048192771
2004-12-15,2.7508,0.7446570854121677
2004-12-16,2.7293,0.7526153383005946
2004-12-17,2.7247,0.7521624670928921
2004-12-20,2.6927,0.7464914899970141
2004-12-21,2.6892,0.7475517679599313
2004-12-22,2.699,0.7468259895444361
2004-12-23,2.7067,0.7412348973389667
2004-12-24,2.6912,0.7387706855791962
2004-12-27,2.6983,0.7339449541284403
2004-12-28,2.6895,0.7341604874825637
2004-12-29,2.6836,0.7370283018867925
2004-12-30,2.6544,0.7340527049842178
2004-12-31,2.6544,0.7386615452799528
2005-01-03,2.6682,0.7420599584446423
2005-01-04,2.6887,0.7521624670928921
2005-01-05,2.7096,0.7523322299127295
2005-01-06,2.7207,0.758322590429969
2005-01-07,2.7032,0.7655795437145919
2005-01-10,2.6973,0.7628346937218705
2005-01-11,2.7106,0.7598206823189727
2005-01-12,2.7113,0.7529553497477599
2005-01-13,2.7011,0.7571742257893541
2005-01-14,2.7074,0.7630093087135663
2005-01-17,2.7007,
2005-01-18,2.7139,0.7666947788085563
2005-01-19,2.7185,0.7671064743786437
2005-01-20,2.7222,0.7716644802839725
2005-01-21,2.6999,0.766342248448157
2005-01-24,2.678,0.7668123610152595
2005-01-25,2.6794,0.771962328238382
2005-01-26,2.6748,0.7644675483525724
2005-01-27,2.6645,0.7673419275629221
2005-01-28,2.6587,0.7672830507174098
2005-01-31,2.6248,0.766342248448157
2005-02-01,2.613,0.7682261657832066
2005-02-02,2.624,0.768344218209758
2005-02-03,2.6034,0.7716644802839725
2005-02-04,2.603,0.7735746886361878
2005-02-07,,0.7829014327096218
2005-02-08,,0.7822889775483064
2005-02-09,2.6078,0.7814331483941549
2005-02-10,2.6122,0.7762769756249029
2005-02-11,2.6173,0.777363184079602
2005-02-14,2.5834,0.77035667514059
2005-02-15,2.5762,0.7700600646850454
2005-02-16,2.5926,0.7695859627520394
2005-02-17,2.5737,0.7643506840938622
2005-02-18,2.5621,0.7648183556405354
2005-02-21,2.5762,
2005-02-22,2.5937,0.7558578987150416
2005-02-23,2.5857,0.7571168988491823
2005-02-24,2.6098,0.7572889057175313
2005-02-25,2.632,0.7578628268283442
2005-02-28,2.595,0.7533524182612626
2005-03-01,2.6011,0.7582075972401243
2005-03-02,2.6368,0.7617886798202179
2005-03-03,2.6698,0.7616146230007617
2005-03-04,2.6615,0.7550588945937783
2005-03-07,2.6624,0.7574036203893054
2005-03-08,2.6934,0.749512816669165
2005-03-09,2.7113,0.7471607890017932
2005-03-10,2.7319,0.7457677679170707
2005-03-11,2.7021,0.7426661715558857
2005-03-14,2.7523,0.749288176232579
2005-03-15,2.7621,0.7510326699211416
2005-03-16,2.757,0.7449899426357743
2005-03-17,2.7522,0.747775368279369
2005-03-18,2.7163,0.75125835774923
2005-03-21,2.7288,0.759589821496392
2005-03-22,2.706,0.757002271006813
2005-03-23,2.7403,0.7689350249903883
2005-03-24,2.7303,0.7717835918808366
2005-03-25,,0.771962328238382
2005-03-28,2.7385,0.7765783955890346
2005-03-29,2.7031,0.7744133818632387
2005-03-30,2.6808,0.7725587144622992
2005-03-31,2.6662,0.7710694733595498
2005-04-01,2.655,0.7754342431761786
2005-04-04,2.6598,0.7789375292101574
2005-04-05,2.6255,0.778694907335306
2005-04-06,2.6067,0.777121541809139
2005-04-07,2.6019,0.7748334108166745
2005-04-08,2.5942,0.7744733581164809
2005-04-11,2.5783,0.7708911501695961
2005-04-12,2.5899,0.7768197001475957
2005-04-13,2.5598,0.7741136398823347
2005-04-14,2.5747,0.7800920508620017
2005-04-15,2.5971,0.7735148514851485
2005-04-18,2.6157,0.7670476336580501
2005-04-19,2.5825,0.7672241829062453
2005-04-20,2.5645,0.764525993883792
2005-04-21,,0.7637668983426259
2005-04-22,2.5392,0.7652280379553107
2005-04-25,2.5308,0.7701786814540974
2005-04-26,2.5355,0.771366862079605
2005-04-27,2.5195,0.7729169887154119
2005-04-28,2.5217,0.774233508826262
2005-04-29,2.5313,0.7740537193281214
2005-05-02,2.5146,0.7777864198491093
2005-05-03,2.5007,0.7758553805570642
2005-05-04,2.4765,0.7730364873222015
2005-05-05,2.4687,0.7730364873222015
2005-05-06,2.4594,0.7793017456359103
2005-05-09,2.4538,0.7788768595685022
2005-05-10,2.465,0.7765783955890346
2005-05-11,2.4719,0.7810669374365383
2005-05-12,2.4648,0.7870297497245397
2005-05-13,2.4715,0.7908264136022144
2005-05-16,2.4772,0.7917656373713381
2005-05-17,2.4779,0.7908889591901297
2005-05-18,2.4636,0.7898894154818326
2005-05-19,2.4458,0.7918910357934749
2005-05-20,2.4493,0.7966223213574444
2005-05-23,2.4299,0.7952286282306162
2005-05-24,2.4313,0.7944073721004131
2005-05-25,2.4116,0.7935248373274083
2005-05-26,,0.7989134776703682
2005-05-27,2.3934,0.795671546785487
2005-05-30,2.3784,
2005-05-31,2.4038,0.8097821685966474
2005-06-01,2.4286,0.8175277959450621
2005-06-02,2.4202,0.8152616990053808
2005-06-03,2.4029,0.8178621084485157
2005-06-06,2.4576,0.8151287903488752
2005-06-07,2.4632,0.8145312372729494
2005-06-08,2.4464,0.8116883116883117
2005-06-09,2.4891,0.8185985592665357
2005-06-10,2.4751,0.824606250515379
2005-06-13,2.4562,0.8309098462816784
2005-06-14,2.4375,0.830702774547267
2005-06-15,2.4455,0.8260366760284157
2005-06-16,2.4161,0.8271982794275787
2005-06-17,2.3873,0.8169934640522876
2005-06-20,2.3855,0.8237232289950577
2005-06-21,2.3772,0.8241305422778968
2005-06-22,2.3703,0.8244023083264632
2005-06-23,2.3932,0.8296001327360212
2005-06-24,2.3877,0.8272667107875579
2005-06-27,2.383,0.8229098090849243
2005-06-28,2.3694,0.8279516476237788
2005-06-29,2.3549,0.8263779852904719
2005-06-30,2.3504,0.8265829062654985
2005-07-01,2.3459,0.8363301831563101
2005-07-04,2.3715,
2005-07-05,2.3668,0.8391373667869431
2005-07-06,2.3901,0.8390669575432119
2005-07-07,2.389,0.8383635144198524
2005-07-08,2.3683,0.8379420144126026
2005-07-11,2.3502,0.8287750704458811
2005-07-12,2.3353,0.819672131147541
2005-07-13,2.3482,0.8271298593879238
2005-07-14,2.3433,0.8271982794275787
2005-07-15,2.3427,0.8307717869901138
2005-07-18,2.3304,0.8280202036929701
2005-07-19,2.3434,0.8332638946754437
2005-07-20,2.3522,0.8301510874979247
2005-07-21,2.3405,0.825559316436886
2005-07-22,2.3761,0.8278831029058697
2005-07-25,2.4287,0.8296001327360212
2005-07-26,2.4656,0.8328475056217206
2005-07-27,2.4439,0.8300132802124833
2005-07-28,2.4211,0.8250144377526607
2005-07-29,2.3905,0.8244702778464835
2005-08-01,2.3785,0.8200082000820008
2005-08-02,2.353,0.8190679007289704
2005-08-03,2.3151,0.8105698305909054
2005-08-04,2.3054,0.8075587498990552
2005-08-05,2.2986,0.8112273870365864
2005-08-08,2.31,0.808996035919424
2005-08-09,2.3151,0.8099133392726979
2005-08-10,2.2767,0.8100445524503849
2005-08-11,2.3169,0.804246421103426
2005-08-12,2.3758,0.804634695848085
2005-08-15,2.3422,0.8089305937550558
2005-08-16,2.3442,0.8102414519526819
2005-08-17,2.3492,0.8136696501220504
2005-08-18,2.3637,0.8211528986697323
2005-08-19,2.4316,0.8232485387338438
2005-08-22,2.4028,0.8173273395995095
2005-08-23,2.4097,0.8187996397281585
2005-08-24,2.4235,0.8170602173380178
2005-08-25,2.4203,0.8122816992933148
2005-08-26,2.4129,0.8114248620577735
2005-08-29,2.3995,0.8164598301763553
2005-08-30,2.3861,0.8194034742707309
2005-08-31,2.3637,0.8110300081103
2005-09-01,2.3623,0.8034064433196755
2005-09-02,2.3429,0.7975753708725475
2005-09-05,2.3295,
2005-09-06,2.3262,0.8010894816951054
2005-09-07,,0.8039231449473431
2005-09-08,2.3198,0.8064516129032259
2005-09-09,2.3175,0.804311107536395
2005-09-12,2.3197,0.8138020833333334
2005-09-13,2.3269,0.8154611432765229
2005-09-14,2.33,0.8141996417521576
2005-09-15,2.3012,0.8185985592665357
2005-09-16,2.2937,0.8187326019322089
2005-09-19,2.2905,0.8228420966016621
2005-09-20,2.2948,0.8212203334154554
2005-09-21,2.2827,0.81913499344692
2005-09-22,2.2752,0.8228420966016621
2005-09-23,2.2682,0.8280202036929701
2005-09-26,2.2583,0.8308408109006314
2005-09-27,2.2533,0.8325701440346349
2005-09-28,2.2433,0.8322237017310253
2005-09-29,2.2244,0.831946755407654
2005-09-30,2.2222,0.829324929507381
2005-10-03,2.2339,0.8393486654356219
2005-10-04,2.2424,0.8390669575432119
2005-10-05,2.2685,0.8344459279038718
2005-10-06,2.2886,0.8241984669908514
2005-10-07,2.263,0.8254230293025175
2005-10-10,2.2384,
2005-10-11,2.2351,0.8322929671244278
2005-10-12,,0.8305647840531561
2005-10-13,2.2627,0.8376612497905848
2005-10-14,2.2511,0.8282945415389712
2005-10-17,2.2352,0.8305647840531561
2005-10-18,2.2405,0.8375910880308234
2005-10-19,2.2535,0.8341675008341675
2005-10-20,2.2443,0.8345852111500585
2005-10-21,2.2546,0.8362602441879913
2005-10-24,2.2623,0.833472245374229
2005-10-25,2.2618,0.8265145879824779
2005-10-26,2.2746,0.8276775368316505
2005-10-27,2.2851,0.8231807704972011
2005-10-28,2.2791,0.8271982794275787
2005-10-31,2.2543,0.8336807002917882
2005-11-01,2.2516,0.833472245374229
2005-11-02,,0.8287063893262616
2005-11-03,2.2336,0.8353521009105338
2005-11-04,2.2231,0.8454514710855596
2005-11-07,2.2013,0.8478168715557439
2005-11-08,2.2032,0.8494011721736175
2005-11-09,2.1717,0.8512087163772557
2005-11-10,2.1757,0.8517887563884157
2005-11-11,2.1633,
2005-11-14,2.199,0.8571183680466272
2005-11-15,,0.8550662676357418
2005-11-16,2.1974,0.8567511994516792
2005-11-17,2.1866,0.8542627712284298
2005-11-18,2.2187,0.8517162081594414
2005-11-21,2.2181,0.8522243054371911
2005-11-22,2.2511,0.8520064752492119
2005-11-23,2.238,0.8475294516484448
2005-11-24,2.237,
2005-11-25,2.2329,0.8529512111907198
2005-11-28,2.2094,0.8471704506946799
2005-11-29,2.198,0.8484642796538265
2005-11-30,2.207,0.8481764206955046
2005-12-01,2.2177,0.8545547769612033
2005-12-02,2.2061,0.8547739123001966
2005-12-05,2.1968,0.8483922965979468
2005-12-06,2.1807,0.8486082824168365
2005-12-07,2.18,0.8530967411704488
2005-12-08,2.2127,0.8453085376162299
2005-12-09,2.2446,0.8457374830852504
2005-12-12,2.2634,0.8354916868577157
2005-12-13,2.2565,0.8385041086701324
2005-12-14,2.2779,0.8304958059961798
2005-12-15,2.2957,0.8357709987463435
2005-12-16,2.3356,0.8325008325008325
2005-12-19,2.3735,0.8336112037345782
2005-12-20,2.3497,0.8440243079000674
2005-12-21,2.3168,0.8463100880162492
2005-12-22,2.3254,0.8415383320710259
2005-12-23,2.3327,0.8433836552247618
2005-12-26,2.3325,
2005-12-27,2.3526,0.8434547908232118
2005-12-28,2.3483,0.8421052631578947
2005-12-29,2.3407,0.8441668073611345
2005-12-30,2.3407,0.8444519506840061
2006-01-02,2.337,
2006-01-03,2.346,0.8347245409015025
2006-01-04,2.3066,0.8270614506657844
2006-01-05,2.2825,0.8263779852904719
2006-01-06,2.287,0.8231807704972011
2006-01-09,2.2632,0.8289124668435014
2006-01-10,2.2638,0.8289811821271658
2006-01-11,2.2679,0.8240626287597858
2006-01-12,2.2729,0.8309098462816784
2006-01-13,2.2747,0.8262414277451872
2006-01-16,2.2762,
2006-01-17,2.2924,0.8282945415389712
2006-01-18,2.3276,0.8276090374906895
2006-01-19,2.3225,0.8257638315441783
2006-01-20,2.2756,0.8263779852904719
2006-01-23,2.2609,0.8145975887911372
2006-01-24,2.244,0.813868316106454
2006-01-25,2.2433,0.8161932745674175
2006-01-26,2.2382,0.8177283506419167
2006-01-27,2.2152,0.8244023083264632
2006-01-30,2.2116,0.8270614506657844
2006-01-31,2.216,0.8225037012666557
2006-02-01,2.2217,0.8269930532583526
2006-02-02,2.221,0.8264462809917356
2006-02-03,2.2202,0.8318775476249897
2006-02-06,2.1877,0.8353521009105338
2006-02-07,2.1866,0.8351428094204109
2006-02-08,2.1956,0.8378718056137411
2006-02-09,2.1778,0.8359107247345984
2006-02-10,2.1575,0.8389261744966443
2006-02-13,2.1621,0.8399832003359934
2006-02-14,2.1435,0.8406893652795292
2006-02-15,2.1375,0.841467519353753
2006-02-16,2.1177,0.841609156707625
2006-02-17,2.1186,0.8399126490844951
2006-02-20,2.1182,
2006-02-21,2.1297,0.8394895903290799
2006-02-22,2.1484,0.8399832003359934
2006-02-23,2.1353,0.8387150884844419
2006-02-24,2.1355,0.841609156707625
2006-02-27,,0.8431703204047218
2006-02-28,,0.8385744234800839
2006-03-01,2.1181,0.8404067568703253
2006-03-02,2.1134,0.8331250520703158
2006-03-03,2.1155,0.8313934153641502
2006-03-06,2.1261,0.8331944675887353
2006-03-07,2.1682,0.8411843876177657
2006-03-08,2.1778,0.8393486654356219
2006-03-09,2.1615,0.8389261744966443
2006-03-10,2.1447,0.8413259296651522
2006-03-13,2.1349,0.8373806732540613
2006-03-14,2.1269,0.8316008316008316
2006-03-15,2.1215,0.8302200083022001
2006-03-16,2.1067,0.8229775327133568
2006-03-17,2.1188,0.8198737394441256
2006-03-20,2.1386,0.8218277449046679
2006-03-21,2.1591,0.8278831029058697
2006-03-22,2.1553,0.8267879288962381
2006-03-23,2.1506,0.8344459279038718
2006-03-24,2.1628,0.8309788931361143
2006-03-27,2.1804,0.8322929671244278
2006-03-28,2.2238,0.8279516476237788
2006-03-29,2.2228,0.8312551953449708
2006-03-30,2.1952,0.8242664029014177
2006-03-31,2.1724,0.8237910865804432
2006-04-03,2.1542,0.8248102936324646
2006-04-04,2.1293,0.8157937673356176
2006-04-05,2.1344,0.8148631029986961
2006-04-06,2.1299,0.8185985592665357
2006-04-07,2.1409,0.8258320257659592
2006-04-10,2.1522,0.8270614506657844
2006-04-11,2.142,0.8247422680412372
2006-04-12,2.1336,0.8259684480052861
2006-04-13,2.1426,0.8259684480052861
2006-04-14,,0.8260366760284157
2006-04-17,2.1343,0.8151952392598028
2006-04-18,2.1292,0.814730324262669
2006-04-19,2.1143,0.8100445524503849
2006-04-20,2.1236,0.8112932013629727
2006-04-21,,0.8103727714748784
2006-04-24,2.1182,0.8082114281095935
2006-04-25,2.1233,0.8056719303899451
2006-04-26,2.1224,0.8023106546854942
2006-04-27,2.1136,0.7984031936127745
2006-04-28,2.0892,0.7921419518377694
2006-05-01,,0.7932101213611487
2006-05-02,2.0718,0.7908889591901297
2006-05-03,2.0706,0.7912018355882585
2006-05-04,2.0667,0.7883948281299274
2006-05-05,2.0587,0.7853608733212911
2006-05-08,2.0651,0.7861635220125786
2006-05-09,2.0642,0.7844983133286264
2006-05-10,2.0586,0.7813110399249941
2006-05-11,2.0881,0.777907429015947
2006-05-12,2.1307,0.7759155803848542
2006-05-15,2.1774,0.779666302822392
2006-05-16,2.1403,0.7802137785753296
2006-05-17,2.1826,0.7860399308284861
2006-05-18,2.1833,0.7815552950371238
2006-05-19,2.193,0.7843137254901962
2006-05-22,2.2883,0.7782101167315175
2006-05-23,2.2601,0.7785736530675802
2006-05-24,2.3711,0.7844983133286264
2006-05-25,2.315,0.7826563356030367
2006-05-26,2.252,0.784990972603815
2006-05-29,2.2566,
2006-05-30,2.3235,0.777121541809139
2006-05-31,2.3005,0.7792410192472531
2006-06-01,2.2713,0.7797878976918279
2006-06-02,2.2595,0.7744733581164809
2006-06-05,2.2557,0.7720219254226821
2006-06-06,2.2686,0.7795447458684129
2006-06-07,2.25,0.7813110399249941
2006-06-08,2.2701,0.7906388361796332
2006-06-09,2.2615,0.7913896802785692
2006-06-12,2.2707,0.7944704854214666
2006-06-13,2.3018,0.7952918721170669
2006-06-14,2.2845,0.791702953052015
2006-06-15,,0.7926442612555484
2006-06-16,2.2521,0.7922047056959518
2006-06-19,2.2404,0.7951021706289257
2006-06-20,2.2506,0.795671546785487
2006-06-21,2.2378,0.7895775759968418
2006-06-22,2.2391,0.7947862025115244
2006-06-23,2.2462,0.7985944737262418
2006-06-26,2.2259,0.7965588657001752
2006-06-27,2.2315,0.7943442688061007
2006-06-28,2.2262,0.7979572294924991
2006-06-29,2.2063,0.7978299026647518
2006-06-30,2.1643,0.7825338445887784
2006-07-03,2.1701,0.7816774798718048
2006-07-04,2.1646,
2006-07-05,2.1955,0.7857928650007858
2006-07-06,2.184,0.7838833581563063
2006-07-07,2.1765,0.7799095304944627
2006-07-10,2.175,0.7842522155125089
2006-07-11,2.1859,0.7840677434530343
2006-07-12,2.1915,0.7870297497245397
2006-07-13,2.2106,0.7890791446382072
2006-07-14,2.213,0.7910766553279013
2006-07-17,2.2126,0.7981482959533882
2006-07-18,2.1962,0.8
2006-07-19,2.181,0.7961783439490446
2006-07-20,2.1895,0.7912018355882585
2006-07-21,2.1935,0.7883948281299274
2006-07-24,2.1916,0.7917656373713381
2006-07-25,2.1993,0.7951653944020356
2006-07-26,2.1984,0.7918910357934749
2006-07-27,2.1899,0.7854225573358466
2006-07-28,2.18,0.7844367743959837
2006-07-31,2.1762,0.7834534628643058
2006-08-01,2.1905,0.7825950853028643
2006-08-02,2.1821,0.781372089388967
2006-08-03,2.1835,0.7825338445887784
2006-08-04,2.172,0.7755545214828602
2006-08-07,2.1793,0.7771819382917541
2006-08-08,2.1839,0.7788768595685022
2006-08-09,2.1687,0.7759155803848542
2006-08-10,2.1628,0.7833920877399139
2006-08-11,2.1616,0.7838833581563063
2006-08-14,2.1605,0.7852375343541421
2006-08-15,2.148,0.781983109164842
2006-08-16,2.1329,0.777363184079602
2006-08-17,2.1365,0.7770007770007771
2006-08-18,2.1456,0.7806401249024201
2006-08-21,2.1361,0.7743534148985597
2006-08-22,2.1355,0.7810059356451109
2006-08-23,2.1354,0.7816163826793809
2006-08-24,2.1523,0.7836990595611285
2006-08-25,2.1571,0.7832693663350827
2006-08-28,2.1473,0.7822277847309137
2006-08-29,2.1419,0.7832080200501254
2006-08-30,2.133,0.7797270955165693
2006-08-31,2.1388,0.7816774798718048
2006-09-01,2.1468,0.7792410192472531
2006-09-04,2.1282,
2006-09-05,2.1288,0.7806401249024201
2006-09-06,2.1443,0.7820442637053258
2006-09-07,,0.7838833581563063
2006-09-08,2.1582,0.7890791446382072
2006-09-11,2.1751,0.7874635798094338
2006-09-12,2.1732,0.7878358150161505
2006-09-13,2.17,0.7869058860560277
2006-09-14,2.1593,0.7851758793969849
2006-09-15,2.154,0.7906388361796332
2006-09-18,2.1453,0.7892036934732856
2006-09-19,2.1518,0.7884569896712135
2006-09-20,2.169,0.7873395795606645
2006-09-21,2.1969,0.7855459544383347
2006-09-22,2.2177,0.7814942169427945
2006-09-25,2.2188,0.7844983133286264
2006-09-26,2.198,0.7882084023015685
2006-09-27,2.186,0.7874635798094338
2006-09-28,2.1793,0.7875876191226273
2006-09-29,2.1742,0.7882084023015685
2006-10-02,2.1623,0.7846829880728186
2006-10-03,2.1655,0.7857311228097745
2006-10-04,2.1676,0.7882084023015685
2006-10-05,2.1629,0.7882084023015685
2006-10-06,2.1636,0.7936507936507936
2006-10-09,2.1588,
2006-10-10,2.1497,0.7973845785822502
2006-10-11,2.1546,0.7970032677133977
2006-10-12,,0.7976389885937625
2006-10-13,2.1419,0.7998720204767238
2006-10-16,2.1331,0.7988496564946477
2006-10-17,2.1361,0.795924864692773
2006-10-18,2.1339,0.7989773090444231
2006-10-19,2.1387,0.7940289026520565
2006-10-20,2.1457,0.792832791564259
2006-10-23,2.1391,0.7971938775510204
2006-10-24,2.1467,0.7958615200955034
2006-10-25,2.151,0.7942180922881422
2006-10-26,2.1363,0.7893282816323309
2006-10-27,2.1378,0.7858546168958743
2006-10-30,2.1456,0.7863489816780687
2006-10-31,2.143,0.7829014327096218
2006-11-01,2.141,0.7830240388379924
2006-11-02,,0.7824726134585289
2006-11-03,2.142,0.7870916961826053
2006-11-06,2.1378,0.7864726700747149
2006-11-07,2.1353,0.7808839606434484
2006-11-08,2.1464,0.7827788649706457
2006-11-09,2.1412,0.7791195948578106
2006-11-10,2.1489,0.7775445144234507
2006-11-13,2.162,0.7806401249024201
2006-11-14,2.1537,0.7805182641273807
2006-11-15,,0.7807620237351656
2006-11-16,2.1517,0.7807620237351656
2006-11-17,2.1593,0.7798487093503861
2006-11-20,2.1622,0.7806401249024201
2006-11-21,2.1638,0.7797878976918279
2006-11-22,2.1623,0.7735148514851485
2006-11-23,2.1683,
2006-11-24,2.17,0.7644675483525724
2006-11-27,2.18,0.7621951219512195
2006-11-28,2.187,0.759762953958365
2006-11-29,2.1783,0.7606876616461281
2006-11-30,2.1668,0.7540909433677702
2006-12-01,2.1672,0.7509762691498949
2006-12-04,2.1693,0.7503564192991671
2006-12-05,2.156,0.7503564192991671
2006-12-06,2.1528,0.7514841812579846
2006-12-07,2.1428,0.7521058965102287
2006-12-08,2.1442,0.7567158531971245
2006-12-11,2.1384,0.7562580352416244
2006-12-12,2.1481,0.7556865412227008
2006-12-13,2.1459,0.7567158531971245
2006-12-14,2.146,0.7590708972218005
2006-12-15,2.147,0.7636502481863306
2006-12-18,2.147,0.7649353629618297
2006-12-19,2.1572,0.757920266787934
2006-12-20,2.156,0.758552681483729
2006-12-21,2.1593,0.7590132827324478
2006-12-22,2.1518,0.7615566217348261
2006-12-25,,
2006-12-26,2.1437,0.7614986293024673
2006-12-27,2.1497,0.7619047619047619
2006-12-28,2.138,0.7599939200486395
2006-12-29,2.138,0.7577479730241721
2007-01-01,,
2007-01-02,2.1342,0.7526719855486979
2007-01-03,2.1372,0.7593591009188245
2007-01-04,2.1429,0.7637085688101422
2007-01-05,2.1474,0.7689350249903883
2007-01-08,2.1505,0.7678722260615833
2007-01-09,2.1506,0.7695267410542516
2007-01-10,2.1556,0.7727975270479134
2007-01-11,2.1465,0.7749535027898327
2007-01-12,2.1421,0.7736345350456445
2007-01-15,2.1407,
2007-01-16,2.1444,0.7741136398823347
2007-01-17,2.135,0.7723200494284832
2007-01-18,2.1329,0.7726781023025807
2007-01-19,2.1307,0.7711289327575571
2007-01-22,2.1327,0.7717835918808366
2007-01-23,2.1368,0.7677543186180422
2007-01-24,2.1286,0.771366862079605
2007-01-25,2.1281,0.7704160246533127
2007-01-26,2.136,0.7746533426291735
2007-01-29,2.136,0.7723200494284832
2007-01-30,2.1329,0.771962328238382
2007-01-31,2.1247,0.7693491306354824
2007-02-01,2.1093,0.7679901697258275
2007-02-02,2.0982,0.7716049382716049
2007-02-05,2.0964,0.7732158045310447
2007-02-06,2.0833,0.7710694733595498
2007-02-07,2.0852,0.7680491551459293
2007-02-08,2.0951,0.7672241829062453
2007-02-09,2.1033,0.7689350249903883
2007-02-12,2.114,0.7714858818083629
2007-02-13,2.1088,0.7678132678132679
2007-02-14,2.1,0.7618467164406522
2007-02-15,2.0896,0.76103500761035
2007-02-16,2.0913,0.761208799573723
2007-02-19,,
2007-02-20,,0.7613826709304097
2007-02-21,2.0802,0.7618467164406522
2007-02-22,2.0766,0.7613826709304097
2007-02-23,2.0868,0.7596475235490732
2007-02-26,2.0863,0.7599361653621095
2007-02-27,2.1099,0.7549448890231013
2007-02-28,2.1182,0.7558578987150416
2007-03-01,2.126,0.7591285204585136
2007-03-02,2.1274,0.7586102260658474
2007-03-05,2.1388,0.7637085688101422
2007-03-06,2.1209,0.7628928898382668
2007-03-07,2.1121,0.76057195010648
2007-03-08,2.1054,0.7616726331022926
2007-03-09,2.0983,0.7623113279463333
2007-03-12,2.0902,0.7583801001061732
2007-03-13,2.0962,0.7576331540268202
2007-03-14,2.1044,0.7560293339381569
2007-03-15,2.0909,0.7547739452034116
2007-03-16,2.0915,0.7514841812579846
2007-03-19,2.0792,0.7519362358072035
2007-03-20,2.0763,0.7523888345496953
2007-03-21,2.0676,0.7515971439308531
2007-03-22,2.0602,0.7485590238790328
2007-03-23,2.0652,0.7517666516313336
2007-03-26,2.0601,0.7498500299940013
2007-03-27,2.0637,0.748671108781912
2007-03-28,2.0716,0.7501312729727703
2007-03-29,2.0545,0.7498500299940013
2007-03-30,2.0504,0.7477194556602363
2007-04-02,2.0478,0.7477194556602363
2007-04-03,2.0372,0.7483349547257352
2007-04-04,2.0321,0.7482789583956899
2007-04-05,2.0333,0.7448234768359898
2007-04-06,,0.7473841554559043
2007-04-09,2.0236,0.7481110196753198
2007-04-10,2.0282,0.7442691277165824
2007-04-11,2.0333,0.7442691277165824
2007-04-12,2.0371,0.7416196974191634
2007-04-13,2.0231,0.7397544015386892
2007-04-16,2.034,0.7380073800738007
2007-04-17,2.0348,0.7369739848183359
2007-04-18,2.0365,0.7367025195226168
2007-04-19,2.0312,0.735023888276369
2007-04-20,2.0262,0.7352400558782441
2007-04-23,2.029,0.7363770250368188
2007-04-24,2.0385,0.7341065922771987
2007-04-25,2.0236,0.7327617791455997
2007-04-26,2.0252,0.7358351729212657
2007-04-27,2.0321,0.7339449541284403
2007-04-30,2.0339,0.7320644216691068
2007-05-01,,0.7352941176470588
2007-05-02,2.0268,0.7354022650389763
2007-05-03,2.0239,0.7371369600471768
2007-05-04,2.0309,0.7359976448075366
2007-05-07,2.0266,0.7344300822561692
2007-05-08,2.0226,0.7389890629618682
2007-05-09,2.0222,0.738061849582995
2007-05-10,2.0217,0.7400828892835998
2007-05-11,2.0194,0.7396996819291367
2007-05-14,2.0138,0.7383343177790903
2007-05-15,1.9922,0.7351319561861354
2007-05-16,1.9586,0.7395355716609968
2007-05-17,1.9573,0.7410701052319549
2007-05-18,1.963,0.7401376656058027
2007-05-21,1.9435,0.7431076763022962
2007-05-22,1.9409,0.7427213309566251
2007-05-23,1.9489,0.7417297136923304
2007-05-24,1.9653,0.7446570854121677
2007-05-25,1.952,0.7433838834374071
2007-05-28,1.9441,
2007-05-29,1.9461,0.7416747014759326
2007-05-30,1.9468,0.7452120128176466
2007-05-31,1.9289,0.7433286255853713
2007-06-01,1.9056,0.744047619047619
2007-06-04,1.9215,0.741399762752076
2007-06-05,1.9395,0.739316871211001
2007-06-06,1.9617,0.7411799584939224
2007-06-07,,0.7431629013079668
2007-06-08,1.9638,0.7485590238790328
2007-06-11,1.9473,0.7485590238790328
2007-06-12,1.942,0.7504690431519699
2007-06-13,1.9442,0.7521624670928921
2007-06-14,1.9303,0.75125835774923
2007-06-15,1.9097,0.7482229704451927
2007-06-18,1.9047,0.7462129691814043
2007-06-19,1.9058,0.7453786523553966
2007-06-20,1.9198,0.7448234768359898
2007-06-21,1.9197,0.7463243525636241
2007-06-22,1.9334,0.7441583568983479
2007-06-25,1.9379,0.7434944237918216
2007-06-26,1.9488,0.7425007425007425
2007-06-27,1.9499,0.7444353457902182
2007-06-28,1.9256,0.7426110203475419
2007-06-29,1.9262,0.7396449704142012
2007-07-02,1.9176,0.7338372349012989
2007-07-03,1.9122,0.7344840249724569
2007-07-04,1.9099,
2007-07-05,1.9157,0.7357268981753973
2007-07-06,1.9033,0.7338910905621605
2007-07-09,1.8992,0.7340527049842178
2007-07-10,1.8947,0.729181857955374
2007-07-11,1.89,0.7269026677327907
2007-07-12,1.8767,0.7259001161440186
2007-07-13,1.8684,0.725268349289237
2007-07-16,1.8647,0.7254261878853826
2007-07-17,1.8621,0.7255840951966332
2007-07-18,1.8609,0.7242178447276941
2007-07-19,1.8536,0.7240605314604301
2007-07-20,1.8606,0.7230135203528306
2007-07-23,1.8448,0.7237461098646595
2007-07-24,1.8525,0.7233796296296295
2007-07-25,1.8643,0.7293414047115455
2007-07-26,1.9054,0.7283321194464676
2007-07-27,1.9069,0.7327617791455997
2007-07-30,1.8809,0.7309407207075506
2007-07-31,1.8776,0.7293414047115455
2007-08-01,1.8856,0.730887297178775
2007-08-02,1.8729,0.7303001533630322
2007-08-03,1.8814,0.7254261878853826
2007-08-06,1.9106,0.7252157516861266
2007-08-07,1.9077,0.7274314395868189
2007-08-08,1.8866,0.7242178447276941
2007-08-09,1.9191,0.7298737318443909
2007-08-10,1.955,0.7306736811340055
2007-08-13,1.9411,0.733998825601879
2007-08-14,1.9809,0.7363228039172373
2007-08-15,2.0043,0.7418947993174567
2007-08-16,2.1124,0.7461572899567228
2007-08-17,2.0376,0.7411799584939224
2007-08-20,2.028,0.7425007425007425
2007-08-21,2.0385,0.7416747014759326
2007-08-22,2.0173,0.7388252678241596
2007-08-23,1.9939,0.7374631268436578
2007-08-24,1.9855,0.7328691828508611
2007-08-27,1.9489,0.7328691828508611
2007-08-28,1.9849,0.7338910905621605
2007-08-29,1.9864,0.7312614259597806
2007-08-30,1.9777,0.7327080890973037
2007-08-31,1.962,0.7330840847445201
2007-09-03,1.9547,0.7330840847445201
2007-09-04,1.9528,0.7349698662354843
2007-09-05,1.964,0.7315824127587973
2007-09-06,1.9545,0.7300868803387603
2007-09-07,,0.7261109497531223
2007-09-10,1.9591,0.724952878062926
2007-09-11,1.9304,0.7227000072270001
2007-09-12,1.9125,0.7192174913693901
2007-09-13,1.8991,0.7202016564638098
2007-09-14,1.9031,0.7221259387637203
2007-09-17,1.9123,0.7215007215007215
2007-09-18,1.896,0.7210325185665873
2007-09-19,1.8639,0.7168458781362007
2007-09-20,1.8637,0.709622480840193
2007-09-21,1.8618,0.7104290991759022
2007-09-24,1.8694,0.7099247479767145
2007-09-25,1.8656,0.7078142695356738
2007-09-26,1.8493,0.7079144839303412
2007-09-27,1.8409,0.7073136228603764
2007-09-28,1.8389,0.703284337857796
2007-10-01,1.8225,0.7027900766041183
2007-10-02,1.8235,0.7060650992021464
2007-10-03,1.8274,0.7074637424831978
2007-10-04,1.8284,0.7078142695356738
2007-10-05,1.8092,0.7065140596297866
2007-10-08,1.8133,0.7065140596297866
2007-10-09,1.8108,0.709622480840193
2007-10-10,1.8048,0.7063643427279791
2007-10-11,1.792,0.7028394714647175
2007-10-12,,0.7058159232072275
2007-10-15,1.8078,0.7034327518289252
2007-10-16,1.8242,0.7059654076950229
2007-10-17,1.8138,0.7038288288288288
2007-10-18,1.8071,0.699741095794556
2007-10-19,1.7964,0.7011147724882564
2007-10-22,1.8206,0.7073136228603764
2007-10-23,1.8007,0.7018528916339135
2007-10-24,1.7969,0.7023951675212474
2007-10-25,1.7896,0.6993496048674733
2007-10-26,1.7752,0.6949270326615705
2007-10-29,1.7595,0.6942034015966678
2007-10-30,1.7552,0.6932889628397116
2007-10-31,1.744,0.6911805363560962
2007-11-01,1.746,0.6927606511950121
2007-11-02,,0.6905600441958428
2007-11-05,1.7556,0.6911327666044647
2007-11-06,1.7325,0.6870491240123668
2007-11-07,1.74,0.6818026863025841
2007-11-08,1.7354,0.6806888571234089
2007-11-09,1.749,0.6818956699624957
2007-11-12,1.774,
2007-11-13,1.7682,0.6850253459377997
2007-11-14,1.7378,0.6816632583503749
2007-11-15,,0.6831067695880866
2007-11-16,1.7414,0.6825006825006825
2007-11-19,1.7593,0.6822213125938055
2007-11-20,1.7647,0.6762696963549064
2007-11-21,1.7866,0.6743543057522422
2007-11-22,1.7747,0.6743543057522422
2007-11-23,1.7962,0.6745362563237775
2007-11-26,1.811,0.6728569506122999
2007-11-27,1.8501,0.674900452183303
2007-11-28,1.8018,0.6779661016949152
2007-11-29,1.7905,0.6772314777190844
2007-11-30,1.7837,0.6808278867102396
2007-12-03,1.7888,0.6822678583611926
2007-12-04,1.8233,0.6775526797208483
2007-12-05,1.7956,0.6818491749624983
2007-12-06,1.7873,0.6831534362617844
2007-12-07,1.7616,0.6819421713038735
2007-12-10,1.762,0.6796248470844094
2007-12-11,1.765,0.6801795674057951
2007-12-12,1.7624,0.6801795674057951
2007-12-13,1.7746,0.6853539853334247
2007-12-14,1.7959,0.6928566479595372
2007-12-17,1.8123,0.6959426543252836
2007-12-18,1.8091,0.6948304613674263
2007-12-19,1.8019,0.6971556051310653
2007-12-20,1.8032,0.6967184560719013
2007-12-21,1.7966,0.6963303391128752
2007-12-24,1.7909,0.6940106877645915
2007-12-25,,
2007-12-26,1.7795,0.6896551724137931
2007-12-27,1.7671,0.6848845969454147
2007-12-28,1.7713,0.6794401413235494
2007-12-31,1.7713,0.6847907964116963
2008-01-01,,
2008-01-02,1.7722,0.6785181164337087
2008-01-03,1.7569,0.6786102062975027
2008-01-04,1.7574,0.6763154335181929
2008-01-07,1.7675,0.6810133478616182
2008-01-08,1.7554,0.6794863083508867
2008-01-09,1.7691,0.6819886789879288
2008-01-10,1.7628,0.6784260515603799
2008-01-11,1.7536,0.6762696963549064
2008-01-14,1.7414,0.672178530617732
2008-01-15,1.745,0.6737636437137852
2008-01-16,1.763,0.6829201666325206
2008-01-17,1.7687,0.6807351940095303
2008-01-18,1.785,0.6841817186644773
2008-01-21,1.8301,
2008-01-22,1.8041,0.6845095489082073
2008-01-23,1.8147,0.6861534239055853
2008-01-24,1.7883,0.6785641582411617
2008-01-25,1.7912,0.6815238874122538
2008-01-28,1.7906,0.6761782405842179
2008-01-29,1.7762,0.677185616577504
2008-01-30,1.7802,0.6764984440535787
2008-01-31,1.7603,0.6738090425173506
2008-02-01,1.7451,0.6733553296074338
2008-02-04,,0.674217907227616
2008-02-05,,0.6831534362617844
2008-02-06,1.7531,0.6827336655970506
2008-02-07,1.7627,0.689893066574681
2008-02-08,1.7681,0.6894174422612892
2008-02-11,1.7601,0.6893699158968704
2008-02-12,1.7478,0.6853070175438596
2008-02-13,1.7459,0.6863889079552474
2008-02-14,1.7469,0.683293474547318
2008-02-15,1.7541,0.6814774430966335
2008-02-18,1.7394,
2008-02-19,1.7329,0.678334011667345
2008-02-20,1.7351,0.6819886789879288
2008-02-21,1.7104,0.6750826976304597
2008-02-22,1.704,0.6745362563237775
2008-02-25,1.7062,0.6746727836999056
2008-02-26,1.6882,0.6716367788300088
2008-02-27,1.6715,0.6608511763150938
2008-02-28,1.6723,0.6591088847877669
2008-02-29,1.6833,0.6584578916178311
2008-03-03,1.6816,0.6581112207963146
2008-03-04,1.673,0.6574621959237344
2008-03-05,1.67,0.6543646119617851
2008-03-06,1.672,0.6512112529304506
2008-03-07,1.6841,0.6521880910454575
2008-03-10,1.6996,0.6506604203266315
2008-03-11,1.6947,0.6523582751647204
2008-03-12,1.6796,0.6453694740238787
2008-03-13,1.6971,0.6416837782340863
2008-03-14,1.6947,0.640861317610869
2008-03-17,1.7248,0.6343165239454488
2008-03-18,1.7007,0.6335529650278763
2008-03-19,1.7045,0.6393044367727911
2008-03-20,1.7424,0.6486346241162353
2008-03-21,,0.6473748948015796
2008-03-24,1.7407,0.6496037417175522
2008-03-25,1.7341,0.6412311638345624
2008-03-26,1.7288,0.6344775077723495
2008-03-27,1.7345,0.6329915179136599
2008-03-28,1.7456,0.6345580303318739
2008-03-31,1.7491,0.6327111673521038
2008-04-01,1.7534,0.6404098623118796
2008-04-02,1.7273,0.6402868485081316
2008-04-03,1.7252,0.6382842918235783
2008-04-04,1.7117,0.6355258976803305
2008-04-07,1.699,0.6364157067396423
2008-04-08,1.7038,0.6367398917542184
2008-04-09,1.6878,0.6327512022272842
2008-04-10,1.6822,0.6351626016260162
2008-04-11,1.6876,0.6330716637123323
2008-04-14,1.6867,0.6318316800404372
2008-04-15,1.6822,0.6328713372571356
2008-04-16,1.6699,0.6258605582676179
2008-04-17,1.6588,0.6279829188646069
2008-04-18,1.6693,0.6352432981832041
2008-04-21,,0.6296832693155343
2008-04-22,1.6575,0.6246096189881324
2008-04-23,1.6582,0.629009938357026
2008-04-24,1.6687,0.6382435537401072
2008-04-25,1.6688,0.6396315722144046
2008-04-28,1.6764,0.6390593047034765
2008-04-29,1.7058,0.640861317610869
2008-04-30,1.6872,0.6423432682425488
2008-05-01,,0.6469142191745374
2008-05-02,1.6506,0.648046140885231
2008-05-05,1.6578,0.6455361177457879
2008-05-06,1.6615,0.6431695394906097
2008-05-07,1.6741,0.6506180871828238
2008-05-08,1.6936,0.6489713803621261
2008-05-09,1.6949,0.6473748948015796
2008-05-12,1.6743,0.6436663233779608
2008-05-13,1.6583,0.644786897930234
2008-05-14,1.6641,0.6465377901338334
2008-05-15,1.6601,0.6454944487477408
2008-05-16,1.6434,0.641395676993137
2008-05-19,1.646,0.6444960041247744
2008-05-20,1.657,0.6382842918235783
2008-05-21,1.6492,0.63403499873193
2008-05-22,,0.6368209896198178
2008-05-23,1.6547,0.6335529650278763
2008-05-26,1.661,
2008-05-27,1.6681,0.6356874960269532
2008-05-28,1.663,0.6398771435884311
2008-05-29,1.6496,0.644039415212211
2008-05-30,1.6294,0.6426735218508998
2008-06-02,1.632,0.6430868167202572
2008-06-03,1.6215,0.6470816617057072
2008-06-04,1.6307,0.6471235358830001
2008-06-05,1.6262,0.6426735218508998
2008-06-06,1.6282,0.6356874960269532
2008-06-09,1.6265,0.636213258684311
2008-06-10,1.6392,0.6462870807212564
2008-06-11,1.6428,0.6425909266161162
2008-06-12,1.64,0.6485925541574783
2008-06-13,1.6368,0.6507027589796981
2008-06-16,1.6277,0.6463288521199587
2008-06-17,1.6127,0.6443714156840002
2008-06-18,1.6113,0.6450780544445878
2008-06-19,1.6051,0.6450780544445878
2008-06-20,1.6042,0.6399590426212722
2008-06-23,1.6117,0.6454944487477408
2008-06-24,1.6046,0.641395676993137
2008-06-25,1.6001,0.6422607578676943
2008-06-26,1.5951,0.6354047528275512
2008-06-27,1.6077,0.634960949901581
2008-06-30,1.5919,0.63500127000254
2008-07-01,1.6061,0.6337938902268981
2008-07-02,1.5993,0.630159430335875
2008-07-03,1.6089,0.6366182836771073
2008-07-04,1.61,
2008-07-07,1.6041,0.6391409945033875
2008-07-08,1.6027,0.6388551715326136
2008-07-09,1.6092,0.6351626016260162
2008-07-10,1.6147,0.6340752013188764
2008-07-11,1.6032,0.629009938357026
2008-07-14,1.5942,0.6283775292195551
2008-07-15,1.591,0.6280223575959304
2008-07-16,1.596,0.6310342651605982
2008-07-17,1.5913,0.6304772712943698
2008-07-18,1.5938,0.630715862503942
2008-07-21,1.5818,0.6298419096806702
2008-07-22,1.5811,0.6324710644488015
2008-07-23,1.5834,0.6366182836771073
2008-07-24,1.5781,0.6386919588682378
2008-07-25,1.5745,0.6374705169885893
2008-07-28,1.5754,0.6350415952244872
2008-07-29,1.573,0.6415191172696947
2008-07-30,1.5641,0.6427148274310688
2008-07-31,1.5666,0.6414779652318943
2008-08-01,1.5593,0.6423845313804843
2008-08-04,1.5659,0.6423020104052926
2008-08-05,1.5732,0.6464959917248513
2008-08-06,1.5782,0.6489713803621261
2008-08-07,1.5843,0.6518479890489538
2008-08-08,1.6136,0.6645843025187745
2008-08-11,1.6148,0.6685385746757588
2008-08-12,1.6161,0.6709158000670916
2008-08-13,1.6211,0.671366230278617
2008-08-14,1.6204,0.6731287022078621
2008-08-15,1.6389,0.6805035726437564
2008-08-18,1.6349,0.678886625933469
2008-08-19,1.6343,0.6781500067815001
2008-08-20,1.6207,0.6802258349772125
2008-08-21,1.6143,0.6722689075630252
2008-08-22,1.6217,0.6756756756756757
2008-08-25,1.6275,0.6755387421468622
2008-08-26,1.6375,0.6821282401091405
2008-08-27,1.6213,0.6810133478616182
2008-08-28,1.6262,0.6809669731018047
2008-08-29,1.6344,0.6817097279978185
2008-09-01,1.6447,
2008-09-02,1.6602,0.6886103842445944
2008-09-03,1.6728,0.6901787562978812
2008-09-04,1.701,0.6963788300835655
2008-09-05,1.7305,0.7006235549639179
2008-09-08,1.7282,0.7079144839303412
2008-09-09,1.7544,0.7055669230226487
2008-09-10,1.7858,0.7132667617689016
2008-09-11,1.8255,0.7174115790228854
2008-09-12,1.7912,0.7056167090036692
2008-09-15,1.8125,0.7054673721340388
2008-09-16,1.841,0.7064641469445426
2008-09-17,1.866,0.7034822370735139
2008-09-18,1.9159,0.6953135864274789
2008-09-19,1.8398,0.6952169076751947
2008-09-22,1.7989,0.6804109682248077
2008-09-23,1.8242,0.6785641582411617
2008-09-24,1.8445,0.6823609689525759
2008-09-25,1.8277,0.6829201666325206
2008-09-26,1.8555,0.6851192107426692
2008-09-29,1.9559,0.6953619358876295
2008-09-30,1.9143,0.710176834031674
2008-10-01,1.9213,0.7113387395077536
2008-10-02,2.0081,0.7218131947452
2008-10-03,2.054,0.7237984944991315
2008-10-06,2.1769,0.7403020432336394
2008-10-07,2.1883,0.7326544069162576
2008-10-08,2.3924,0.7309941520467835
2008-10-09,2.1818,0.7328154770628755
2008-10-10,2.288,0.7423353871279044
2008-10-13,2.1562,
2008-10-14,2.0789,0.732171621027969
2008-10-15,2.1551,0.7370826269624825
2008-10-16,2.1854,0.7453786523553966
2008-10-17,2.102,0.7428316743425939
2008-10-20,2.1174,0.751089079164789
2008-10-21,2.1941,0.7632422530911311
2008-10-22,2.365,0.7791195948578106
2008-10-23,2.3147,0.7765180928715639
2008-10-24,2.3112,0.7912018355882585
2008-10-27,2.2524,0.8034709946970915
2008-10-28,2.17,0.8015389547932029
2008-10-29,2.132,0.7781495603454984
2008-10-30,2.1151,0.7782101167315175
2008-10-31,2.1153,0.7885191610156127
2008-11-03,2.1818,0.7862253321802029
2008-11-04,2.1227,0.7679901697258275
2008-11-05,2.121,0.7669299792928905
2008-11-06,2.1593,0.7839448102853559
2008-11-07,2.1613,0.7826563356030367
2008-11-10,2.1335,0.7836990595611285
2008-11-11,2.201,
2008-11-12,2.2632,0.7963051441312311
2008-11-13,2.3314,0.7983394539358135
2008-11-14,2.28,0.7854842510407667
2008-11-17,2.294,0.7857928650007858
2008-11-18,2.2996,0.7880220646178093
2008-11-19,2.3766,0.7939658594680429
2008-11-20,2.3962,0.7984031936127745
2008-11-21,2.4277,0.7980209081477934
2008-11-24,2.35,0.7757951900698216
2008-11-25,2.3056,0.7674597083653109
2008-11-26,2.3221,0.7795447458684129
2008-11-27,2.2657,
2008-11-28,2.3331,0.7877737513786041
2008-12-01,2.3565,0.791514959632737
2008-12-02,2.3457,0.7859163784973279
2008-12-03,2.4213,0.7893282816323309
2008-12-04,2.4905,0.778816199376947
2008-12-05,2.5004,0.790263948158685
2008-12-08,2.4689,0.7726781023025807
2008-12-09,2.4829,0.7729767334003246
2008-12-10,2.4683,0.7678132678132679
2008-12-11,2.3397,0.7522190461862495
2008-12-12,2.392,0.7491197842535021
2008-12-15,2.369,0.7318501170960187
2008-12-16,2.3783,0.724112961622013
2008-12-17,2.3576,0.6964758322886196
2008-12-18,2.3572,0.6993985172751433
2008-12-19,2.3859,0.7207207207207208
2008-12-22,2.374,0.716743119266055
2008-12-23,2.3829,0.7160246312473149
2008-12-24,2.3751,0.7161271841879118
2008-12-25,,
2008-12-26,2.3613,0.7111363959607453
2008-12-29,2.3956,0.7026419336706015
2008-12-30,2.337,0.7099751508697195
2008-12-31,2.337,0.7184424168402903
2009-01-01,,
2009-01-02,2.3298,0.7170514842965725
2009-01-05,2.278,0.7365939893930465
2009-01-06,2.1889,0.7437709185570844
2009-01-07,2.2174,0.7289692374981777
2009-01-08,2.2683,0.729181857955374
2009-01-09,2.2867,0.7410151908114117
2009-01-12,2.2969,0.749232037161909
2009-01-13,2.3083,0.7576905591756327
2009-01-14,2.3341,0.7590708972218005
2009-01-15,2.3803,0.7637085688101422
2009-01-16,2.3248,0.7550588945937783
2009-01-19,2.3306,
2009-01-20,2.3548,0.7724393635099644
2009-01-21,2.3544,0.7770007770007771
2009-01-22,2.3299,0.7719027402547278
2009-01-23,2.3568,0.7782706825433886
2009-01-26,2.3149,0.7620208793720947
2009-01-27,2.3109,0.7599361653621095
2009-01-28,2.2982,0.7550588945937783
2009-01-29,2.2761,0.769941484447182
2009-01-30,2.3162,0.7810059356451109
2009-02-02,2.3475,0.7807620237351656
2009-02-03,2.3144,0.7686395080707149
2009-02-04,2.2994,0.7777864198491093
2009-02-05,2.3065,0.7789375292101574
2009-02-06,2.2658,0.7767593599502873
2009-02-09,2.2446,0.7654623392529087
2009-02-10,2.2528,0.7712478790683326
2009-02-11,2.287,0.7756146746296441
2009-02-12,2.2909,0.7799095304944627
2009-02-13,2.268,0.7764577995185962
2009-02-16,2.2719,
2009-02-17,2.3131,0.7954816641476413
2009-02-18,2.3396,0.7970032677133977
2009-02-19,2.3249,0.7889546351084812
2009-02-20,2.3916,0.7880220646178093
2009-02-23,,0.7844983133286264
2009-02-24,,0.7848061528802386
2009-02-25,2.3814,0.7854842510407667
2009-02-26,2.3503,0.7834534628643058
2009-02-27,2.3784,0.78976465013426
2009-03-02,2.4121,0.794912559618442
2009-03-03,2.4218,0.796876245119133
2009-03-04,2.3917,0.7932101213611487
2009-03-05,2.3822,0.7958615200955034
2009-03-06,2.3768,0.7890168849613381
2009-03-09,2.3781,0.7913896802785692
2009-03-10,2.3515,0.7841907151819323
2009-03-11,2.3366,0.7828401440425864
2009-03-12,2.3158,0.7813110399249941
2009-03-13,2.3012,0.7757350089209527
2009-03-16,2.2705,0.7694083249980764
2009-03-17,2.2833,0.7708911501695961
2009-03-18,2.2806,0.7627765064836003
2009-03-19,2.2379,0.7283321194464676
2009-03-20,2.2567,0.7371369600471768
2009-03-23,2.2505,0.7369739848183359
2009-03-24,2.2567,0.7394262052647146
2009-03-25,2.2435,0.738606987222099
2009-03-26,2.2375,0.7374631268436578
2009-03-27,2.2745,0.7515406583496167
2009-03-30,2.3297,0.7606876616461281
2009-03-31,2.3152,0.7540909433677702
2009-04-01,2.2899,0.7562580352416244
2009-04-02,2.2355,0.7430524595036408
2009-04-03,2.2072,0.7436602959767978
2009-04-06,2.2252,0.7483349547257352
2009-04-07,2.2249,0.7528986598403855
2009-04-08,2.2014,0.7525586995785671
2009-04-09,2.1766,0.7605141075366948
2009-04-10,,0.760861294985924
2009-04-13,2.1699,0.7488392990864161
2009-04-14,2.1876,0.7531821947729155
2009-04-15,2.1992,0.7586102260658474
2009-04-16,2.1791,0.7577479730241721
2009-04-17,2.1864,0.7674597083653109
2009-04-20,2.235,0.7750135627373479
2009-04-21,,0.7705347511172753
2009-04-22,2.2128,0.7685213648939441
2009-04-23,2.2107,0.7664009809932557
2009-04-24,2.1933,0.7531821947729155
2009-04-27,2.2165,0.761266747868453
2009-04-28,2.2037,0.7656381594058648
2009-04-29,2.1838,0.7505253677574302
2009-04-30,2.1783,0.7550588945937783
2009-05-01,,0.7537499057812618
2009-05-04,2.1369,0.7482229704451927
2009-05-05,2.1476,0.7476635514018692
2009-05-06,2.1213,0.7511454968827462
2009-05-07,2.0984,0.745656550592797
2009-05-08,2.075,0.7410701052319549
2009-05-11,2.0579,0.7342143906020557
2009-05-12,2.0649,0.7332453438920663
2009-05-13,2.0992,0.7346459006758742
2009-05-14,2.0929,0.7348618459729571
2009-05-15,2.0762,0.738606987222099
2009-05-18,2.0784,0.7405761682589054
2009-05-19,2.0488,0.7348618459729571
2009-05-20,2.0199,0.726480203414457
2009-05-21,2.0264,0.7244277021153288
2009-05-22,2.0279,0.7140307033202428
2009-05-25,2.0234,
2009-05-26,2.0261,0.714694110920526
2009-05-27,2.0095,0.7181844297615627
2009-05-28,2.0144,0.7169486664754804
2009-05-29,1.973,0.7079144839303412
2009-06-01,1.944,0.7046223224351748
2009-06-02,1.937,0.7007708479327259
2009-06-03,1.96,0.7045230379033395
2009-06-04,1.9497,0.7048706562345809
2009-06-05,1.9534,0.7147962830593281
2009-06-08,1.9704,0.7202535292422932
2009-06-09,1.9385,0.7135721421435707
2009-06-10,1.9474,0.7151541157119359
2009-06-11,,0.7095721280068119
2009-06-12,1.9301,0.7122507122507123
2009-06-15,1.9458,0.7254788160185722
2009-06-16,1.9461,0.7205649228995533
2009-06-17,1.9784,0.7220216606498195
2009-06-18,1.9709,0.7154099298898269
2009-06-19,1.9592,0.7143877696813831
2009-06-22,2.0074,0.7222302470027444
2009-06-23,2.0019,0.7125044531528322
2009-06-24,1.9724,0.7135212272565109
2009-06-25,1.9562,0.7166917508779475
2009-06-26,1.9396,0.7114399544678429
2009-06-29,1.9487,0.7113387395077536
2009-06-30,1.9516,0.7132667617689016
2009-07-01,1.9342,0.7049203440011278
2009-07-02,1.9469,0.713368526180625
2009-07-03,1.9474,0.7147451933385748
2009-07-06,1.9711,0.7174630506528914
2009-07-07,1.9641,0.7160759040458288
2009-07-08,1.9982,0.721917412647993
2009-07-09,1.9921,0.7129616426636247
2009-07-10,2.0147,0.7180812868016659
2009-07-13,1.9895,0.7156659271452086
2009-07-14,1.9704,0.7157683773530885
2009-07-15,1.942,0.7084159818645509
2009-07-16,1.934,0.7084661707403471
2009-07-17,1.929,0.708215297450425
2009-07-20,1.9068,0.7036802476954471
2009-07-21,1.9043,0.7044237813468582
2009-07-22,1.9029,0.7032348804500703
2009-07-23,1.8922,0.7009673349221925
2009-07-24,1.896,0.7035812284528249
2009-07-27,1.8837,0.7036307345904869
2009-07-28,1.8819,0.7034822370735139
2009-07-29,1.8982,0.7126060001425212
2009-07-30,1.8811,0.7109341674960898
2009-07-31,1.8726,0.7003291547027103
2009-08-03,1.8369,0.6936736958934517
2009-08-04,1.8272,0.6944444444444444
2009-08-05,1.8181,0.6948787436592314
2009-08-06,1.8348,0.6965243435258063
2009-08-07,1.8232,0.7052186177715092
2009-08-10,1.8412,0.7070635650144949
2009-08-11,1.8457,0.7071635669330316
2009-08-12,1.8386,0.7034822370735139
2009-08-13,1.8325,0.7001330252748023
2009-08-14,1.8385,0.7034327518289252
2009-08-17,1.8682,0.7098239636570131
2009-08-18,1.8574,0.7104795737122558
2009-08-19,1.8433,0.7011639321273314
2009-08-20,1.8434,0.7024938531787847
2009-08-21,1.8297,0.6990562740300593
2009-08-24,1.8339,0.6983240223463687
2009-08-25,1.8419,0.6968641114982578
2009-08-26,1.867,0.7027406886858749
2009-08-27,1.8669,0.7006726457399103
2009-08-28,1.874,0.6964758322886196
2009-08-31,1.8864,0.6966699177929497
2009-09-01,1.8829,0.7024938531787847
2009-09-02,1.9038,0.7019514249613926
2009-09-03,1.8702,0.7003782042302844
2009-09-04,1.8501,0.7003782042302844
2009-09-07,,
2009-09-08,1.8254,0.689797889218459
2009-09-09,1.828,0.6862005077883757
2009-09-10,1.8261,0.686436024162548
2009-09-11,1.8179,0.6855889208830386
2009-09-14,1.8197,0.6843221788818176
2009-09-15,1.8087,0.684134911404529
2009-09-16,1.7984,0.6803646754660498
2009-09-17,1.8094,0.6786562606040041
2009-09-18,1.8049,0.6800870511425463
2009-09-21,1.8172,0.6806425265450585
2009-09-22,1.8061,0.6759040216289287
2009-09-23,1.7916,0.6778741865509761
2009-09-24,1.7917,0.6804572672836146
2009-09-25,1.8017,0.6811061163329247
2009-09-28,1.791,0.68259385665529
2009-09-29,1.7928,0.6871435442864015
2009-09-30,1.7781,0.683526999316473
2009-10-01,1.7794,0.6881365262868153
2009-10-02,1.7844,0.6854009595613434
2009-10-05,1.7673,0.6827336655970506
2009-10-06,1.7533,0.6782419967444384
2009-10-07,1.7595,0.6814310051107325
2009-10-08,1.7412,0.6767273465520741
2009-10-09,1.7389,0.6795786612300374
2009-10-12,,
2009-10-13,1.7298,0.6738998584810297
2009-10-14,1.7099,0.6711859856366199
2009-10-15,1.7037,0.6691201070592172
2009-10-16,1.7135,0.6716367788300088
2009-10-19,1.713,0.6690305746972637
2009-10-20,1.745,0.6709158000670916
2009-10-21,1.744,0.6662669065227531
2009-10-22,1.7304,0.6665333599946678
2009-10-23,1.7113,0.6653802648213455
2009-10-26,1.7157,0.6692992436918547
2009-10-27,1.7342,0.6747183051076175
2009-10-28,1.7447,0.67736909842173
2009-10-29,1.7436,0.674809366354005
2009-10-30,1.744,0.6777363605557438
2009-11-02,,0.6743997841920691
2009-11-03,1.7588,0.6822213125938055
2009-11-04,1.7271,0.6740361283364789
2009-11-05,1.724,0.6730833950326446
2009-11-06,1.7179,0.6740815638692281
2009-11-09,1.7024,0.6667111140742716
2009-11-10,1.7096,0.6684491978609626
2009-11-11,1.7112,
2009-11-12,1.725,0.6727211570803903
2009-11-13,1.729,0.6717721348918447
2009-11-16,1.7127,0.6676904587033451
2009-11-17,1.7153,0.6743088334457181
2009-11-18,1.7103,0.66711140760507
2009-11-19,1.7287,0.6709158000670916
2009-11-20,1.7356,0.6724949562878278
2009-11-23,1.7245,0.6680919294494923
2009-11-24,1.7282,0.669478476266988
2009-11-25,1.7272,0.6629101756711966
2009-11-26,1.7409,
2009-11-27,1.7443,0.6683151774376797
2009-11-30,1.7505,0.6669334400426837
2009-12-01,1.7293,0.6622516556291391
2009-12-02,1.7201,0.6640547181087721
2009-12-03,1.7096,0.6630860022544924
2009-12-04,1.7131,0.6718172657037286
2009-12-07,1.7302,0.6747638326585695
2009-12-08,1.7482,0.6783800284919612
2009-12-09,1.7611,0.6791171477079797
2009-12-10,1.7627,0.679532481652623
2009-12-11,1.7521,0.6848845969454147
2009-12-14,1.7483,0.6828269033799932
2009-12-15,1.7557,0.688989940746865
2009-12-16,1.7518,0.6860122110173561
2009-12-17,1.7823,0.6984703499336453
2009-12-18,1.7879,0.7002310762551642
2009-12-21,1.7787,0.6983727913960472
2009-12-22,1.7825,0.7020992768377449
2009-12-23,1.7763,0.6973014434139879
2009-12-24,1.7527,0.6960395350455906
2009-12-25,,
2009-12-28,1.7398,0.6948304613674263
2009-12-29,1.7421,0.6965728615213151
2009-12-30,1.7412,0.6985191394244202
2009-12-31,1.7412,0.6977393245883338
2010-01-01,,
2010-01-04,1.724,0.6935293709688606
2010-01-05,1.7227,0.6943480072212194
2010-01-06,1.7337,0.6942515967786727
2010-01-07,1.7413,0.698616738857063
2010-01-08,1.739,0.6965243435258063
2010-01-11,1.7323,0.6879471656576774
2010-01-12,1.7439,0.6885629690835228
2010-01-13,1.7442,0.690035881865857
2010-01-14,1.7648,0.6907031357922365
2010-01-15,1.7711,0.6956037840845855
2010-01-18,1.7721,
2010-01-19,1.7747,0.7008199593524423
2010-01-20,1.7854,0.7095217823187172
2010-01-21,1.7903,0.7089181908407769
2010-01-22,1.8187,0.7065140596297866
2010-01-25,1.8194,0.7069136151562279
2010-01-26,1.8367,0.7110858280594468
2010-01-27,1.8513,0.7115918309257809
2010-01-28,1.856,0.7146430358036161
2010-01-29,1.8748,0.7209805335255948
2010-02-01,1.8773,0.7192174913693901
2010-02-02,1.8363,0.7165890361877464
2010-02-03,1.8337,0.7190623427051125
2010-02-04,1.8715,0.726797005596337
2010-02-05,1.8753,0.7348618459729571
2010-02-08,1.873,0.7299802905321557
2010-02-09,1.855,0.7249003262051468
2010-02-10,1.8483,0.7287567409998542
2010-02-11,1.8516,0.7331378299120234
2010-02-12,1.867,0.7339449541284403
2010-02-15,,
2010-02-16,,0.7276961141027506
2010-02-17,1.8313,0.7340527049842178
2010-02-18,1.8266,0.737300007373
2010-02-19,1.8116,0.7386615452799528
2010-02-22,1.8046,0.7358351729212657
2010-02-23,1.8186,0.7387161113983897
2010-02-24,1.8203,0.7365939893930465
2010-02-25,1.8364,0.7420599584446423
2010-02-26,1.811,0.7320644216691068
2010-03-01,1.8,0.7398638650488311
2010-03-02,1.7851,0.7372456502506635
2010-03-03,1.7846,0.728279076542131
2010-03-04,1.7888,0.7368653746960431
2010-03-05,1.7824,0.7348618459729571
2010-03-08,1.7826,0.7345919341805627
2010-03-09,1.7899,0.7360518180479906
2010-03-10,1.7716,0.732171621027969
2010-03-11,1.7693,0.7313149041977476
2010-03-12,1.7637,0.7271140841998109
2010-03-15,1.7644,0.732493407559332
2010-03-16,1.7666,0.7268498328245385
2010-03-17,1.764,0.7278550112817527
2010-03-18,1.7848,0.7351319561861354
2010-03-19,1.7954,0.7390983000739099
2010-03-22,1.803,0.7390436774813391
2010-03-23,1.7813,0.7388252678241596
2010-03-24,1.7904,0.749232037161909
2010-03-25,1.8008,0.749400479616307
2010-03-26,1.8231,0.7463800567248843
2010-03-29,1.8064,0.7426661715558857
2010-03-30,1.7952,0.7457677679170707
2010-03-31,1.781,0.739316871211001
2010-04-01,1.7701,0.7369739848183359
2010-04-02,,0.7414547341884777
2010-04-05,1.7573,0.7415097137772505
2010-04-06,1.7605,0.7474958887726117
2010-04-07,1.7662,0.7482789583956899
2010-04-08,1.7806,0.748502994011976
2010-04-09,1.773,0.7425007425007425
2010-04-12,1.7608,0.7359976448075366
2010-04-13,1.7584,0.7357268981753973
2010-04-14,1.7446,0.7317430118542367
2010-04-15,1.7483,0.7385524372230428
2010-04-16,1.7558,0.7414547341884777
2010-04-19,1.7588,0.7430524595036408
2010-04-20,1.7497,0.7437156031533542
2010-04-21,,0.7472166180975864
2010-04-22,1.7626,0.7519927808693037
2010-04-23,1.7624,0.748502994011976
2010-04-26,1.7446,0.7498500299940013
2010-04-27,1.7592,0.7558578987150416
2010-04-28,1.7558,0.7616146230007617
2010-04-29,1.7321,0.7551159102922298
2010-04-30,1.7306,0.7517666516313336
2010-05-03,1.7315,0.758552681483729
2010-05-04,1.7557,0.7670476336580501
2010-05-05,1.7862,0.7757951900698216
2010-05-06,1.8353,0.7880841673890772
2010-05-07,1.8343,0.7861017215627703
2010-05-10,1.7833,0.7775445144234507
2010-05-11,1.7843,0.7864726700747149
2010-05-12,1.7723,0.7910140800506249
2010-05-13,1.7737,0.795671546785487
2010-05-14,1.7967,0.8071025020177562
2010-05-17,1.8045,0.8130742336775347
2010-05-18,1.7921,0.8091924259588931
2010-05-19,1.8366,0.8118860112040269
2010-05-20,1.8677,0.8084074373484236
2010-05-21,1.871,0.7952286282306162
2010-05-24,1.8522,0.8060615831049492
2010-05-25,1.8811,0.8143985666585227
2010-05-26,1.8461,0.8180628272251309
2010-05-27,1.8328,0.8084074373484236
2010-05-28,1.8229,0.8084727948904519
2010-05-31,1.8167,
2010-06-01,1.8255,0.8152616990053808
2010-06-02,1.8362,0.8192692118630183
2010-06-03,,0.8201427048306404
2010-06-04,1.8401,0.833472245374229
2010-06-07,1.8634,0.8361903169161301
2010-06-08,1.8658,0.8336807002917882
2010-06-09,1.8423,0.8302200083022001
2010-06-10,1.8185,0.825695648583932
2010-06-11,1.8125,0.8280202036929701
2010-06-14,1.803,0.8145312372729494
2010-06-15,1.7971,0.8112273870365864
2010-06-16,1.7893,0.8114907084313885
2010-06-17,1.7817,0.8087343307723414
2010-06-18,1.7761,0.8090614886731392
2010-06-21,1.7663,0.8074283407347599
2010-06-22,1.768,0.8128098837681866
2010-06-23,1.7908,0.8123476848090982
2010-06-24,1.7907,0.8138020833333334
2010-06-25,1.7781,0.810898475510866
2010-06-28,1.7826,0.8119519324455992
2010-06-29,1.8076,0.8205464839583163
2010-06-30,1.8015,0.8136034496786266
2010-07-01,1.8006,0.8023106546854942
2010-07-02,1.7785,0.7951021706289257
2010-07-05,1.7755,
2010-07-06,1.7665,0.7907638779060573
2010-07-07,1.7719,0.7940289026520565
2010-07-08,1.7652,0.7884569896712135
2010-07-09,1.7572,0.7912018355882585
2010-07-12,1.7644,0.7953551260637874
2010-07-13,1.7525,0.7862253321802029
2010-07-14,1.7657,0.7840062720501764
2010-07-15,1.769,0.7756146746296441
2010-07-16,1.7792,0.7740537193281214
2010-07-19,1.7854,0.7714263673532361
2010-07-20,1.78,0.7748934521503293
2010-07-21,1.7766,0.7801529099703541
2010-07-22,1.7629,0.7750135627373479
2010-07-23,1.7617,0.7767593599502873
2010-07-26,1.7669,0.7702380035430948
2010-07-27,1.7658,0.7702380035430948
2010-07-28,1.765,0.7693491306354824
2010-07-29,1.7643,0.7654623392529087
2010-07-30,1.7572,0.7651694850409366
2010-08-02,1.7489,0.7590708972218005
2010-08-03,1.7594,0.7553440592189742
2010-08-04,1.7563,0.7599939200486395
2010-08-05,1.7535,0.7600516835144789
2010-08-06,1.7566,0.7528986598403855
2010-08-09,1.7537,0.7552299675251114
2010-08-10,1.7576,0.7636502481863306
2010-08-11,1.7663,0.7752538956508256
2010-08-12,1.7731,0.77724234416291
2010-08-13,1.7716,0.7832693663350827
2010-08-16,1.7639,0.7789375292101574
2010-08-17,1.7528,0.7757951900698216
2010-08-18,1.7513,0.7768800497203232
2010-08-19,1.7584,0.7789982083041208
2010-08-20,1.7597,0.7882084023015685
2010-08-23,1.7587,0.7897022822395957
2010-08-24,1.7727,0.7889546351084812
2010-08-25,1.7668,0.7903888713246917
2010-08-26,1.7596,0.7863489816780687
2010-08-27,1.7544,0.7833920877399139
2010-08-30,1.7591,0.7882705344474223
2010-08-31,1.756,0.7871536523929471
2010-09-01,1.7441,0.7804573480059314
2010-09-02,1.7367,0.7797878976918279
2010-09-03,1.7281,0.7760962359332557
2010-09-06,1.7259,
2010-09-07,,0.7859781498074354
2010-09-08,1.7231,0.7857311228097745
2010-09-09,1.7238,0.7869058860560277
2010-09-10,1.7186,0.7854842510407667
2010-09-13,1.7174,0.7757951900698216
2010-09-14,1.7076,0.7684032580298141
2010-09-15,1.7169,0.7687576875768758
2010-09-16,1.7184,0.7645844483523204
2010-09-17,1.7166,0.7665184730952016
2010-09-20,1.7216,0.764876854826373
2010-09-21,1.7255,0.761266747868453
2010-09-22,1.7184,0.7471049682480388
2010-09-23,1.7194,0.749400479616307
2010-09-24,1.712,0.7420599584446423
2010-09-27,1.71,0.7421150278293136
2010-09-28,1.7093,0.7362143856290951
2010-09-29,1.7053,0.7332453438920663
2010-09-30,1.6942,0.7352400558782441
2010-10-01,1.6812,0.7270612185546024
2010-10-04,1.6882,0.7305669199298656
2010-10-05,1.6808,0.7228567297961545
2010-10-06,1.6758,0.7181844297615627
2010-10-07,1.6777,0.7183391997701315
2010-10-08,1.6804,0.7182360123536594
2010-10-11,1.6648,
2010-10-12,,0.7222302470027444
2010-10-13,1.6554,0.7161271841879118
2010-10-14,1.6596,0.7109341674960898
2010-10-15,1.6604,0.7143877696813831
2010-10-18,1.6686,0.7154099298898269
2010-10-19,1.6868,0.723222680263253
2010-10-20,1.6735,0.7168972686214066
2010-10-21,1.6897,0.7156659271452086
2010-10-22,1.6997,0.7192174913693901
2010-10-25,1.7026,0.7150007150007149
2010-10-26,1.7045,0.7208246233691343
2010-10-27,1.7077,0.725268349289237
2010-10-28,1.7112,0.7179266278986287
2010-10-29,1.7014,0.7197351374694113
2010-11-01,1.7044,0.7200460829493087
2010-11-02,,0.7129616426636247
2010-11-03,1.6937,0.7135721421435707
2010-11-04,1.6819,0.7030371203599549
2010-11-05,1.6801,0.7126060001425212
2010-11-08,1.697,0.7180297264306742
2010-11-09,1.697,0.7212405337179949
2010-11-10,1.707,0.7284382284382285
2010-11-11,1.7178,
2010-11-12,1.7198,0.7299270072992701
2010-11-15,,0.7344840249724569
2010-11-16,1.7295,0.7398091292446549
2010-11-17,1.7298,0.7377351530800443
2010-11-18,1.7143,0.7343222205903951
2010-11-19,1.7189,0.7323861139592793
2010-11-22,1.7235,0.7346459006758742
2010-11-23,1.7336,0.7469375560203168
2010-11-24,1.7247,0.7490636704119851
2010-11-25,1.7206,
2010-11-26,1.7298,0.7551159102922298
2010-11-29,1.7271,0.7638252367858235
2010-11-30,1.7161,0.7671064743786437
2010-12-01,1.7052,0.7605141075366948
2010-12-02,1.7029,0.7559721802237678
2010-12-03,1.6917,0.7481110196753198
2010-12-06,1.6836,0.7532956685499059
2010-12-07,1.6739,0.750581700818134
2010-12-08,1.6892,0.7551729346020238
2010-12-09,1.7024,0.7572315614114796
2010-12-10,1.7117,0.7551729346020238
2010-12-13,1.7027,0.7468817686160281
2010-12-14,1.6949,0.7465472191116088
2010-12-15,1.6988,0.7515406583496167
2010-12-16,1.7028,0.7572315614114796
2010-12-17,1.7098,0.7601672367920943
2010-12-20,1.7082,0.7619628162145687
2010-12-21,1.6974,0.7615566217348261
2010-12-22,1.6946,0.7640003056001222
2010-12-23,1.6984,0.7633005114113426
2010-12-24,1.6903,
2010-12-27,1.6922,0.7606876616461281
2010-12-28,1.6866,0.7620789513793629
2010-12-29,1.6788,0.758552681483729
2010-12-30,1.6662,0.7536362951239732
2010-12-31,1.6662,
2011-01-03,1.651,0.747887218607434
2011-01-04,1.6556,0.7515406583496167
2011-01-05,1.6713,0.7592437931819908
2011-01-06,1.6857,0.7676364473785215
2011-01-07,1.6861,0.7725587144622992
2011-01-10,1.6912,0.772499034376207
2011-01-11,1.6887,0.7705347511172753
2011-01-12,1.6773,0.765345170671973
2011-01-13,1.6701,0.7482789583956899
2011-01-14,1.6843,0.7503001200480193
2011-01-17,1.6818,
2011-01-18,1.6745,0.7463243525636241
2011-01-19,1.6714,0.7410151908114117
2011-01-20,1.6715,0.7438815740534107
2011-01-21,1.6723,0.7363228039172373
2011-01-24,1.6731,0.7324397568300007
2011-01-25,1.6745,0.732922896511287
2011-01-26,1.6692,0.7305669199298656
2011-01-27,1.672,0.7305669199298656
2011-01-28,1.6782,0.7349158521349305
2011-01-31,1.6734,0.7291286912139993
2011-02-01,1.6631,0.7250054375407816
2011-02-02,1.6671,0.7257420712678715
2011-02-03,1.6697,0.7323861139592793
2011-02-04,1.6738,0.7361601884570083
2011-02-07,1.6776,0.7376263185070444
2011-02-08,1.6711,0.7306202966318405
2011-02-09,1.6643,0.7305669199298656
2011-02-10,1.668,0.7332991127080737
2011-02-11,1.6679,0.7396449704142012
2011-02-14,1.6681,0.742170105388155
2011-02-15,1.6682,0.7410701052319549
2011-02-16,1.6704,0.7381708127260648
2011-02-17,1.6661,0.7346459006758742
2011-02-18,1.6677,0.731368390258173
2011-02-21,1.6667,
2011-02-22,1.6694,0.7320108337603396
2011-02-23,1.672,0.7268498328245385
2011-02-24,1.6649,0.724952878062926
2011-02-25,1.6625,0.7269026677327907
2011-02-28,1.6612,0.7250054375407816
2011-03-01,1.6627,0.7239556939115326
2011-03-02,1.661,0.7210325185665873
2011-03-03,1.6545,0.7170000717000071
2011-03-04,1.6462,0.7151541157119359
2011-03-07,,0.7155123068116772
2011-03-08,,0.718803910293272
2011-03-09,1.6559,0.7191140514885661
2011-03-10,1.6612,0.7234319612240468
2011-03-11,1.6649,0.7212925562608193
2011-03-14,1.6631,0.7155635062611807
2011-03-15,1.6692,0.715922107674685
2011-03-16,1.6674,0.7182876023559833
2011-03-17,1.6757,0.7132158904500393
2011-03-18,1.672,0.7071635669330316
2011-03-21,1.6652,0.7050197405527354
2011-03-22,1.6638,0.7036307345904869
2011-03-23,1.6602,0.7080147267063155
2011-03-24,1.6593,0.7042253521126761
2011-03-25,1.6581,0.7070135746606334
2011-03-28,1.6614,0.7090187180941576
2011-03-29,1.6546,0.7097232079488999
2011-03-30,1.636,0.7094714437743881
2011-03-31,1.6287,0.7050694493407601
2011-04-01,1.6194,0.7034822370735139
2011-04-04,1.611,0.7031854299978905
2011-04-05,1.6087,0.7027406886858749
2011-04-06,1.6097,0.6976906439684644
2011-04-07,1.5927,0.6999370056694897
2011-04-08,1.5762,0.6926646810279143
2011-04-11,1.5805,0.6918500069185001
2011-04-12,1.587,0.6918021445866482
2011-04-13,1.5864,0.6907508461697865
2011-04-14,1.5842,0.6913716814159292
2011-04-15,1.5776,0.6923769300006924
2011-04-18,1.5912,0.7036802476954471
2011-04-19,1.5792,0.6983727913960472
2011-04-20,1.5722,0.68903741473162
2011-04-21,,0.6856359273225917
2011-04-22,,0.6875214850464078
2011-04-25,1.572,0.686059275521405
2011-04-26,1.5654,0.6837606837606838
2011-04-27,1.5705,0.6821747731768879
2011-04-28,1.5853,0.6763611768684478
2011-04-29,1.5733,0.6747183051076175
2011-05-02,1.5747,0.6724949562878278
2011-05-03,1.589,0.6722689075630252
2011-05-04,1.603,0.672992798977051
2011-05-05,1.6219,0.6857299595419324
2011-05-06,1.6111,0.689893066574681
2011-05-09,1.6199,0.6992518005733865
2011-05-10,1.6069,0.6964758322886196
2011-05-11,1.6178,0.7008199593524423
2011-05-12,1.6207,0.7027900766041183
2011-05-13,1.6328,0.7071635669330316
2011-05-16,1.6317,0.703284337857796
2011-05-17,1.629,0.7064641469445426
2011-05-18,1.6166,0.7007708479327259
2011-05-19,1.6165,0.7015574575557738
2011-05-20,1.6169,0.7056167090036692
2011-05-23,1.6339,0.7135212272565109
2011-05-24,1.6256,0.7088679379031686
2011-05-25,1.6297,0.7091192738618636
2011-05-26,1.6196,0.7098239636570131
2011-05-27,1.6038,0.6999370056694897
2011-05-30,1.5958,
2011-05-31,1.5799,0.6956037840845855
2011-06-01,1.5878,0.692952671332548
2011-06-02,1.5805,0.6931928462498267
2011-06-03,1.5744,0.6847439057792386
2011-06-06,1.581,0.6839945280437757
2011-06-07,1.5764,0.6814310051107325
2011-06-08,1.582,0.6855419208884623
2011-06-09,1.5877,0.6880418329434429
2011-06-10,1.5938,0.6961364427427775
2011-06-13,1.5888,0.6959910913140311
2011-06-14,1.5821,0.6909417536101706
2011-06-15,1.596,0.7031854299978905
2011-06-16,1.6108,0.7064641469445426
2011-06-17,1.5979,0.6980315510261064
2011-06-20,1.5969,0.6983240223463687
2011-06-21,1.591,0.6944926731022988
2011-06-22,1.5877,0.6942997986530585
2011-06-23,,0.7059155724975292
2011-06-24,1.5988,0.7047713017125943
2011-06-27,1.5969,0.7001820473323065
2011-06-28,1.5833,0.6959910913140311
2011-06-29,1.573,0.6930967563071805
2011-06-30,1.5611,0.6885629690835228
2011-07-01,1.5599,0.6892748828232699
2011-07-04,1.558,
2011-07-05,1.5637,0.691085003455425
2011-07-06,1.5662,0.6978854072161351
2011-07-07,1.5581,0.6969126768415917
2011-07-08,1.5634,0.7017051434987018
2011-07-11,1.5796,0.7125552230297848
2011-07-12,1.5773,0.7135721421435707
2011-07-13,1.5762,0.7058657443354274
2011-07-14,1.5729,0.7051191651389085
2011-07-15,1.5743,0.7064142413111049
2011-07-18,1.5828,0.7121492664862555
2011-07-19,1.5691,0.7064142413111049
2011-07-20,1.5651,0.70482097547223
2011-07-21,1.5567,0.6957973838018369
2011-07-22,1.5547,0.6960879855213699
2011-07-25,1.5449,0.6965243435258063
2011-07-26,1.5345,0.689893066574681
2011-07-27,1.5639,0.6957489737702637
2011-07-28,1.5651,0.699154023631406
2011-07-29,1.5563,0.6950236308034473
2011-08-01,1.5551,0.7041261794113506
2011-08-02,1.5656,0.7026419336706015
2011-08-03,1.5651,0.6983240223463687
2011-08-04,1.5752,0.7063144511936714
2011-08-05,1.5895,0.7063144511936714
2011-08-08,1.5999,0.7021978793624044
2011-08-09,1.6334,0.7021485746383935
2011-08-10,1.6183,0.7045726766715986
2011-08-11,1.6306,0.7027406886858749
2011-08-12,1.6157,0.7022965095863474
2011-08-15,1.5956,0.691945751453086
2011-08-16,1.5918,0.693433187712364
2011-08-17,1.583,0.6927126627874758
2011-08-18,1.6062,0.6983240223463687
2011-08-19,1.596,0.6940588561910049
2011-08-22,1.6009,0.6952169076751947
2011-08-23,1.6036,0.692952671332548
2011-08-24,1.6039,0.6943480072212194
2011-08-25,1.6154,0.6954102920723227
2011-08-26,1.6114,0.6914194842010648
2011-08-29,1.5974,0.6891798759476223
2011-08-30,1.5904,0.6927606511950121
2011-08-31,1.5872,0.6941552131056504
2011-09-01,1.604,0.7001330252748023
2011-09-02,1.6343,0.7040766035344646
2011-09-05,1.6522,
2011-09-06,1.6583,0.7143367383384528
2011-09-07,,0.7113387395077536
2011-09-08,1.6566,0.7170000717000071
2011-09-09,1.6774,0.7317430118542367
2011-09-12,1.6899,0.7334066740007334
2011-09-13,1.7127,0.7309941520467835
2011-09-14,1.7288,0.7293946024799417
2011-09-15,1.7106,0.7216048491845866
2011-09-16,1.7122,0.725531451788435
2011-09-19,1.7763,0.7333528894103843
2011-09-20,1.787,0.7300868803387603
2011-09-21,1.828,0.728650539201399
2011-09-22,1.9016,0.7437156031533542
2011-09-23,1.8735,0.7397544015386892
2011-09-26,1.8445,0.7398638650488311
2011-09-27,1.8008,0.7349698662354843
2011-09-28,1.8131,0.7337833871441151
2011-09-29,1.8291,0.7331915829606277
2011-09-30,1.8544,0.743549706297866
2011-10-03,1.8811,0.7529553497477599
2011-10-04,1.8856,0.7522190461862495
2011-10-05,1.8456,0.7503001200480193
2011-10-06,1.8116,0.7458233890214797
2011-10-07,1.7666,0.7400828892835998
2011-10-10,1.7478,
2011-10-11,1.7658,0.7322252324815114
2011-10-12,,0.7243752263672583
2011-10-13,1.7536,0.7283321194464676
2011-10-14,1.7376,0.7214486689272058
2011-10-17,1.7488,0.7262164124909223
2011-10-18,1.7724,0.7289161017566879
2011-10-19,1.7604,0.7259528130671506
2011-10-20,1.7826,0.7314218841427735
2011-10-21,1.7803,0.7208246233691343
2011-10-24,1.7768,0.7177720356014929
2011-10-25,1.7548,0.7188555819135936
2011-10-26,1.7606,0.7226477814713109
2011-10-27,1.7323,0.7056167090036692
2011-10-28,1.6986,0.7060152499293985
2011-10-31,1.6885,0.7170000717000071
2011-11-01,1.7506,0.7312079555425564
2011-11-02,,0.7244801854669274
2011-11-03,1.727,0.7275902211874272
2011-11-04,1.7415,0.7266913741733885
2011-11-07,1.7503,0.7275902211874272
2011-11-08,1.7453,0.7254261878853826
2011-11-09,1.7516,0.7355104442483084
2011-11-10,1.761,0.7352941176470588
2011-11-11,1.7547,
2011-11-14,1.7649,0.7339449541284403
2011-11-15,,0.7394262052647146
2011-11-16,1.7772,0.7404664938911514
2011-11-17,1.7775,0.7395355716609968
2011-11-18,1.7723,0.7395902669920863
2011-11-21,1.8061,0.7393715341959335
2011-11-22,1.8069,0.7407407407407407
2011-11-23,1.8441,0.749232037161909
2011-11-24,1.866,
2011-11-25,1.8937,0.7550588945937783
2011-11-28,1.8596,0.7499625018749063
2011-11-29,1.8486,0.7494566439331485
2011-11-30,1.8109,0.7433286255853713
2011-12-01,1.7929,0.7414547341884777
2011-12-02,1.7843,0.7470491558344539
2011-12-05,1.783,0.7427764985515858
2011-12-06,1.7913,0.7464357692020602
2011-12-07,1.798,0.7470491558344539
2011-12-08,1.7941,0.7505253677574302
2011-12-09,1.813,0.7480550568521843
2011-12-12,1.8219,0.7582650894752806
2011-12-13,1.8409,0.7637085688101422
2011-12-14,1.8728,0.7708911501695961
2011-12-15,1.8609,0.7684623069238454
2011-12-16,1.8465,0.7677543186180422
2011-12-19,1.8616,0.7682261657832066
2011-12-20,1.8508,0.7647598654022636
2011-12-21,1.8556,0.7668711656441718
2011-12-22,1.8578,0.7665772326561902
2011-12-23,1.856,0.7668711656441718
2011-12-26,1.8566,
2011-12-27,1.8585,0.764876854826373
2011-12-28,1.8634,0.7736345350456445
2011-12-29,1.8758,0.7720815318097591
2011-12-30,1.8758,0.7708317274339013
2012-01-02,1.8683,
2012-01-03,1.8457,0.7656381594058648
2012-01-04,1.8272,0.7733952049497294
2012-01-05,1.8371,0.7822889775483064
2012-01-06,1.8449,0.7859781498074354
2012-01-09,1.8442,0.7846214201647705
2012-01-10,1.8042,0.7823501799405413
2012-01-11,1.8048,0.7882705344474223
2012-01-12,1.7874,0.7801529099703541
2012-01-13,1.7853,0.7885191610156127
2012-01-16,1.7836,
2012-01-17,1.776,0.7849293563579278
2012-01-18,1.7791,0.7797270955165693
2012-01-19,1.7648,0.7729767334003246
2012-01-20,1.767,0.7723200494284832
2012-01-23,1.7528,0.7671653241273494
2012-01-24,1.7649,0.7689941556444171
2012-01-25,1.7632,0.7705347511172753
2012-01-26,1.7389,0.7603406326034063
2012-01-27,1.7436,0.7580351728320195
2012-01-30,1.7509,0.7620208793720947
2012-01-31,1.7391,0.7661074082586379
2012-02-01,1.7376,0.758782912208817
2012-02-02,1.7326,0.75947444368497
2012-02-03,1.7223,0.7630093087135663
2012-02-06,1.7249,0.7616146230007617
2012-02-07,1.7261,0.7550588945937783
2012-02-08,1.7195,0.7545461404964914
2012-02-09,1.7225,0.7520493344363389
2012-02-10,1.726,0.758322590429969
2012-02-13,1.7169,0.7569449701006737
2012-02-14,1.7173,0.7605141075366948
2012-02-15,1.7158,0.7641170627340108
2012-02-16,1.7326,0.7627765064836003
2012-02-17,1.7136,0.7605141075366948
2012-02-20,,
2012-02-21,,0.7544322897019993
2012-02-22,1.7076,0.7546600256584409
2012-02-23,1.704,0.7514277126540427
2012-02-24,1.7098,0.7427764985515858
2012-02-27,1.7088,0.7457121551081283
2012-02-28,1.7024,0.7433838834374071
2012-02-29,1.7092,0.7485590238790328
2012-03-01,1.7152,0.7507507507507507
2012-03-02,1.7245,0.7574609907589759
2012-03-05,1.7314,0.7560864962951762
2012-03-06,1.7556,0.7625438462711607
2012-03-07,1.7692,0.7605141075366948
2012-03-08,1.7697,0.7543753771876887
2012-03-09,1.7767,0.7628928898382668
2012-03-12,1.8157,0.7609770945894528
2012-03-13,1.8102,0.7628346937218705
2012-03-14,1.8146,0.7677543186180422
2012-03-15,1.8006,0.7651109410864576
2012-03-16,1.8018,0.7592437931819908
2012-03-19,1.809,0.7551729346020238
2012-03-20,1.8259,0.7563152321887763
2012-03-21,1.8267,0.7581501137225171
2012-03-22,1.825,0.757920266787934
2012-03-23,1.8194,0.7539772298876574
2012-03-26,1.8143,0.7503001200480193
2012-03-27,1.8135,0.7498500299940013
2012-03-28,1.8223,0.7518796992481203
2012-03-29,1.8334,0.7538635506973238
2012-03-30,1.8221,0.7499625018749063
2012-04-02,1.8314,0.7504690431519699
2012-04-03,1.8256,0.7497938067031565
2012-04-04,1.8316,0.7618467164406522
2012-04-05,1.8301,0.7654623392529087
2012-04-06,,0.7640003056001222
2012-04-09,1.826,0.7641170627340108
2012-04-10,1.8317,0.7652280379553107
2012-04-11,1.8303,0.7631257631257631
2012-04-12,1.827,0.7592437931819908
2012-04-13,1.8364,0.7644091117566121
2012-04-16,1.8373,0.7652865998316369
2012-04-17,1.8454,0.7620208793720947
2012-04-18,1.8694,0.7620789513793629
2012-04-19,1.8867,0.7614986293024673
2012-04-20,1.8786,0.7568876778686043
2012-04-23,1.8864,0.7616726331022926
2012-04-24,1.878,0.7571742257893541
2012-04-25,1.8807,0.757002271006813
2012-04-26,1.8871,0.7557436517533254
2012-04-27,1.8852,0.7548309178743962
2012-04-30,1.8918,0.7559150351500492
2012-05-01,,0.7560864962951762
2012-05-02,1.9149,0.7602250266078759
2012-05-03,1.9277,0.7606298014756219
2012-05-04,1.921,0.7638835841417768
2012-05-07,1.9268,0.7661661048115231
2012-05-08,1.9366,0.768344218209758
2012-05-09,1.9577,0.771962328238382
2012-05-10,1.9581,0.7716644802839725
2012-05-11,1.9513,0.7729767334003246
2012-05-14,1.9866,0.7783918424534911
2012-05-15,1.9947,0.783146683373796
2012-05-16,1.9974,0.7855459544383347
2012-05-17,1.9973,0.7868439688409788
2012-05-18,2.0095,0.7861017215627703
2012-05-21,2.0374,0.783146683373796
2012-05-22,2.0493,0.7852375343541421
2012-05-23,2.0816,0.7956082425013924
2012-05-24,2.0384,0.7947230390209012
2012-05-25,2.0032,0.7988496564946477
2012-05-28,1.9778,
2012-05-29,1.9944,0.800768737988469
2012-05-30,2.0078,0.8061265618702137
2012-05-31,2.0223,0.8087997411840828
2012-06-01,2.035,0.8051529790660226
2012-06-04,2.041,0.8003201280512204
2012-06-05,2.0266,0.804052424218059
2012-06-06,2.0183,0.7977662544874351
2012-06-07,,0.795671546785487
2012-06-08,2.0353,0.801153661272232
2012-06-11,2.0348,0.799744081893794
2012-06-12,2.0564,0.8014747134727899
2012-06-13,2.0604,0.7939028262940616
2012-06-14,2.0691,0.7931472081218275
2012-06-15,2.0443,0.7915776141850708
2012-06-18,2.0634,0.7950389569088885
2012-06-19,2.044,0.7878978884336589
2012-06-20,2.0293,0.7872156183578682
2012-06-21,2.0363,0.794533608771651
2012-06-22,2.0555,0.7971303308090874
2012-06-25,2.0718,0.8012820512820513
2012-06-26,2.0743,0.8018603159329644
2012-06-27,2.0764,0.8027614995584812
2012-06-28,2.0904,0.804311107536395
2012-06-29,2.0213,0.7893905904641617
2012-07-02,1.9893,0.7946598855689765
2012-07-03,1.9888,0.7923930269413629
2012-07-04,2.0201,
2012-07-05,2.0292,0.8074935400516796
2012-07-06,2.0359,0.8141333550435562
2012-07-09,2.0312,0.8130742336775347
2012-07-10,2.0332,0.8159934720522236
2012-07-11,2.031,0.8167265599477296
2012-07-12,2.0471,0.8197393228953193
2012-07-13,2.0338,0.8175277959450621
2012-07-16,2.038,0.8151952392598028
2012-07-17,2.0349,0.8173941474579042
2012-07-18,2.0258,0.8155941603458119
2012-07-19,2.0239,0.8158603247124092
2012-07-20,2.0227,0.8212877792378449
2012-07-23,2.0412,0.8246742536698005
2012-07-24,2.0418,0.8290499088045101
2012-07-25,2.0403,0.8242664029014177
2012-07-26,2.0255,0.8143322475570033
2012-07-27,2.0173,0.8084074373484236
2012-07-30,2.0313,0.8163265306122448
2012-07-31,2.0499,0.8120178643930166
2012-08-01,2.0432,0.8130742336775347
2012-08-02,2.0475,0.823113013416742
2012-08-03,2.0313,0.8071025020177562
2012-08-06,2.0279,0.8050233456770246
2012-08-07,2.0281,0.8050233456770246
2012-08-08,2.0273,0.8087997411840828
2012-08-09,2.0182,0.8144648965629582
2012-08-10,2.0175,0.813140348024069
2012-08-13,2.0266,0.8104384471999352
2012-08-14,2.0258,0.8110957904128477
2012-08-15,2.0234,0.8138020833333334
2012-08-16,2.0214,0.8093234056328908
2012-08-17,2.0182,0.8120178643930166
2012-08-20,2.0209,0.8101758081503687
2012-08-21,2.0173,0.8017960230917254
2012-08-22,2.021,0.8017960230917254
2012-08-23,2.0241,0.7947230390209012
2012-08-24,2.0255,0.7978935609989627
2012-08-27,2.0293,0.799105002397315
2012-08-28,2.0433,0.795924864692773
2012-08-29,2.0509,0.7975753708725475
2012-08-30,2.0513,0.8001920460910619
2012-08-31,2.0372,0.7950389569088885
2012-09-03,2.0335,
2012-09-04,2.0392,0.7957981855801369
2012-09-05,2.0385,0.7934618741569468
2012-09-06,2.0381,0.7920164739426581
2012-09-07,,0.7814942169427945
2012-09-10,2.0241,0.7815552950371238
2012-09-11,2.0197,0.7777259293824855
2012-09-12,2.0204,0.7755545214828602
2012-09-13,2.0254,0.7744733581164809
2012-09-14,2.0139,0.7609191903819814
2012-09-17,2.0312,0.7619047619047619
2012-09-18,2.0274,0.7662248103593595
2012-09-19,2.0236,0.7654037504783774
2012-09-20,2.0263,0.7723200494284832
2012-09-21,2.024,0.7698229407236336
2012-09-24,2.0273,0.7746533426291735
2012-09-25,2.0251,0.772499034376207
2012-09-26,2.0341,0.7780890133831311
2012-09-27,2.0311,0.7767593599502873
2012-09-28,2.0306,0.7778469197261978
2012-10-01,2.026,0.7751937984496123
2012-10-02,2.0266,0.7721411474017451
2012-10-03,2.0266,0.7746533426291735
2012-10-04,2.0224,0.7691716021844474
2012-10-05,2.0246,0.7657554177195803
2012-10-08,2.0313,
2012-10-09,2.0337,0.7766387076731904
2012-10-10,2.0378,0.7759155803848542
2012-10-11,2.0369,0.7735148514851485
2012-10-12,,0.7724393635099644
2012-10-15,2.0382,0.7722007722007722
2012-10-16,2.0351,0.7671064743786437
2012-10-17,2.0336,0.7614406457016676
2012-10-18,2.0295,0.7630093087135663
2012-10-19,2.0272,0.7679311933650744
2012-10-22,2.0266,0.7655209369976269
2012-10-23,2.0286,0.7709505820676895
2012-10-24,2.0263,0.7724393635099644
2012-10-25,2.0261,0.7717240314863405
2012-10-26,2.0263,0.7729169887154119
2012-10-29,2.0296,0.7748334108166745
2012-10-30,2.0323,0.7704753833115031
2012-10-31,2.0313,0.7717240314863405
2012-11-01,2.0312,0.7729767334003246
2012-11-02,,0.7783312577833126
2012-11-05,2.035,0.7818608287724785
2012-11-06,2.0341,0.7801529099703541
2012-11-07,2.033,0.7837604827964574
2012-11-08,2.0357,0.7849293563579278
2012-11-09,2.0512,0.7864726700747149
2012-11-12,2.0476,
2012-11-13,2.0614,0.786410821012897
2012-11-14,2.0629,0.7849293563579278
2012-11-15,,0.7822889775483064
2012-11-16,2.0712,0.7864726700747149
2012-11-19,2.0745,0.7808839606434484
2012-11-20,2.0835,0.7803964413922272
2012-11-21,2.0924,0.780274656679151
2012-11-22,2.0912,
2012-11-23,2.0985,0.7716644802839725
2012-11-26,2.0787,0.7712478790683326
2012-11-27,2.0752,0.7727975270479134
2012-11-28,2.0912,0.773814129846011
2012-11-29,2.0991,0.7720219254226821
2012-11-30,2.1074,0.7686395080707149
2012-12-03,2.1121,0.765345170671973
2012-12-04,2.1077,0.7644675483525724
2012-12-05,2.1046,0.7647013841095052
2012-12-06,2.0836,0.7711289327575571
2012-12-07,2.0804,0.7726781023025807
2012-12-10,2.081,0.7733952049497294
2012-12-11,2.0743,0.769704433497537
2012-12-12,2.0801,0.7669888019634913
2012-12-13,2.0751,0.7647013841095052
2012-12-14,2.084,0.7613826709304097
2012-12-17,2.0902,0.7593591009188245
2012-12-18,2.0966,0.7562008469449486
2012-12-19,2.0791,0.7541478129713424
2012-12-20,2.0625,0.7562008469449486
2012-12-21,2.0758,0.7595321282090233
2012-12-24,2.0774,0.758782912208817
2012-12-25,,
2012-12-26,2.0569,0.7559721802237678
2012-12-27,2.0483,0.7559721802237678
2012-12-28,2.0435,0.75642965204236
2012-12-31,2.0435,0.7583801001061732
2013-01-01,,
2013-01-02,2.0415,0.7578628268283442
2013-01-03,2.0464,0.7627765064836003
2013-01-04,2.0425,0.7664597225415805
2013-01-07,2.0312,0.7634170547370028
2013-01-08,2.0286,0.7652280379553107
2013-01-09,2.0417,0.7646429117602079
2013-01-10,2.0358,0.75642965204236
2013-01-11,2.0341,0.7488953793155096
2013-01-14,2.0334,0.7479991024010771
2013-01-15,2.0374,0.749512816669165
2013-01-16,2.0409,0.7515971439308531
2013-01-17,2.0411,0.7487271638215035
2013-01-18,2.0441,0.7517101405697962
2013-01-21,2.042,
2013-01-22,2.0471,0.751653638003608
2013-01-23,2.0394,0.7514277126540427
2013-01-24,2.0344,0.7474958887726117
2013-01-25,2.0285,0.7431629013079668
2013-01-28,2.0241,0.7429972509101715
2013-01-29,1.9912,0.7416196974191634
2013-01-30,1.99,0.7372456502506635
2013-01-31,1.9883,0.7361601884570083
2013-02-01,1.9843,0.7303534910896874
2013-02-04,1.9893,0.7392622163081245
2013-02-05,1.9881,0.7369739848183359
2013-02-06,1.9884,0.7392075694855116
2013-02-07,1.9789,0.7472724555372888
2013-02-08,1.9636,0.7481669908723627
2013-02-11,,0.7454897867899211
2013-02-12,,0.7434944237918216
2013-02-13,1.967,0.74360499702558
2013-02-14,1.9666,0.7499625018749063
2013-02-15,1.96,0.74839095943721
2013-02-18,1.9676,
2013-02-19,1.9597,0.7469933517591694
2013-02-20,1.957,0.7490636704119851
2013-02-21,1.972,0.7573462587094819
2013-02-22,1.9705,0.7595321282090233
2013-02-25,1.9676,0.7591861524445794
2013-02-26,1.9818,0.7660487206986365
2013-02-27,1.9807,0.7631257631257631
2013-02-28,1.9754,0.7645844483523204
2013-03-01,1.9848,0.769941484447182
2013-03-04,1.9827,0.7694675284702985
2013-03-05,1.9693,0.7681081496274675
2013-03-06,1.9673,0.7698229407236336
2013-03-07,1.9642,0.7634753397465261
2013-03-08,1.9528,0.769704433497537
2013-03-11,1.9552,0.7684032580298141
2013-03-12,1.9585,0.7678722260615833
2013-03-13,1.9619,0.7722604062089737
2013-03-14,1.9676,0.7707723138584861
2013-03-15,1.9749,0.7647598654022636
2013-03-18,1.9871,0.7718431614695893
2013-03-19,1.983,0.7759155803848542
2013-03-20,1.9868,0.7722007722007722
2013-03-21,1.9931,0.7735148514851485
2013-03-22,2.0126,0.7694675284702985
2013-03-25,2.014,0.7763372408974458
2013-03-26,2.0087,0.7777259293824855
2013-03-27,2.0185,0.7823501799405413
2013-03-28,2.0138,0.778694907335306
2013-03-29,,0.780274656679151
2013-04-01,2.0186,0.7777864198491093
2013-04-02,2.0179,0.779058896852602
2013-04-03,2.0239,0.7783918424534911
2013-04-04,2.0201,0.7779679477205539
2013-04-05,2.0035,0.7676364473785215
2013-04-08,1.9902,0.7687576875768758
2013-04-09,1.9861,0.7638252367858235
2013-04-10,1.981,0.7656967840735068
2013-04-11,1.9736,0.7619628162145687
2013-04-12,1.9761,0.7637085688101422
2013-04-15,1.979,0.7644091117566121
2013-04-16,1.9903,0.7609770945894528
2013-04-17,1.9939,0.766342248448157
2013-04-18,2.0152,0.7649938800489596
2013-04-19,2.0089,0.765345170671973
2013-04-22,2.0154,0.7662835249042146
2013-04-23,2.017,0.7685213648939441
2013-04-24,2.0244,0.7694083249980764
2013-04-25,2.0119,0.7689941556444171
2013-04-26,2.0001,0.7678132678132679
2013-04-29,1.9999,0.7639419404125287
2013-04-30,2.0017,0.7594167679222358
2013-05-01,,0.7580351728320195
2013-05-02,2.0095,0.765345170671973
2013-05-03,2.0093,0.762660158633313
2013-05-06,2.0143,0.7652865998316369
2013-05-07,2.011,0.7642338555598013
2013-05-08,2.003,0.7588980799878576
2013-05-09,2.0051,0.7630675314765357
2013-05-10,2.0231,0.7719027402547278
2013-05-13,2.015,0.77035667514059
2013-05-14,2.0063,0.7710694733595498
2013-05-15,2.0233,0.7777864198491093
2013-05-16,2.0254,0.7753140021708792
2013-05-17,2.0354,0.7801529099703541
2013-05-20,2.0333,0.777302759424796
2013-05-21,2.0402,0.774593338497289
2013-05-22,2.0387,0.777363184079602
2013-05-23,2.0537,0.7725587144622992
2013-05-24,2.0495,0.7739938080495355
2013-05-27,2.0527,
2013-05-28,2.0616,0.7770007770007771
2013-05-29,2.0894,0.7725587144622992
2013-05-30,,0.7667535654040791
2013-05-31,2.1319,0.769941484447182
2013-06-03,2.1355,0.7634753397465261
2013-06-04,2.1282,0.7648183556405354
2013-06-05,2.1235,0.7640586797066015
2013-06-06,2.125,0.7548309178743962
2013-06-07,2.1372,0.7551729346020238
2013-06-10,2.1506,0.7556294393229561
2013-06-11,2.1521,0.7531254707034192
2013-06-12,2.142,0.7488392990864161
2013-06-13,2.1447,0.751089079164789
2013-06-14,2.1367,0.7501875468867217
2013-06-17,2.1538,0.7495689978262499
2013-06-18,2.1706,0.7458790184232118
2013-06-19,2.1744,0.7460459564309161
2013-06-20,2.2523,0.7567731194187983
2013-06-21,2.2648,0.7626019980172348
2013-06-24,2.2515,0.7638835841417768
2013-06-25,2.2185,0.764525993883792
2013-06-26,2.1975,0.7688759034291865
2013-06-27,2.1846,0.7682851874615857
2013-06-28,2.2156,0.7686395080707149
2013-07-01,2.2297,0.7656967840735068
2013-07-02,2.2412,0.7682261657832066
2013-07-03,2.2634,0.7689350249903883
2013-07-04,2.2595,
2013-07-05,2.2645,0.7793624814901411
2013-07-08,2.2583,0.7774236181295188
2013-07-09,2.2628,0.7828401440425864
2013-07-10,2.2697,0.7784524365561264
2013-07-11,2.2672,0.7665184730952016
2013-07-12,2.267,0.7664009809932557
2013-07-15,2.2548,0.7669299792928905
2013-07-16,2.2353,0.7608034083992696
2013-07-17,2.2372,0.7637085688101422
2013-07-18,2.2297,0.7646429117602079
2013-07-19,2.2364,0.7609191903819814
2013-07-22,2.2386,0.7579777154551657
2013-07-23,2.2267,0.7568876778686043
2013-07-24,2.2348,0.7559721802237678
2013-07-25,2.2497,0.7556294393229561
2013-07-26,2.2488,0.7536362951239732
2013-07-29,2.2609,0.7540340823405217
2013-07-30,2.2734,0.7538067239559777
2013-07-31,2.2903,0.7528986598403855
2013-08-01,2.2914,0.7566013467503971
2013-08-02,2.2933,0.753693096171239
2013-08-05,2.301,0.75431847325941
2013-08-06,2.2955,0.7521058965102287
2013-08-07,2.3028,0.7502438292445045
2013-08-08,2.2882,0.7467144563918757
2013-08-09,2.2748,0.7497375918428549
2013-08-12,2.2722,0.7512019230769231
2013-08-13,2.3035,0.7548878991469766
2013-08-14,2.3118,0.7543753771876887
2013-08-15,2.3434,0.7539772298876574
2013-08-16,2.3565,0.7506943923128894
2013-08-19,2.398,0.7491759065028468
2013-08-20,2.3943,0.7448234768359898
2013-08-21,2.4169,0.7480550568521843
2013-08-22,2.4457,0.74839095943721
2013-08-23,2.3868,0.7467144563918757
2013-08-26,2.3705,0.7479991024010771
2013-08-27,2.3998,0.7469933517591694
2013-08-28,2.3515,0.75041272699985
2013-08-29,2.3578,0.7559721802237678
2013-08-30,2.3725,0.7578053955744164
2013-09-02,2.3643,
2013-09-03,2.3897,0.7596475235490732
2013-09-04,2.3538,0.7568876778686043
2013-09-05,2.3314,0.7621951219512195
2013-09-06,2.2979,0.7595321282090233
2013-09-09,2.2868,0.7541478129713424
2013-09-10,2.2779,0.7541478129713424
2013-09-11,2.2947,0.7518231711901361
2013-09-12,2.2769,0.7510326699211416
2013-09-13,2.2785,0.7532389273877674
2013-09-16,2.2649,0.7490636704119851
2013-09-17,2.2617,0.748671108781912
2013-09-18,2.2489,0.7490075649764063
2013-09-19,2.2036,0.7392622163081245
2013-09-20,2.2053,0.7395355716609968
2013-09-23,2.2033,0.7396449704142012
2013-09-24,2.2031,0.7412898443291327
2013-09-25,2.2224,0.7387706855791962
2013-09-26,2.2285,0.7416196974191634
2013-09-27,2.2571,0.7387161113983897
2013-09-30,2.23,0.7388252678241596
2013-10-01,2.2123,0.7388798581350673
2013-10-02,2.2088,0.7357268981753973
2013-10-03,2.2069,0.7330303474563846
2013-10-04,2.2051,0.7362685907819172
2013-10-07,2.2087,0.7369739848183359
2013-10-08,2.2016,0.7362685907819172
2013-10-09,2.2054,0.7400281210686006
2013-10-10,2.185,0.7388252678241596
2013-10-11,2.1821,0.7375175160410059
2013-10-14,2.1817,
2013-10-15,2.1818,0.7410701052319549
2013-10-16,2.1629,0.7412898443291327
2013-10-17,2.1611,0.7318501170960187
2013-10-18,2.1616,0.7303001533630322
2013-10-21,2.1738,0.7314218841427735
2013-10-22,2.176,0.7257947452460445
2013-10-23,2.1826,0.7253735673872044
2013-10-24,2.2003,0.724112961622013
2013-10-25,2.1848,0.724952878062926
2013-10-28,2.1846,0.7253735673872044
2013-10-29,2.1804,0.7262164124909223
2013-10-30,2.1888,0.7261636772928618
2013-10-31,2.2026,0.7356186552890982
2013-11-01,2.2468,0.741399762752076
2013-11-04,2.2426,0.7398638650488311
2013-11-05,2.2747,0.7423904974016333
2013-11-06,2.2785,0.7390983000739099
2013-11-07,2.2825,0.7468259895444361
2013-11-08,2.317,0.748671108781912
2013-11-11,2.3142,
2013-11-12,2.3362,0.7447125409591897
2013-11-13,2.3234,0.7431629013079668
2013-11-14,2.3289,0.7425007425007425
2013-11-15,,0.7418397626112759
2013-11-18,2.2828,0.7396449704142012
2013-11-19,2.2662,0.7391529307413703
2013-11-20,2.2726,0.743439149505613
2013-11-21,2.3067,0.7423904974016333
2013-11-22,2.2913,0.7381708127260648
2013-11-25,2.2871,0.7406310176270182
2013-11-26,2.304,0.7377351530800443
2013-11-27,2.3058,0.737300007373
2013-11-28,2.3208,
2013-11-29,2.3249,0.7349698662354843
2013-12-02,2.3449,0.7378984651711925
2013-12-03,2.3558,0.7350779182593354
2013-12-04,2.374,0.7377351530800443
2013-12-05,2.3747,0.7318501170960187
2013-12-06,2.3525,0.7304601899196493
2013-12-09,2.3225,0.7285443683520326
2013-12-10,2.3102,0.726480203414457
2013-12-11,2.3262,0.7247427163357009
2013-12-12,2.3338,0.7271669575334497
2013-12-13,2.3354,0.728650539201399
2013-12-16,2.3255,0.7269026677327907
2013-12-17,2.3221,0.7273785277858598
2013-12-18,2.3274,0.726427429899753
2013-12-19,2.3528,0.7317430118542367
2013-12-20,2.3817,0.731368390258173
2013-12-23,2.3706,0.7298737318443909
2013-12-24,2.3554,0.7312079555425564
2013-12-25,,
2013-12-26,2.3507,0.7304601899196493
2013-12-27,2.3538,0.726427429899753
2013-12-30,2.3426,0.7237984944991315
2013-12-31,2.3426,0.7257420712678715
2014-01-01,,
2014-01-02,2.3975,0.731528895391368
2014-01-03,2.3741,0.7349698662354843
2014-01-06,2.3789,0.7333528894103843
2014-01-07,2.3634,0.7343222205903951
2014-01-08,2.3779,0.7360518180479906
2014-01-09,2.396,0.7357810315650063
2014-01-10,2.3819,0.7318501170960187
2014-01-13,2.3491,0.7327617791455997
2014-01-14,2.3617,0.730887297178775
2014-01-15,2.347,0.7350779182593354
2014-01-16,2.3683,0.7352941176470588
2014-01-17,2.3601,0.7377895824110964
2014-01-20,2.3335,
2014-01-21,2.3608,0.7374631268436578
2014-01-22,2.3601,0.7382253063635021
2014-01-23,2.3761,0.7309941520467835
2014-01-24,2.4129,0.7309941520467835
2014-01-27,2.4044,0.7310475911981871
2014-01-28,2.4165,0.7319572536963841
2014-01-29,2.4397,0.7319036814755178
2014-01-30,2.4224,0.738061849582995
2014-01-31,2.4263,0.7407407407407407
2014-02-03,2.409,0.7394808844191377
2014-02-04,2.4177,0.7403568520026653
2014-02-05,2.4106,0.7396996819291367
2014-02-06,2.4041,0.7350779182593354
2014-02-07,2.3817,0.7345379756133392
2014-02-10,2.3936,0.732922896511287
2014-02-11,2.4076,0.7323861139592793
2014-02-12,2.4086,0.7357268981753973
2014-02-13,2.4238,0.7315824127587973
2014-02-14,2.3924,0.7304601899196493
2014-02-17,2.387,
2014-02-18,2.3983,0.7268498328245385
2014-02-19,2.3986,0.7266385699752942
2014-02-20,2.3799,0.7304601899196493
2014-02-21,2.3625,0.7287567409998542
2014-02-24,2.3391,0.7275902211874272
2014-02-25,2.3367,0.7273256236817223
2014-02-26,2.3454,0.7316359379572724
2014-02-27,2.3436,0.728650539201399
2014-02-28,2.3334,0.7243227582210633
2014-03-03,,0.7265857734505557
2014-03-04,,0.728279076542131
2014-03-05,2.324,0.72811999417504
2014-03-06,2.3094,0.7221259387637203
2014-03-07,2.3382,0.7210845111047015
2014-03-10,2.341,0.7204610951008646
2014-03-11,2.3461,0.7211365111415591
2014-03-12,2.3649,0.7192174913693901
2014-03-13,2.3486,0.7180297264306742
2014-03-14,2.3638,0.7181844297615627
2014-03-17,2.3518,0.7180297264306742
2014-03-18,2.3522,0.718752246100769
2014-03-19,2.3338,0.7189072609633357
2014-03-20,2.342,0.7254788160185722
2014-03-21,2.3245,0.725531451788435
2014-03-24,2.3248,0.7254788160185722
2014-03-25,2.3124,0.7258474268708718
2014-03-26,2.3119,0.7253735673872044
2014-03-27,2.283,0.7271669575334497
2014-03-28,2.2603,0.7271140841998109
2014-03-31,2.263,0.7258474268708718
2014-04-01,2.262,0.7244277021153288
2014-04-02,2.2711,0.7266913741733885
2014-04-03,2.2811,0.7295010213014298
2014-04-04,2.242,0.7297139521307647
2014-04-07,2.2326,0.7275372862859221
2014-04-08,2.1974,0.7245326764237067
2014-04-09,2.2111,0.7237984944991315
2014-04-10,2.1987,0.7198387561186295
2014-04-11,2.2059,0.7195279896387969
2014-04-14,2.2096,0.7233796296296295
2014-04-15,2.2257,0.7243227582210633
2014-04-16,2.2342,0.7235890014471781
2014-04-17,2.2482,0.7229612492770388
2014-04-18,,0.7237984944991315
2014-04-21,,0.7251631617113851
2014-04-22,2.2449,0.7244277021153288
2014-04-23,2.2426,0.7239032865209208
2014-04-24,2.2229,0.7231703789412786
2014-04-25,2.2325,0.7226477814713109
2014-04-28,2.237,0.722334585379948
2014-04-29,2.2199,0.7242178447276941
2014-04-30,2.236,0.7209805335255948
2014-05-01,,0.7211365111415591
2014-05-02,2.2221,0.7212925562608193
2014-05-05,2.2286,0.7202535292422932
2014-05-06,2.2322,0.7181844297615627
2014-05-07,2.2282,0.7185456635769203
2014-05-08,2.2107,0.7212925562608193
2014-05-09,2.2192,0.7265857734505557
2014-05-12,2.2164,0.7267441860465117
2014-05-13,2.2101,0.7293414047115455
2014-05-14,2.2129,0.7289692374981777
2014-05-15,2.2166,0.7292882147024504
2014-05-16,2.211,0.7295010213014298
2014-05-19,2.2111,0.7290755322251385
2014-05-20,2.2156,0.7298204641658151
2014-05-21,2.2111,0.7322252324815114
2014-05-22,2.2131,0.732493407559332
2014-05-23,2.2187,0.7337833871441151
2014-05-26,2.2209,
2014-05-27,2.2354,0.7343222205903951
2014-05-28,2.2405,0.7355104442483084
2014-05-29,2.2251,0.7348618459729571
2014-05-30,2.239,0.7331378299120234
2014-06-02,2.264,0.7349698662354843
2014-06-03,2.2654,0.733998825601879
2014-06-04,2.2802,0.7342683016374183
2014-06-05,2.2695,0.7343222205903951
2014-06-06,2.2445,0.7331915829606277
2014-06-09,2.2336,0.7358893222459342
2014-06-10,2.2296,0.7383888355608063
2014-06-11,2.2307,0.7389890629618682
2014-06-12,2.2306,0.737680731779286
2014-06-13,2.2347,0.7395355716609968
2014-06-16,2.2313,0.7364854912358227
2014-06-17,2.2486,0.7383888355608063
2014-06-18,2.2534,0.7370826269624825
2014-06-19,,0.7342143906020557
2014-06-20,2.238,0.7360518180479906
2014-06-23,2.2195,0.7356727727506805
2014-06-24,2.2217,0.7359434795407712
2014-06-25,2.2052,0.7332453438920663
2014-06-26,2.2089,0.7347538574577517
2014-06-27,2.1975,0.7336218912772358
2014-06-30,2.2025,0.7304601899196493
2014-07-01,2.2054,0.7309407207075506
2014-07-02,2.2134,0.7322788517867604
2014-07-03,2.2281,0.7347538574577517
2014-07-04,2.2149,
2014-07-07,2.2201,0.7350779182593354
2014-07-08,2.215,0.7345379756133392
2014-07-09,2.2139,0.7336757153338225
2014-07-10,2.2237,0.7352941176470588
2014-07-11,2.2228,0.7354022650389763
2014-07-14,2.2176,0.7342143906020557
2014-07-15,2.2195,0.7367567965814484
2014-07-16,2.2193,0.7390983000739099
2014-07-17,2.2403,0.7390983000739099
2014-07-18,2.2362,0.7399186089530152
2014-07-21,2.2238,0.7394262052647146
2014-07-22,2.2129,0.7423904974016333
2014-07-23,2.2202,0.7428316743425939
2014-07-24,2.2204,0.7425007425007425
2014-07-25,2.2293,0.7445461990916536
2014-07-28,2.2302,0.744047619047619
2014-07-29,2.2278,0.7457121551081283
2014-07-30,2.2447,0.7474958887726117
2014-07-31,2.2674,0.7468259895444361
2014-08-01,2.2607,0.7442691277165824
2014-08-04,2.2577,0.7454897867899211
2014-08-05,2.2756,0.7481669908723627
2014-08-06,2.279,0.7487832272557096
2014-08-07,2.2802,0.74839095943721
2014-08-08,2.2986,0.7456009543692216
2014-08-11,2.2779,0.7471049682480388
2014-08-12,2.277,0.748671108781912
2014-08-13,2.2692,0.7481110196753198
2014-08-14,2.2703,0.7476076555023924
2014-08-15,2.269,0.7467144563918757
2014-08-18,2.2595,0.7486150621350501
2014-08-19,2.2587,0.7507507507507507
2014-08-20,2.255,0.7527853056308341
2014-08-21,2.2582,0.7527853056308341
2014-08-22,2.2778,0.7554581853894387
2014-08-25,2.2808,0.7572315614114796
2014-08-26,2.2748,0.7582075972401243
2014-08-27,2.2591,0.7580351728320195
2014-08-28,2.2499,0.7588404917286385
2014-08-29,2.2396,0.7604562737642586
2014-09-01,2.2364,
2014-09-02,2.2521,0.7619628162145687
2014-09-03,2.2319,0.761266747868453
2014-09-04,2.2356,0.7736345350456445
2014-09-05,2.2416,0.7718431614695893
2014-09-08,2.2491,0.7723200494284832
2014-09-09,2.2813,0.7746533426291735
2014-09-10,2.2967,0.7747133560582585
2014-09-11,2.288,0.7730364873222015
2014-09-12,2.3251,0.7719027402547278
2014-09-15,2.3401,0.7721411474017451
2014-09-16,2.3351,0.7706535141800246
2014-09-17,2.3384,0.7717240314863405
2014-09-18,2.3668,0.7744133818632387
2014-09-19,2.3656,0.7791195948578106
2014-09-22,2.387,0.7794839816041781
2014-09-23,2.4026,0.7777259293824855
2014-09-24,2.407,0.781983109164842
2014-09-25,2.4085,0.7844367743959837
2014-09-26,2.431,0.7882705344474223
2014-09-29,2.4522,0.7872156183578682
2014-09-30,2.451,0.7918910357934749
2014-10-01,2.4623,0.7925186241876684
2014-10-02,2.4785,0.7892659826361484
2014-10-03,2.4932,0.7989134776703682
2014-10-06,2.4098,0.7941550190597204
2014-10-07,2.4038,0.7920164739426581
2014-10-08,2.4072,0.7884569896712135
2014-10-09,2.3914,0.7884569896712135
2014-10-10,2.4103,0.7913896802785692
2014-10-13,2.3923,
2014-10-14,2.3991,0.7898894154818326
2014-10-15,2.4316,0.7825950853028643
2014-10-16,2.477,0.7805182641273807
2014-10-17,2.4477,0.7840062720501764
2014-10-20,2.4554,0.7822889775483064
2014-10-21,2.4797,0.7859163784973279
2014-10-22,2.4781,0.7900142202559646
2014-10-23,2.5004,0.7900142202559646
2014-10-24,2.4805,0.7889546351084812
2014-10-27,2.5341,0.7866582756450597
2014-10-28,2.4869,0.7844983133286264
2014-10-29,2.4346,0.7835762419683435
2014-10-30,2.4119,0.7922674694977024
2014-10-31,2.4442,0.7980845969672786
2014-11-03,2.4839,0.8008328661808282
2014-11-04,2.5195,0.7965588657001752
2014-11-05,2.5168,0.800768737988469
2014-11-06,2.5325,0.8055421298533912
2014-11-07,2.5721,0.8050233456770246
2014-11-10,2.539,0.8048289738430584
2014-11-11,2.5644,
2014-11-12,2.555,0.8028259473346179
2014-11-13,2.5725,0.8015389547932029
2014-11-14,2.6136,0.800384184408516
2014-11-17,2.6035,0.8034064433196755
2014-11-18,2.5967,0.7978299026647518
2014-11-19,2.5849,0.7969397513547977
2014-11-20,2.545,0.7983394539358135
2014-11-21,2.5391,0.8068420203324189
2014-11-24,2.5282,0.8046994447573832
2014-11-25,2.5237,0.8017960230917254
2014-11-26,2.5103,0.7998080460689435
2014-11-27,2.5065,
2014-11-28,2.5601,0.8039877793857533
2014-12-01,2.5624,0.8006405124099278
2014-12-02,2.5664,0.8071025020177562
2014-12-03,2.5607,0.8127438231469442
2014-12-04,2.5797,0.8043758043758044
2014-12-05,2.5888,0.8127438231469442
2014-12-08,2.5923,0.8135372600065083
2014-12-09,2.6016,0.8054772452678212
2014-12-10,2.5931,0.8048289738430584
2014-12-11,2.6271,0.8066467693796886
2014-12-12,2.6558,0.8010253123998718
2014-12-15,2.6717,0.8019246190858058
2014-12-16,2.7403,0.799744081893794
2014-12-17,2.7246,0.8060615831049492
2014-12-18,2.6676,0.8136034496786266
2014-12-19,2.6486,0.8173273395995095
2014-12-22,2.6527,0.8161932745674175
2014-12-23,2.6775,0.8210180623973727
2014-12-24,2.6832,0.8204791598293403
2014-12-25,,
2014-12-26,2.6812,
2014-12-29,2.6783,0.8210854749979473
2014-12-30,2.6562,0.8214227041235419
2014-12-31,2.6562,0.8263779852904719
2015-01-01,,
2015-01-02,2.6929,0.8322929671244278
2015-01-05,2.7107,0.8390669575432119
2015-01-06,2.7023,0.8378016085790885
2015-01-07,2.6807,0.8460236886632826
2015-01-08,2.6919,0.8466683600033866
2015-01-09,2.6583,0.8453085376162299
2015-01-12,2.6575,0.8451656524678837
2015-01-13,2.6485,0.8489685032685288
2015-01-14,2.6222,0.8470269354565475
2015-01-15,2.6122,0.8622176237282291
2015-01-16,2.6193,0.8682816705739342
2015-01-19,2.6243,
2015-01-20,2.6247,0.8651267410675665
2015-01-21,2.5968,0.8632596685082872
2015-01-22,2.5754,0.8761170492377782
2015-01-23,2.5856,0.8866034222892101
2015-01-26,2.5966,0.8857395925597874
2015-01-27,2.5809,0.8795074758135444
2015-01-28,2.5797,0.881678716275789
2015-01-29,2.596,0.8843296781039971
2015-01-30,2.6623,0.8857395925597874
2015-02-02,2.6894,0.8820675663755845
2015-02-03,2.7059,0.8724480893386842
2015-02-04,2.7148,0.8758101243650377
2015-02-05,2.7386,0.8747375787263821
2015-02-06,2.7641,0.8826125330979699
2015-02-09,2.7873,0.8837044892188053
2015-02-10,2.8075,0.8837044892188053
2015-02-11,2.8576,0.8849557522123894
2015-02-12,2.8625,0.8764241893076249
2015-02-13,2.8392,0.876577840112202
2015-02-16,,
2015-02-17,,0.8775778850372971
2015-02-18,2.843,0.881678716275789
2015-02-19,2.8545,0.877808988764045
2015-02-20,2.8701,0.8793527963418923
2015-02-23,2.8811,0.8813678829543451
2015-02-24,2.8649,0.8844078889183691
2015-02-25,2.8646,0.8800492827598345
2015-02-26,2.8728,0.8919015340706387
2015-02-27,2.8782,0.8930963650977941
2015-03-02,2.8655,0.8936550491510277
2015-03-03,2.9051,0.8919015340706387
2015-03-04,2.9804,0.903342366757001
2015-03-05,2.9931,0.9085953116481919
2015-03-06,3.0366,0.921234454168586
2015-03-09,3.1018,0.9219988936013277
2015-03-10,3.1299,0.933968431867003
2015-03-11,3.1162,0.94553706505295
2015-03-12,3.1171,0.9420631182289212
2015-03-13,3.2264,0.9502090459901178
2015-03-16,3.2257,0.9456264775413711
2015-03-17,3.2683,0.9429514380009429
2015-03-18,3.2518,0.939584703561026
2015-03-19,3.2642,0.9415309292910272
2015-03-20,3.2423,0.9266123054114159
2015-03-23,3.18,0.9150805270863837
2015-03-24,3.131,0.9167583425009168
2015-03-25,3.1476,0.9102494083378846
2015-03-26,3.1915,0.9158347834050736
2015-03-27,3.2259,0.918189330639978
2015-03-30,3.2601,0.924385283786282
2015-03-31,3.208,0.9310120100549296
2015-04-01,3.1556,0.9286775631500743
2015-04-02,3.1492,0.9196247930844216
2015-04-03,,0.9099181073703367
2015-04-06,3.0926,0.9084302325581395
2015-04-07,3.1231,0.9216589861751152
2015-04-08,3.0834,0.924385283786282
2015-04-09,3.0466,0.93711929528629
2015-04-10,3.0796,0.9435742592942064
2015-04-13,3.1011,0.945000945000945
2015-04-14,3.088,0.9370314842578711
2015-04-15,3.0681,0.9437523593808984
2015-04-16,3.0249,0.9309253397877489
2015-04-17,3.0544,0.9276437847866419
2015-04-20,3.0473,0.9291089844838799
2015-04-21,,0.9295408068414203
2015-04-22,3.0186,0.9320533134495294
2015-04-23,3.0084,0.9256687957048968
2015-04-24,2.9745,0.9194556822361163
2015-04-27,2.9236,0.9181050312155711
2015-04-28,2.8943,0.91082976591675
2015-04-29,2.9375,0.8949346697691068
2015-04-30,2.9936,0.8958967926894821
2015-05-01,,0.8933357155619082
2015-05-04,3.0754,0.8972633467922835
2015-05-05,3.0626,0.8949346697691068
2015-05-06,3.042,0.881445570736007
2015-05-07,3.0421,0.8862891075068686
2015-05-08,2.9966,0.8896005693443643
2015-05-11,3.0175,0.8975049362771494
2015-05-12,3.0389,0.889679715302491
2015-05-13,3.0103,0.8793527963418923
2015-05-14,3.0032,0.8796622097114708
2015-05-15,2.9894,0.8750437521876093
2015-05-18,3.0145,0.8807468733485997
2015-05-19,3.0284,0.896780557797507
2015-05-20,3.0347,0.9026085386767758
2015-05-21,3.0295,0.8987956138774043
2015-05-22,3.0653,0.9063717937097798
2015-05-25,3.1212,
2015-05-26,3.1351,0.9194556822361163
2015-05-27,3.174,0.9184423218221895
2015-05-28,3.1748,0.9162543522081731
2015-05-29,3.1788,0.9095870474804439
2015-06-01,3.1789,0.9163383121048292
2015-06-02,3.1443,0.8984725965858041
2015-06-03,3.1184,0.8861320336730172
2015-06-04,,0.8872327211427558
2015-06-05,3.1684,0.9002520705797623
2015-06-08,3.119,0.8903133903133903
2015-06-09,3.0991,0.8862105636299185
2015-06-10,3.0843,0.8844078889183691
2015-06-11,3.1514,0.8899964400142399
2015-06-12,3.1107,0.8866820358219543
2015-06-15,3.1036,0.8876264867743653
2015-06-16,3.1082,0.8898380494749957
2015-06-17,3.0989,0.8893632159373888
2015-06-18,3.0472,0.876885303402315
2015-06-19,3.0788,0.882223202470225
2015-06-22,3.0757,0.8788890841975743
2015-06-23,3.1042,0.8936550491510277
2015-06-24,3.0852,0.8946144211844695
2015-06-25,3.1015,0.8931761343336907
2015-06-26,3.1271,0.8963786303334529
2015-06-29,3.139,0.8944543828264757
2015-06-30,3.1026,0.8965393580778197
2015-07-01,3.1191,0.9022013713460844
2015-07-02,3.1173,0.9017132551848512
2015-07-03,3.1271,
2015-07-06,3.1431,0.9028530155290719
2015-07-07,3.1809,0.9130752373995618
2015-07-08,3.2282,0.9031791907514451
2015-07-09,3.2163,0.9070294784580498
2015-07-10,3.1897,0.8968609865470852
2015-07-13,3.1594,0.9074410163339383
2015-07-14,3.123,0.9078529278256923
2015-07-15,3.1532,0.9119927040583675
2015-07-16,3.1375,0.9175995595522113
2015-07-17,3.1832,0.9218289085545723
2015-07-20,3.2149,0.9216589861751152
2015-07-21,3.1813,0.9151642719868216
2015-07-22,3.2094,0.9187798603454612
2015-07-23,3.285,0.9110787172011663
2015-07-24,3.3254,0.9110787172011663
2015-07-27,3.3557,0.8999280057595392
2015-07-28,3.3815,0.9045680687471733
2015-07-29,3.3419,0.9069472156720478
2015-07-30,3.3652,0.9162543522081731
2015-07-31,3.394,0.9067827348567283
2015-08-03,3.4425,0.9122422915526364
2015-08-04,3.4675,0.9129918743723181
2015-08-05,3.4851,0.9201324990798675
2015-08-06,3.5347,0.9155832265152902
2015-08-07,3.5181,0.9125752874612154
2015-08-10,3.4909,0.9095870474804439
2015-08-11,3.4925,0.9056330374932077
2015-08-12,3.4826,0.8930166101089481
2015-08-13,3.5074,0.8973438621679827
2015-08-14,3.4761,0.9000900090009001
2015-08-17,3.4746,0.9026900162484204
2015-08-18,3.4811,0.9067827348567283
2015-08-19,3.4849,0.9040773890245004
2015-08-20,3.4751,0.8928571428571428
2015-08-21,3.4896,0.8805917576611484
2015-08-24,3.5494,0.8635578583765113
2015-08-25,3.5345,0.8764241893076249
2015-08-26,3.6326,0.8779631255487269
2015-08-27,3.5555,0.8897588753447816
2015-08-28,3.579,0.8950948800572861
2015-08-31,3.6467,0.8933357155619082
2015-09-01,3.6725,0.8878629139660835
2015-09-02,3.7314,0.8895214374666429
2015-09-03,3.776,0.9005763688760806
2015-09-04,3.7986,0.8995232526760818
2015-09-07,,
2015-09-08,3.8028,0.8942944017170452
2015-09-09,3.787,0.8956560680698611
2015-09-10,3.8698,0.8879417510211329
2015-09-11,3.8698,0.8819897689186806
2015-09-14,3.8653,0.8844078889183691
2015-09-15,3.8599,0.8880994671403198
2015-09-16,3.8368,0.8846426043878273
2015-09-17,3.8921,0.884016973125884
2015-09-18,3.9021,0.8804366966015145
2015-09-21,3.9821,0.8925383791503034
2015-09-22,4.0425,0.898230485942693
2015-09-23,4.1041,0.8960573476702508
2015-09-24,4.1949,0.8887308922858159
2015-09-25,3.9479,0.8934953538241601
2015-09-28,4.0099,0.8899964400142399
2015-09-29,4.1172,0.8892050506846878
2015-09-30,3.9729,0.8958967926894821
2015-10-01,3.9794,0.8928571428571428
2015-10-02,4.001,0.8868393047179851
2015-10-05,3.9141,0.8928571428571428
2015-10-06,3.8567,0.8876264867743653
2015-10-07,3.806,0.8889679082585119
2015-10-08,3.8517,0.8863676653075695
2015-10-09,3.7386,0.8800492827598345
2015-10-12,,
2015-10-13,3.825,0.8785802143735723
2015-10-14,3.8507,0.8743551630672379
2015-10-15,3.8344,0.8758101243650377
2015-10-16,3.8438,0.8802816901408451
2015-10-19,3.9015,0.88339222614841
2015-10-20,3.8656,0.8803591865481117
2015-10-21,3.9386,0.881445570736007
2015-10-22,3.936,0.8976660682226211
2015-10-23,3.8988,0.907770515613653
2015-10-26,3.8582,0.904895484571532
2015-10-27,3.9114,0.9048136083966704
2015-10-28,3.8797,0.9036688957166095
2015-10-29,3.9328,0.9121590805436468
2015-10-30,3.8589,0.9056330374932077
2015-11-02,,0.9069472156720478
2015-11-03,3.8126,0.913575735428467
2015-11-04,3.7687,0.9207255317189945
2015-11-05,3.7893,0.9200478424878094
2015-11-06,3.8059,0.9305788200260562
2015-11-09,3.7928,0.9287638153617536
2015-11-10,3.7981,0.9358038555118847
2015-11-11,3.7327,
2015-11-12,3.7996,0.9286775631500743
2015-11-13,3.8023,0.9326618168252191
2015-11-16,3.8336,0.9338812103100486
2015-11-17,3.8052,0.940379913485048
2015-11-18,3.7921,0.9400263207369806
2015-11-19,3.7442,0.9305788200260562
2015-11-20,3.701,0.9380863039399624
2015-11-23,3.7231,0.9432182607055273
2015-11-24,3.7081,0.938790837401427
2015-11-25,3.7688,0.9419743782969102
2015-11-26,3.7606,
2015-11-27,3.7399,0.9437523593808984
2015-11-30,3.8506,0.946790380609733
2015-12-01,3.8745,0.9416195856873822
2015-12-02,3.8545,0.9458053532582995
2015-12-03,3.797,0.91726288754357
2015-12-04,3.7575,0.9187798603454612
2015-12-07,3.7476,0.9225092250922509
2015-12-08,3.7921,0.9194556822361163
2015-12-09,3.758,0.9104151493080844
2015-12-10,3.7685,0.9134088417975886
2015-12-11,3.8548,0.9089256498818397
2015-12-14,3.9023,0.9070294784580498
2015-12-15,3.8703,0.9165062780680048
2015-12-16,3.9357,0.9143275121148396
2015-12-17,3.8929,0.9255831173639393
2015-12-18,3.9062,0.9219138932423712
2015-12-21,3.9831,0.9157509157509157
2015-12-22,3.977,0.9109127345600291
2015-12-23,3.9632,0.9195402298850576
2015-12-24,3.9524,0.9128251939753538
2015-12-25,,
2015-12-28,3.9186,0.9104980424292087
2015-12-29,3.8492,0.9160864785635765
2015-12-30,3.9048,0.9164222873900294
2015-12-31,3.9048,0.9208951100469656
2016-01-01,,
2016-01-04,4.0387,0.9256687957048968
2016-01-05,4.0114,0.9308386856557759
2016-01-06,4.0303,0.929195316855603
2016-01-07,4.0475,0.9208103130755064
2016-01-08,4.025,0.9186954524575103
2016-01-11,4.0153,0.9192866335723477
2016-01-12,4.0299,0.9227646027498384
2016-01-13,3.9863,0.9206407659731173
2016-01-14,4.0223,0.9206407659731173
2016-01-15,4.0402,0.9120758847136081
2016-01-18,4.0364,
2016-01-19,4.0303,0.9169264624977077
2016-01-20,4.0861,0.9167583425009168
2016-01-21,4.1558,0.9231053263177329
2016-01-22,4.1232,0.9247272054743851
2016-01-25,4.1002,0.9231905465288036
2016-01-26,4.0967,0.9219988936013277
2016-01-27,4.0448,0.9202171712524155
2016-01-28,4.0838,0.9130752373995618
2016-01-29,4.0428,0.9231905465288036
2016-02-01,3.9986,0.9184423218221895
2016-02-02,3.9919,0.9167583425009168
2016-02-03,3.9558,0.904895484571532
2016-02-04,3.8653,0.892936869363336
2016-02-05,3.8975,0.8983918785374181
2016-02-08,,0.8952551477170994
2016-02-09,,0.8849557522123894
2016-02-10,3.9412,0.8911067545891997
2016-02-11,3.9642,0.880126738250308
2016-02-12,3.9891,0.8900756564307967
2016-02-15,3.9885,
2016-02-16,4.0213,0.8976660682226211
2016-02-17,4.0318,0.8976660682226211
2016-02-18,4.0091,0.9015506671474938
2016-02-19,4.0492,0.8987148377819718
2016-02-22,3.9618,0.907605736068252
2016-02-23,3.9684,0.907770515613653
2016-02-24,3.99,0.9073586788857635
2016-02-25,3.94,0.9069472156720478
2016-02-26,3.9578,0.9147457006952068
2016-02-29,3.9796,0.9201324990798675
2016-03-01,3.9913,0.9219138932423712
2016-03-02,3.9116,0.9220839096357768
2016-03-03,3.8504,0.9134088417975886
2016-03-04,3.7188,0.9082652134423251
2016-03-07,3.7714,0.9087604507451835
2016-03-08,3.7813,0.9067827348567283
2016-03-09,3.7037,0.9072763563781527
2016-03-10,3.67,0.8958967926894821
2016-03-11,3.6271,0.8944543828264757
2016-03-14,3.6239,0.9003331232556046
2016-03-15,3.7116,0.8999280057595392
2016-03-16,3.8079,0.9029345372460498
2016-03-17,3.6445,0.8837044892188053
2016-03-18,3.6146,0.8855827134254339
2016-03-21,3.6229,0.8880994671403198
2016-03-22,3.6073,0.8906305664410402
2016-03-23,3.6531,0.8949346697691068
2016-03-24,3.6948,0.8958165367732688
2016-03-25,,0.8957362952346829
2016-03-28,3.6408,0.8920606601248885
2016-03-29,3.6687,0.8925383791503034
2016-03-30,3.6116,0.8826125330979699
2016-03-31,3.5589,0.8779631255487269
2016-04-01,3.5799,0.8783487044356609
2016-04-04,3.5871,0.8782715615668364
2016-04-05,3.6581,0.8791981712678038
2016-04-06,3.6749,0.8748906386701663
2016-04-07,3.6921,0.8782715615668364
2016-04-08,3.6385,0.8767315448009819
2016-04-11,3.5284,0.8762705923589205
2016-04-12,3.5406,0.8775778850372971
2016-04-13,3.5429,0.8864462370357237
2016-04-14,3.5126,0.8879417510211329
2016-04-15,3.5276,0.8853474988933157
2016-04-18,3.5904,0.8832361773538243
2016-04-19,3.5538,0.8791208791208791
2016-04-20,3.5503,0.8826125330979699
2016-04-21,,0.8848774444739402
2016-04-22,3.5829,0.8897588753447816
2016-04-25,3.5472,0.8869966294128082
2016-04-26,3.5301,0.8835483300936562
2016-04-27,3.5295,0.8832361773538243
2016-04-28,3.4992,0.8830022075055187
2016-04-29,3.4508,0.87404947120007
2016-05-02,3.4991,0.868357068426537
2016-05-03,3.555,0.8689607229753215
2016-05-04,3.5397,0.8706251088281386
2016-05-05,3.5296,0.876885303402315
2016-05-06,3.5362,0.8755800717975659
2016-05-09,3.5387,0.8770391159445711
2016-05-10,3.4772,0.8782715615668364
2016-05-11,3.4645,0.8738203425375742
2016-05-12,3.4877,0.8787346221441126
2016-05-13,3.5041,0.8854258898530193
2016-05-16,3.5035,0.8827683615819208
2016-05-17,3.5037,0.8820675663755845
2016-05-18,3.5368,0.8868393047179851
2016-05-19,3.6003,0.8917424647761727
2016-05-20,3.5419,0.892299455697332
2016-05-23,3.566,0.8934953538241601
2016-05-24,3.5491,0.8972633467922835
2016-05-25,3.5804,0.8965393580778197
2016-05-26,,0.8941344778254648
2016-05-27,3.6168,0.8976660682226211
2016-05-30,3.5997,
2016-05-31,3.5951,0.898069151324652
2016-06-01,3.6126,0.8956560680698611
2016-06-02,3.5961,0.8962982880702699
2016-06-03,3.5409,0.8826125330979699
2016-06-06,3.5098,0.8807468733485997
2016-06-07,3.4745,0.8810572687224669
2016-06-08,3.3898,0.8771929824561404
2016-06-09,3.3817,0.8826904404625298
2016-06-10,3.4261,0.8864462370357237
2016-06-13,3.4533,0.8863676653075695
2016-06-14,3.4839,0.892379082634303
2016-06-15,3.4768,0.8897588753447816
2016-06-16,3.4904,0.8962179602079227
2016-06-17,3.4372,0.8884150675195451
2016-06-20,3.3835,0.8835483300936562
2016-06-21,3.3897,0.8879417510211329
2016-06-22,3.3883,0.886053517632465
2016-06-23,3.3533,0.8792754770069463
2016-06-24,3.3772,0.8987956138774043
2016-06-27,3.3934,0.9071117561683599
2016-06-28,3.3267,0.904649900488511
2016-06-29,3.2435,0.8995232526760818
2016-06-30,3.2098,0.9064539521392314
2016-07-01,3.2298,0.8972633467922835
2016-07-04,3.248,
2016-07-05,3.2904,0.9025270758122743
2016-07-06,3.3242,0.9027715085311908
2016-07-07,3.3388,0.903750564844103
2016-07-08,3.2968,0.9059612248595761
2016-07-11,3.3031,0.9053870529651425
2016-07-12,3.275,0.9030160736861117
2016-07-13,3.2896,0.8999280057595392
2016-07-14,3.2311,0.9001710324961743
2016-07-15,3.2656,0.9042408897730354
2016-07-18,3.2634,0.9028530155290719
2016-07-19,3.2801,0.9079353550027238
2016-07-20,3.2512,0.9085127646043427
2016-07-21,3.2585,0.907770515613653
2016-07-22,3.2854,0.9117432530999271
2016-07-25,3.2819,0.9107468123861566
2016-07-26,3.279,0.9104151493080844
2016-07-27,3.282,0.9100837277029487
2016-07-28,3.274,0.9013881377321075
2016-07-29,3.239,0.8954154727793696
2016-08-01,3.2662,0.894774516821761
2016-08-02,3.249,0.8908685968819599
2016-08-03,3.2733,0.8952551477170994
2016-08-04,3.2183,0.8981498113885397
2016-08-05,3.1859,0.9025270758122743
2016-08-08,3.1771,0.9026900162484204
2016-08-09,3.1503,0.9000900090009001
2016-08-10,3.1302,0.8951750067138126
2016-08-11,3.1364,0.8954154727793696
2016-08-12,3.1602,0.8950948800572861
2016-08-15,3.1672,0.892936869363336
2016-08-16,3.1749,0.8867606632969762
2016-08-17,3.2248,0.8878629139660835
2016-08-18,3.2215,0.8823010411152286
2016-08-19,3.2267,0.8829242450997704
2016-08-22,3.2163,0.8838607035531201
2016-08-23,3.2054,0.8843296781039971
2016-08-24,3.2372,0.8884150675195451
2016-08-25,3.2319,0.8869966294128082
2016-08-26,3.2153,0.8899172376968942
2016-08-29,3.2613,0.8942944017170452
2016-08-30,3.2525,0.8968609865470852
2016-08-31,3.2403,0.897182845863987
2016-09-01,3.2472,0.8933357155619082
2016-09-02,3.2431,0.8962179602079227
2016-09-05,3.2721,
2016-09-06,3.2452,0.8899172376968942
2016-09-07,,0.8898380494749957
2016-09-08,3.1934,0.8884150675195451
2016-09-09,3.2638,0.8917424647761727
2016-09-12,3.2854,0.8904719501335708
2016-09-13,3.2972,0.8895214374666429
2016-09-14,3.3262,0.8872327211427558
2016-09-15,3.3326,0.8892050506846878
2016-09-16,3.3004,0.8960573476702508
2016-09-19,3.2636,0.894534394847482
2016-09-20,3.254,0.8950948800572861
2016-09-21,3.2408,0.8956560680698611
2016-09-22,3.2015,0.890551251224508
2016-09-23,3.2242,0.8910273545397843
2016-09-26,3.24,0.8873114463176575
2016-09-27,3.2358,0.8922198429693077
2016-09-28,3.2476,0.8928571428571428
2016-09-29,3.2235,0.8893632159373888
2016-09-30,3.2462,0.8898380494749957
2016-10-03,3.2338,0.8920606601248885
2016-10-04,3.2203,0.8919015340706387
2016-10-05,3.2359,0.8931761343336907
2016-10-06,3.231,0.8962179602079227
2016-10-07,3.2134,0.8963786303334529
2016-10-10,3.2125,
2016-10-11,3.2136,0.903995660820828
2016-10-12,,0.9079353550027238
2016-10-13,3.2087,0.9059612248595761
2016-10-14,3.1864,0.9103322712790168
2016-10-17,3.1963,0.9090909090909091
2016-10-18,3.1874,0.9093389106119851
2016-10-19,3.18,0.9119095385737734
2016-10-20,3.1605,0.9145783793671118
2016-10-21,3.1593,0.9203018590097551
2016-10-24,3.1311,0.9184423218221895
2016-10-25,3.1193,0.9182736455463728
2016-10-26,3.1219,0.9160864785635765
2016-10-27,3.1429,0.917094644167278
2016-10-28,3.1815,0.9145783793671118
2016-10-31,3.1811,0.9122422915526364
2016-11-01,3.2053,0.9056330374932077
2016-11-02,,0.8993614533681086
2016-11-03,3.231,0.9013881377321075
2016-11-04,3.2449,0.899199712256092
2016-11-07,3.2024,0.9059612248595761
2016-11-08,3.2024,0.9062896501721951
2016-11-09,3.2258,0.9130752373995618
2016-11-10,3.3104,0.9189487226612755
2016-11-11,3.4377,
2016-11-14,3.4446,0.9325748391308403
2016-11-15,,0.9323140033563304
2016-11-16,3.4183,0.9346667912889054
2016-11-17,3.4052,0.9384384384384383
2016-11-18,3.3917,0.9433962264150942
2016-11-21,3.3517,0.9436633009342266
2016-11-22,3.3476,0.9417969485778865
2016-11-23,3.3927,0.9469696969696969
2016-11-24,3.3987,
2016-11-25,3.4279,0.9438414346389805
2016-11-28,3.3996,0.94553706505295
2016-11-29,3.406,0.9410878976096367
2016-11-30,3.3967,0.9453582907922102
2016-12-01,3.4362,0.940379913485048
2016-12-02,3.465,0.9375585974123383
2016-12-05,3.4598,0.9325748391308403
2016-12-06,3.4354,0.9330969487729774
2016-12-07,3.3895,0.9295408068414203
2016-12-08,3.4008,0.9411764705882353
2016-12-09,3.3858,0.948676596148373
2016-12-12,3.3697,0.9428625306430323
2016-12-13,3.334,0.9402914903620123
2016-12-14,3.3103,0.9384384384384383
2016-12-15,3.383,0.9638554216867469
2016-12-16,3.3712,0.9563886763580718
2016-12-19,3.3778,0.9574875526618154
2016-12-20,3.3586,0.9624639076034649
2016-12-21,3.3297,0.9592326139088729
2016-12-22,3.3302,0.9567546880979718
2016-12-23,3.2696,0.9570293808019906
2016-12-26,3.2701,
2016-12-27,3.2776,0.9562057754828839
2016-12-28,3.2774,0.9625565501973241
2016-12-29,3.2591,0.9536524890329964
2016-12-30,3.2591,0.9476876421531464
2017-01-02,3.2729,
2017-01-03,3.2632,0.9600614439324116
2017-01-04,3.2333,0.9545628102329132
2017-01-05,3.2129,0.9435742592942064
2017-01-06,3.2057,0.9469696969696969
2017-01-09,3.2097,0.94553706505295
2017-01-10,3.1918,0.9458948164964057
2017-01-11,3.2154,0.9522902580706599
2017-01-12,3.1661,0.9375585974123383
2017-01-13,3.2034,0.9411764705882353
2017-01-16,3.2234,
2017-01-17,3.21,0.9350163627863488
2017-01-18,3.2211,0.9361542782250515
2017-01-19,3.2113,0.9407337723424272
2017-01-20,3.1918,
2017-01-23,3.1609,0.9310986964618249
2017-01-24,3.1649,0.9303190994511118
2017-01-25,3.169,0.9308386856557759
2017-01-26,3.1804,0.9372071227741331
2017-01-27,3.1596,0.9354536950420954
2017-01-30,3.1316,0.9362419249133975
2017-01-31,3.127,0.9264406151565685
2017-02-01,3.1479,0.9295408068414203
2017-02-02,3.1196,0.925754489909276
2017-02-03,3.1241,0.9266123054114159
2017-02-06,3.1179,0.9318796011555307
2017-02-07,3.1304,0.9354536950420954
2017-02-08,3.1255,0.9338812103100486
2017-02-09,3.1185,0.9382623381497466
2017-02-10,3.1155,0.9389671361502347
2017-02-13,3.1175,0.943129303027445
2017-02-14,3.1004,0.9454476694714947
2017-02-15,3.0779,0.9436633009342266
2017-02-16,3.051,0.9380863039399624
2017-02-17,3.095,0.9421518748822311
2017-02-20,3.0918,
2017-02-21,3.097,0.9477774618519572
2017-02-22,3.0824,0.9474182851729037
2017-02-23,3.0638,0.9446438692612885
2017-02-24,3.0993,0.9451795841209829
2017-02-27,,0.9412650602409638
2017-02-28,,0.9417969485778865
2017-03-01,3.0976,0.9466111321469141
2017-03-02,3.1138,0.9511128019783147
2017-03-03,3.1364,0.9476876421531464
2017-03-06,3.1111,0.9446438692612885
2017-03-07,3.1185,0.945000945000945
2017-03-08,3.1477,0.9481369109699441
2017-03-09,3.1735,0.9446438692612885
2017-03-10,3.1623,0.9374707040404987
2017-03-13,3.1541,0.9372071227741331
2017-03-14,3.1639,0.9394081728511038
2017-03-15,3.1629,0.9407337723424272
2017-03-16,3.108,0.9312721177127956
2017-03-17,3.1075,0.9309253397877489
2017-03-20,3.0898,0.9298865538404315
2017-03-21,3.0765,0.9250693802035153
2017-03-22,3.0939,0.9259259259259258
2017-03-23,3.1248,0.9270418095856123
2017-03-24,3.1282,0.9254118082546733
2017-03-27,3.1256,0.9189487226612755
2017-03-28,3.1303,0.9214891264283082
2017-03-29,3.1229,0.9297136481963556
2017-03-30,3.1247,0.9323140033563304
2017-03-31,3.1684,0.9347541596560104
2017-04-03,3.1167,0.938526513374003
2017-04-04,3.1231,0.9377344336084021
2017-04-05,3.0923,0.937998311603039
2017-04-06,3.116,0.9388789784996715
2017-04-07,3.1302,0.9419743782969102
2017-04-10,3.1409,0.9428625306430323
2017-04-11,3.1424,0.9421518748822311
2017-04-12,3.1463,0.9424182452172275
2017-04-13,3.1269,0.9407337723424272
2017-04-14,,0.9411764705882353
2017-04-17,3.1036,0.9380863039399624
2017-04-18,3.0958,0.9340556697179152
2017-04-19,3.1294,0.933968431867003
2017-04-20,3.1453,0.9295408068414203
2017-04-21,,0.935103796521414
2017-04-24,3.1251,0.9219988936013277
2017-04-25,3.1577,0.9139932364500503
2017-04-26,3.1847,0.919793966151582
2017-04-27,3.1763,0.9204712812960235
2017-04-28,3.1984,0.9178522257916476
2017-05-01,,0.9164222873900294
2017-05-02,3.1724,0.9165902841429882
2017-05-03,3.1489,0.9157509157509157
2017-05-04,3.178,0.9118263882556761
2017-05-05,3.1764,0.9094216078574028
2017-05-08,3.1938,0.9150805270863837
2017-05-09,3.1857,0.9195402298850576
2017-05-10,3.1606,0.9197093718384991
2017-05-11,3.1559,0.9200478424878094
2017-05-12,3.129,0.9152480322167307
2017-05-15,3.1011,0.91082976591675
2017-05-16,3.0924,0.9031791907514451
2017-05-17,3.1076,0.8981498113885397
2017-05-18,3.3807,0.8984725965858041
2017-05-19,3.2878,0.8936550491510277
2017-05-22,3.2863,0.8899964400142399
2017-05-23,3.2654,0.8930166101089481
2017-05-24,3.2629,0.894854586129754
2017-05-25,3.2824,0.8914244963451596
2017-05-26,3.2614,0.8952551477170994
2017-05-29,3.2709,
2017-05-30,3.2659,0.8942144326209425
2017-05-31,3.2437,0.8899964400142399
2017-06-01,3.2307,0.8917424647761727
2017-06-02,3.2401,0.8873114463176575
2017-06-05,3.282,0.8888888888888888
2017-06-06,3.2817,0.8876264867743653
2017-06-07,3.2747,0.8899964400142399
2017-06-08,3.2838,0.8915039671926541
2017-06-09,3.274,0.8936550491510277
2017-06-12,3.2986,0.8925383791503034
2017-06-13,3.3208,0.8933357155619082
2017-06-14,3.2836,0.8867606632969762
2017-06-15,,0.896700143472023
2017-06-16,3.2892,0.8933357155619082
2017-06-19,3.2975,0.8960573476702508
2017-06-20,3.3145,0.8989572096368212
2017-06-21,3.3247,0.8974243919949744
2017-06-22,3.3362,0.897021887334051
2017-06-23,3.3342,0.8931761343336907
2017-06-26,3.3128,0.8931761343336907
2017-06-27,3.3172,0.8849557522123894
2017-06-28,3.303,0.8799718409010912
2017-06-29,3.2952,0.8756567425569177
2017-06-30,3.3082,0.8763473841030585
2017-07-03,3.3015,0.8797395970792645
2017-07-04,3.305,
2017-07-05,3.3193,0.8821453775582216
2017-07-06,3.3064,0.8765010079761592
2017-07-07,3.2895,0.8775008775008776
2017-07-10,3.265,0.8775008775008776
2017-07-11,3.2522,0.8748906386701663
2017-07-12,3.2264,0.8763473841030585
2017-07-13,3.2108,0.8783487044356609
2017-07-14,3.1899,0.8732099196646874
2017-07-17,3.1821,0.8718395815170008
2017-07-18,3.1668,0.8637070305752289
2017-07-19,3.1533,0.8682062858135093
2017-07-20,3.1402,0.8595495960116899
2017-07-21,3.1256,0.858000858000858
2017-07-24,3.1459,0.8589589417625838
2017-07-25,3.1556,0.8579272477693892
2017-07-26,3.1657,0.859697386519945
2017-07-27,3.1513,0.8579272477693892
2017-07-28,3.1457,0.8507742045261187
2017-07-31,3.1307,0.8455944529003889
2017-08-01,3.1161,0.8475294516484448
2017-08-02,3.1268,0.8430992327796982
2017-08-03,3.1194,0.8417508417508418
2017-08-04,3.1224,0.8507742045261187
2017-08-07,3.1267,0.848320325755005
2017-08-08,3.132,0.8529512111907198
2017-08-09,3.1464,0.8512087163772557
2017-08-10,3.1543,0.8509914049868096
2017-08-11,3.1695,0.8466683600033866
2017-08-14,3.1888,0.8484642796538265
2017-08-15,3.1976,0.8520790729379687
2017-08-16,3.167,0.8544817568144921
2017-08-17,3.1603,0.8520790729379687
2017-08-18,3.1654,0.8512087163772557
2017-08-21,3.1443,0.8464533604198409
2017-08-22,3.1539,0.8501955449753444
2017-08-23,3.1569,0.8473140145738011
2017-08-24,3.1404,0.8473858147614609
2017-08-25,3.1462,0.8421761832575375
2017-08-28,3.1563,0.8352125615969264
2017-08-29,3.1695,0.8316008316008316
2017-08-30,3.1638,0.8384338056510438
2017-08-31,3.1471,0.8407600470825626
2017-09-01,3.1333,0.8418925745074929
2017-09-04,3.1389,
2017-09-05,3.1203,0.8395600705230459
2017-09-06,3.1133,0.8373105584861426
2017-09-07,,0.8313934153641502
2017-09-08,3.0908,0.8304958059961798
2017-09-11,3.0852,0.8358408559010365
2017-09-12,3.1144,0.8355614973262031
2017-09-13,3.1343,0.8404773911581779
2017-09-14,3.1354,0.8413259296651522
2017-09-15,3.1255,0.8361903169161301
2017-09-18,3.1239,0.8376612497905848
2017-09-19,3.1323,0.8347245409015025
2017-09-20,3.1281,0.833472245374229
2017-09-21,3.1347,0.8371002846140967
2017-09-22,3.1285,0.8354916868577157
2017-09-25,3.1412,0.8437394532568343
2017-09-26,3.1674,0.8494733265375467
2017-09-27,3.1932,0.8512811781731505
2017-09-28,3.1871,0.8491847826086957
2017-09-29,3.168,0.8465250148141877
2017-10-02,3.1642,0.8514261387824605
2017-10-03,3.1502,0.8504124500382686
2017-10-04,3.1315,0.8503401360544218
2017-10-05,3.1347,0.8542627712284298
2017-10-06,3.1648,0.8523695874531196
2017-10-09,3.177,
2017-10-10,3.1688,0.8471704506946799
2017-10-11,3.1639,0.8440955516164429
2017-10-12,,0.8445945945945946
2017-10-13,3.1572,0.8448086508405847
2017-10-16,3.1607,0.8467400508044031
2017-10-17,3.1769,0.8507742045261187
2017-10-18,3.1673,0.8492569002123143
2017-10-19,3.1732,0.8444519506840061
2017-10-20,3.1833,0.8496176720475785
2017-10-23,3.2003,0.8501955449753444
2017-10-24,3.247,0.8499065102838687
2017-10-25,3.2387,0.8473140145738011
2017-10-26,3.2444,0.8547008547008548
2017-10-27,3.2801,0.8635578583765113
2017-10-30,3.2547,0.860141063134354
2017-10-31,3.2769,0.8585164835164835
2017-11-01,3.2736,0.8607333448097779
2017-11-02,,0.8567511994516792
2017-11-03,3.292,0.8608815426997245
2017-11-06,3.2851,0.8620689655172414
2017-11-07,3.2733,0.8637816360024186
2017-11-08,3.2509,0.862738331464067
2017-11-09,3.2515,0.8585164835164835
2017-11-10,3.2661,
2017-11-13,3.2873,0.8579272477693892
2017-11-14,3.2834,0.8500510030601837
2017-11-15,,0.8478887569950823
2017-11-16,3.2808,0.8494733265375467
2017-11-17,3.2788,0.8475294516484448
2017-11-20,3.2623,0.8517162081594414
2017-11-21,3.2591,0.8517162081594414
2017-11-22,3.2561,0.8482483671218932
2017-11-23,3.2371,
2017-11-24,3.23,0.8378016085790885
2017-11-27,3.2218,0.8395600705230459
2017-11-28,3.2232,0.8418925745074929
2017-11-29,3.2136,0.8433125316242199
2017-11-30,3.2616,0.8404773911581779
2017-12-01,3.2636,0.8396305625524769
2017-12-04,3.2506,0.8440243079000674
2017-12-05,3.2322,0.8460236886632826
2017-12-06,3.2354,0.848320325755005
2017-12-07,3.2892,0.8481764206955046
2017-12-08,3.2811,0.8502678343678259
2017-12-11,3.2845,0.8473140145738011
2017-12-12,3.3149,0.8528784648187633
2017-12-13,3.3036,0.8501955449753444
2017-12-14,3.3332,0.8490405841399219
2017-12-15,3.3182,0.8490405841399219
2017-12-18,3.2881,0.8471704506946799
2017-12-19,3.2883,0.845880561664693
2017-12-20,3.2909,0.8416799932665601
2017-12-21,3.3045,0.8423180592991913
2017-12-22,3.3209,0.8446659346228567
2017-12-25,,
2017-12-26,3.32,0.8426729586247577
2017-12-27,3.3031,0.8401949252226517
2017-12-28,3.308,0.8366800535475234
2017-12-29,3.308,0.8318083513558476
2018-01-01,,
2018-01-02,3.2697,0.8298755186721991
2018-01-03,3.2535,0.8312551953449708
2018-01-04,3.2318,0.8289124668435014
2018-01-05,3.2409,0.8306337735692333
2018-01-08,3.2357,0.8352125615969264
2018-01-09,3.2397,0.8387854386847845
2018-01-10,3.2467,0.8362602441879913
2018-01-11,3.2301,0.8309098462816784
2018-01-12,3.2197,0.8244023083264632
2018-01-15,3.1963,
2018-01-16,3.2219,0.8167265599477296
2018-01-17,3.2324,0.8177283506419167
2018-01-18,3.2129,0.8171269815329302
2018-01-19,3.2087,0.8171269815329302
2018-01-22,3.1934,0.8176614881439084
2018-01-23,3.2249,0.8145312372729494
2018-01-24,3.197,0.8071025020177562
2018-01-25,3.1391,0.800768737988469
2018-01-26,3.145,0.8050233456770246
2018-01-29,3.1655,0.8095854922279793
2018-01-30,3.1661,0.8071025020177562
2018-01-31,3.1624,0.804634695848085
2018-02-01,3.173,0.801153661272232
2018-02-02,3.206,0.8034709946970915
2018-02-05,3.2355,0.8052826542116283
2018-02-06,3.2613,0.80768920119538
2018-02-07,3.2467,0.814265939255761
2018-02-08,3.2692,0.8171269815329302
2018-02-09,3.2821,0.8179290037624735
2018-02-12,,0.8151952392598028
2018-02-13,,0.8088651621774651
2018-02-14,3.2536,0.8067118425298483
2018-02-15,3.2208,0.801153661272232
2018-02-16,3.2381,0.8037293039704227
2018-02-19,3.2347,
2018-02-20,3.2507,0.8098477486232589
2018-02-21,3.2555,0.8120838070488874
2018-02-22,3.2598,0.8112932013629727
2018-02-23,3.2417,0.813140348024069
2018-02-26,3.2351,0.8132726089785296
2018-02-27,3.2383,0.8170602173380178
2018-02-28,3.2449,0.8189337482597657
2018-03-01,3.262,0.8185985592665357
2018-03-02,3.2614,0.8120838070488874
2018-03-05,3.2582,0.8110300081103
2018-03-06,3.2246,0.8054772452678212
2018-03-07,3.2318,0.8066467693796886
2018-03-08,3.2518,0.8120838070488874
2018-03-09,3.2496,0.8112932013629727
2018-03-12,3.2606,0.8118201006656924
2018-03-13,3.2492,0.8065817067268914
2018-03-14,3.2584,0.8089305937550558
2018-03-15,3.2859,0.8116224332440549
2018-03-16,3.2905,0.8143322475570033
2018-03-19,3.2911,0.8110957904128477
2018-03-20,3.2981,0.8149295085975062
2018-03-21,3.2921,0.8151287903488752
2018-03-22,3.3033,0.8123476848090982
2018-03-23,3.3041,0.8090614886731392
2018-03-26,3.3034,0.8038585209003215
2018-03-27,3.3256,0.8058017727639
2018-03-28,3.338,0.8096510404015869
2018-03-29,3.3238,0.813206473123526
2018-03-30,,0.8116883116883117
2018-04-02,3.3104,0.8138020833333334
2018-04-03,3.3139,0.8155941603458119
2018-04-04,3.3538,0.8135372600065083
2018-04-05,3.3196,0.8176614881439084
2018-04-06,3.3666,0.814730324262669
2018-04-09,3.3903,0.8116883116883117
2018-04-10,3.4195,0.8105041335710812
2018-04-11,3.4052,0.8074935400516796
2018-04-12,3.3858,0.8116883116883117
2018-04-13,3.4105,0.8115565654926149
2018-04-16,3.4263,0.8082114281095935
2018-04-17,3.4041,0.8100445524503849
2018-04-18,3.3844,0.8077544426494346
2018-04-19,3.3977,0.8106355382619974
2018-04-20,3.4101,0.8141996417521576
2018-04-23,3.4421,0.8185985592665357
2018-04-24,3.4667,0.8179290037624735
2018-04-25,3.504,0.8211528986697323
2018-04-26,3.4977,0.825559316436886
2018-04-27,3.4676,0.8259002312520647
2018-04-30,3.4811,0.8282259400364419
2018-05-01,,0.8333333333333334
2018-05-02,3.5424,0.8355614973262031
2018-05-03,3.5484,0.835421888053467
2018-05-04,3.5308,0.8371002846140967
2018-05-07,3.5458,0.8384338056510438
2018-05-08,3.5788,0.8429570934839418
2018-05-09,3.5943,0.8437394532568343
2018-05-10,3.5566,0.8406186953597848
2018-05-11,3.5716,0.8367500627562546
2018-05-14,3.6097,0.8350033400133601
2018-05-15,3.6753,0.8428860418071478
2018-05-16,3.6803,0.848320325755005
2018-05-17,3.6874,0.8476012883539583
2018-05-18,3.7503,0.8492569002123143
2018-05-21,3.7072,0.849762066621346
2018-05-22,3.6502,0.8486803021301876
2018-05-23,3.6507,0.8552125203112974
2018-05-24,3.6436,0.8525876033762468
2018-05-25,3.6587,0.8571918395336876
2018-05-28,3.7092,
2018-05-29,3.7289,0.8657259111765215
2018-05-30,3.737,0.8573388203017832
2018-05-31,,0.856898029134533
2018-06-01,3.7413,0.8562376915831835
2018-06-04,3.7424,0.8549931600547196
2018-06-05,3.7752,0.8567511994516792
2018-06-06,3.8193,0.8490405841399219
2018-06-07,3.9,0.8463817181548878
2018-06-08,3.7859,0.8494011721736175
2018-06-11,3.6913,0.8473140145738011
2018-06-12,3.7044,0.8480325644504749
2018-06-13,3.7054,0.8486082824168365
2018-06-14,3.7057,0.8595495960116899
2018-06-15,3.7738,0.8608815426997245
2018-06-18,3.7543,0.8616232982939858
2018-06-19,3.7566,0.8637816360024186
2018-06-20,3.7335,0.862663906142167
2018-06-21,3.7894,0.8620689655172414
2018-06-22,3.7663,0.8598452278589853
2018-06-25,3.776,0.8551393877201984
2018-06-26,3.7721,0.8565310492505354
2018-06-27,3.8358,0.8629616845012081
2018-06-28,3.8521,0.8634087376964256
2018-06-29,3.8558,0.8563843452941681
2018-07-02,3.9055,0.8617718028266115
2018-07-03,3.892,0.8581481163648845
2018-07-04,3.9058,
2018-07-05,3.9192,0.8549200649739249
2018-07-06,3.9264,0.8519338899301414
2018-07-09,3.8692,0.8514986376021798
2018-07-10,3.8452,0.8526603001364256
2018-07-11,3.8417,0.8530967411704488
2018-07-12,3.8564,0.8552856654122477
2018-07-13,3.8745,0.8571183680466272
2018-07-16,3.8579,0.8539709649871904
2018-07-17,3.8671,0.8573388203017832
2018-07-18,3.8474,0.8587376556462
2018-07-19,3.8847,0.8617718028266115
2018-07-20,3.7793,0.8541168431841476
2018-07-23,3.7915,0.8545547769612033
2018-07-24,3.7459,0.8558712769599451
2018-07-25,3.712,0.8563843452941681
2018-07-26,3.7243,0.8580744808649391
2018-07-27,3.7164,0.8576329331046313
2018-07-30,3.7155,0.8533879501621437
2018-07-31,3.7549,0.8542627712284298
2018-08-01,3.7491,0.8571918395336876
2018-08-02,3.7645,0.861178091629349
2018-08-03,3.7201,0.8622919720617401
2018-08-06,3.7214,0.8647526807333102
2018-08-07,3.7118,0.8622919720617401
2018-08-08,3.7519,0.8622176237282291
2018-08-09,3.803,0.8646031471554556
2018-08-10,3.8472,0.8772699359592947
2018-08-13,3.8988,0.8775008775008776
2018-08-14,3.8812,0.8809796493700995
2018-08-15,3.9134,0.8824567596187787
2018-08-16,3.881,0.8781173164734808
2018-08-17,3.9389,0.8764241893076249
2018-08-20,3.943,0.8742787200559539
2018-08-21,3.9873,0.8670019074041964
2018-08-22,4.074,0.8624407072013799
2018-08-23,4.0727,0.864528399757932
2018-08-24,4.0854,0.8602150537634408
2018-08-27,4.0687,0.8564576909900651
2018-08-28,4.1192,0.8532423208191127
2018-08-29,4.1353,0.8547739123001966
2018-08-30,4.1812,0.858663918942126
2018-08-31,4.1353,0.8623663332183512
2018-09-03,4.1279,
2018-09-04,4.1652,0.8646031471554556
2018-09-05,4.1609,0.8605851979345955
2018-09-06,4.146,0.8602890571231934
2018-09-07,,0.8641548565502938
2018-09-10,4.1007,0.8617718028266115
2018-09-11,4.1641,0.862738331464067
2018-09-12,4.1259,0.860141063134354
2018-09-13,4.1637,0.8567511994516792
2018-09-14,4.1879,0.8579272477693892
2018-09-17,4.1695,0.8556515786771626
2018-09-18,4.1369,0.8552125203112974
2018-09-19,4.1351,0.8557980316645271
2018-09-20,4.0997,0.8514986376021798
2018-09-21,4.0728,0.851861316977596
2018-09-24,4.0594,0.8494011721736175
2018-09-25,4.1286,0.8496176720475785
2018-09-26,4.057,0.8504847763225039
2018-09-27,4.0092,0.856898029134533
2018-09-28,4.0039,0.8604371020478404
2018-10-01,4.0273,0.864528399757932
2018-10-02,3.9505,0.8650519031141869
2018-10-03,3.8542,0.8676789587852494
2018-10-04,3.9047,0.8689607229753215
2018-10-05,3.8699,0.8694140149539211
2018-10-08,3.7588,
2018-10-09,3.7391,0.8709284096847238
2018-10-10,3.751,0.8664760419374405
2018-10-11,3.746,0.8646779074794638
2018-10-12,,0.8651267410675665
2018-10-15,3.7332,0.8625150940141453
2018-10-16,3.7079,0.8625894936599672
2018-10-17,3.7008,0.8665511265164645
2018-10-18,3.6963,0.8700191404210893
2018-10-19,3.7079,0.8685833405715279
2018-10-22,3.6903,0.8720676724513822
2018-10-23,3.708,0.8710801393728224
2018-10-24,3.706,0.8780402142418122
2018-10-25,3.7014,0.8791981712678038
2018-10-26,3.6753,0.8781173164734808
2018-10-29,3.6368,0.8779631255487269
2018-10-30,3.7019,0.8799718409010912
2018-10-31,3.7177,0.8824567596187787
2018-11-01,3.6973,0.8775008775008776
2018-11-02,,0.8788890841975743
2018-11-05,3.7048,0.8776549060909251
2018-11-06,3.7492,0.8762705923589205
2018-11-07,3.7592,0.8726764988218868
2018-11-08,3.7391,0.8759635599159076
2018-11-09,3.7506,0.8830022075055187
2018-11-12,3.7478,
2018-11-13,3.7792,0.885896527285613
2018-11-14,3.7924,0.884016973125884
2018-11-15,,0.8830801836806782
2018-11-16,3.7525,0.8770391159445711
2018-11-19,3.7553,0.8735150244584207
2018-11-20,3.7591,0.8778860503906593
2018-11-21,3.7872,0.8777319406653208
2018-11-22,3.8103,
2018-11-23,3.8081,0.8824567596187787
2018-11-26,3.8655,0.8821453775582216
2018-11-27,3.8925,0.8864462370357237
2018-11-28,3.8631,0.886053517632465
2018-11-29,3.8568,0.8785802143735723
2018-11-30,3.8633,0.8831581736288968
2018-12-03,3.8285,0.8805917576611484
2018-12-04,3.8313,0.881445570736007
2018-12-05,3.8561,
2018-12-06,3.9178,0.8791981712678038
2018-12-07,3.8964,0.8779631255487269
2018-12-10,3.911,0.8796622097114708
2018-12-11,3.9013,0.8838607035531201
2018-12-12,3.8629,0.880126738250308
2018-12-13,3.879,0.8804366966015145
2018-12-14,3.909,0.8849557522123894
2018-12-17,3.9121,0.8819119851838787
2018-12-18,3.8997,0.8799718409010912
2018-12-19,3.8907,0.8755034144633164
2018-12-20,3.8443,0.8747375787263821
2018-12-21,3.8671,0.8770391159445711
2018-12-24,3.8855,
2018-12-25,,
2018-12-26,3.9258,0.876577840112202
2018-12-27,3.933,0.8762705923589205
2018-12-28,3.8748,0.873743993010048
2018-12-31,3.8748,0.8729050279329609
2019-01-01,,
2019-01-02,3.8595,0.880514220304658
2019-01-03,3.7683,0.8772699359592947
2019-01-04,3.7627,0.8764241893076249
2019-01-07,3.7062,0.8719916288803627
2019-01-08,3.7208,0.8738203425375742
2019-01-09,3.6931,0.8677542519958347
2019-01-10,3.6869,0.8682816705739342
2019-01-11,3.7141,0.8711560240439064
2019-01-14,3.726,
2019-01-15,3.7049,0.877808988764045
2019-01-16,3.7197,0.876577840112202
2019-01-17,3.7591,0.8782715615668364
2019-01-18,3.7486,0.880126738250308
2019-01-21,3.7705,
2019-01-22,3.7615,0.8803591865481117
2019-01-23,3.7994,0.8779631255487269
2019-01-24,3.7815,0.8832361773538243
2019-01-25,3.7626,0.8766546857192952
2019-01-28,3.7676,0.8742787200559539
2019-01-29,3.737,0.8753501400560223
2019-01-30,3.7151,0.8758101243650377
2019-01-31,3.6519,0.8730574471800244
2019-02-01,3.6694,0.8715356458079135
2019-02-04,3.6756,0.8742787200559539
2019-02-05,3.6741,0.8767315448009819
2019-02-06,3.7019,0.8787346221441126
2019-02-07,3.7193,0.880514220304658
2019-02-08,3.7184,0.8829242450997704
2019-02-11,3.7391,0.8867606632969762
2019-02-12,3.7296,0.8837044892188053
2019-02-13,3.7277,0.885896527285613
2019-02-14,3.7756,0.8862105636299185
2019-02-15,3.7155,0.8874689385871495
2019-02-18,3.7316,
2019-02-19,3.7206,0.8827683615819208
2019-02-20,3.71,
2019-02-21,3.7595,0.8819897689186806
2019-02-22,3.743,0.881678716275789
2019-02-25,3.7285,0.881445570736007
2019-02-26,3.7595,0.8791981712678038
2019-02-27,3.7351,0.8795074758135444
2019-02-28,3.7385,0.8788118463836894
2019-03-01,3.7832,0.8790436005625879
2019-03-04,,0.8827683615819208
2019-03-05,,0.8849557522123894
2019-03-06,3.8303,0.88339222614841
2019-03-07,3.8487,0.8917424647761727
2019-03-08,3.8678,0.8894423196655696
2019-03-11,3.8461,0.8907892392659896
2019-03-12,3.8129,0.8868393047179851
2019-03-13,3.8265,0.8841732979664014
2019-03-14,3.8327,0.8846426043878273
2019-03-15,3.8344,0.8829242450997704
2019-03-18,3.8111,0.8820675663755845
2019-03-19,3.7762,0.8813678829543451
2019-03-20,3.7897,0.8809020436927414
2019-03-21,3.7967,0.8802042073761112
2019-03-22,3.8815,0.8863676653075695
2019-03-25,3.877,0.8830801836806782
2019-03-26,3.8646,0.8865248226950355
2019-03-27,3.9389,0.8888888888888888
2019-03-28,3.9682,0.8899964400142399
2019-03-29,3.8967,0.8906305664410402
2019-04-01,3.8682,0.8920606601248885
2019-04-02,3.8661,0.8939746111210441
2019-04-03,3.8436,0.8895214374666429
2019-04-04,3.8713,0.891583452211127
2019-04-05,3.8622,0.8915039671926541
2019-04-08,3.8658,0.8879417510211329
2019-04-09,3.8563,0.8866820358219543
2019-04-10,3.8345,0.8876264867743653
2019-04-11,3.8399,0.8879417510211329
2019-04-12,3.8685,0.8846426043878273
2019-04-15,3.873,0.8846426043878273
2019-04-16,3.8913,0.8855042946958293
2019-04-17,3.9225,0.8851907586084802
2019-04-18,3.937,0.8896005693443643
2019-04-19,,0.8892050506846878
2019-04-22,3.923,0.8882572392965004
2019-04-23,3.9436,0.8918219923303309
2019-04-24,3.963,0.8934953538241601
2019-04-25,3.9725,0.8976660682226211
2019-04-26,3.9353,0.8965393580778197
2019-04-29,3.9364,0.8955758552749418
2019-04-30,3.9453,0.8927774305865547
2019-05-01,,0.8892050506846878
2019-05-02,3.965,0.8941344778254648
2019-05-03,3.9388,0.8939746111210441
2019-05-06,3.9624,0.8930963650977941
2019-05-07,3.988,0.8946144211844695
2019-05-08,3.9344,0.892379082634303
2019-05-09,3.9673,0.8906305664410402
2019-05-10,3.9578,0.8896005693443643
2019-05-13,3.989,0.8903133903133903
2019-05-14,3.9788,0.892299455697332
2019-05-15,4.0031,0.8922198429693077
2019-05-16,4.0138,0.8946144211844695
2019-05-17,4.0844,0.8955758552749418
2019-05-20,4.1056,0.8952551477170994
2019-05-21,4.081,0.8962179602079227
2019-05-22,4.0228,0.8963786303334529
2019-05-23,4.0513,0.8950948800572861
2019-05-24,4.0322,0.8930963650977941
2019-05-27,4.021,
2019-05-28,4.0275,0.8946944618412813
2019-05-29,3.9965,0.8979885057471265
2019-05-30,3.972,0.8976660682226211
2019-05-31,3.9407,0.896941429724639
2019-06-03,3.9003,0.892379082634303
2019-06-04,3.871,0.8899964400142399
2019-06-05,3.8611,0.8895214374666429
2019-06-06,3.8726,0.8854258898530193
2019-06-07,3.8571,0.8830801836806782
2019-06-10,3.879,0.8840951286358413
2019-06-11,3.8664,0.8837044892188053
2019-06-12,3.8437,0.8841732979664014
2019-06-13,3.8429,0.8869179600886918
2019-06-14,3.8813,0.8915039671926541
2019-06-17,3.8895,0.8900756564307967
2019-06-18,3.8608,0.8931761343336907
2019-06-19,3.8723,0.8917424647761727
2019-06-20,,0.8862105636299185
2019-06-21,3.8255,0.8827683615819208
2019-06-24,3.8234,0.8777319406653208
2019-06-25,3.8303,0.8782715615668364
2019-06-26,3.8441,0.8779631255487269
2019-06-27,3.8642,0.8793527963418923
2019-06-28,3.8322,0.8791981712678038
2019-07-01,3.8193,0.8844078889183691
2019-07-02,3.8564,0.8848774444739402
2019-07-03,3.8475,0.8869179600886918
2019-07-04,3.794,
2019-07-05,3.8204,0.891583452211127
2019-07-08,3.8065,0.8922198429693077
2019-07-09,3.7858,0.8920606601248885
2019-07-10,3.7697,0.8880994671403198
2019-07-11,3.7533,0.8880206020779682
2019-07-12,3.7452,0.888572951839346
2019-07-15,3.7463,0.8880994671403198
2019-07-16,3.7624,0.8919015340706387
2019-07-17,3.7618,0.8903133903133903
2019-07-18,3.7489,0.8906305664410402
2019-07-19,3.7408,0.89126559714795
2019-07-22,3.74,0.8917424647761727
2019-07-23,3.7621,0.8963786303334529
2019-07-24,3.7596,0.8975854950184005
2019-07-25,3.7849,0.8963786303334529
2019-07-26,3.7741,0.899199712256092
2019-07-29,3.7909,0.8975049362771494
2019-07-30,3.79,0.897021887334051
2019-07-31,3.7649,0.8984725965858041
2019-08-01,3.8296,0.903995660820828
2019-08-02,3.8739,0.8999280057595392
2019-08-05,3.9404,0.8930963650977941
2019-08-06,3.9643,0.8931761343336907
2019-08-07,3.985,0.8899964400142399
2019-08-08,3.9409,0.8920606601248885
2019-08-09,3.9362,0.8911067545891997
2019-08-12,3.9966,0.8919015340706387
2019-08-13,3.9736,0.8942944017170452
2019-08-14,4.0074,0.8973438621679827
2019-08-15,4.0188,0.9004141905276427
2019-08-16,3.9933,0.901631953836444
2019-08-19,4.0274,0.9012256669069936
2019-08-20,4.0425,0.9015506671474938
2019-08-21,4.0254,0.9010632546404759
2019-08-22,4.0444,0.9017945711966814
2019-08-23,4.0851,0.897021887334051
2019-08-26,4.1367,0.8999280057595392
2019-08-27,4.1557,0.9013881377321075
2019-08-28,4.1559,0.9022013713460844
2019-08-29,4.168,0.9042408897730354
2019-08-30,4.1385,0.91000091000091
2019-09-02,4.1581,
2019-09-03,4.1657,0.9117432530999271
2019-09-04,4.1249,0.9070294784580498
2019-09-05,4.0859,0.9059612248595761
2019-09-06,4.065,0.9056330374932077
2019-09-09,4.0766,0.9044862518089726
2019-09-10,4.1108,0.9056330374932077
2019-09-11,4.0631,0.9090082719752749
2019-09-12,4.0494,0.9030160736861117
2019-09-13,4.0616,0.9030160736861117
2019-09-16,4.0872,0.9085953116481919
2019-09-17,4.0998,0.9039139473922082
2019-09-18,4.0972,0.9040773890245004
2019-09-19,4.1393,0.9053050878145935
2019-09-20,4.1687,0.9087604507451835
2019-09-23,4.1734,0.909835319807115
2019-09-24,4.1721,0.9091735612328392
2019-09-25,4.1827,0.9133254178463787
2019-09-26,4.1469,0.9142439202779301
2019-09-27,4.1587,0.9139097057210747
2019-09-30,4.1644,0.9170105456212746
2019-10-01,4.174,0.9147457006952068
2019-10-02,4.1546,0.9131586156515387
2019-10-03,4.1012,0.909835319807115
2019-10-04,4.061,0.9112447603426281
2019-10-07,4.0688,0.9104151493080844
2019-10-08,4.0868,0.9133254178463787
2019-10-09,4.0954,0.9109127345600291
2019-10-10,4.1145,0.907605736068252
2019-10-11,4.106,0.9058791557206268
2019-10-14,4.1263,
2019-10-15,4.1488,0.9061254077564336
2019-10-16,4.1714,0.9029345372460498
2019-10-17,4.1457,0.8985533291400845
2019-10-18,4.1376,0.8964589870013447
2019-10-21,4.1319,0.8972633467922835
2019-10-22,4.0858,0.8978272580355541
2019-10-23,4.0721,0.8994423457456378
2019-10-24,4.0089,0.9010632546404759
2019-10-25,4.0133,0.902445627650934
2019-10-28,3.9793,0.9013881377321075
2019-10-29,3.9946,0.8995232526760818
2019-10-30,4.0186,0.8990380293086397
2019-10-31,4.0041,0.8964589870013447
2019-11-01,3.9786,0.8953353030710001
2019-11-04,3.9922,0.8973438621679827
2019-11-05,4.0043,0.903342366757001
2019-11-06,4.0351,0.9028530155290719
2019-11-07,4.0927,0.9053870529651425
2019-11-08,4.1365,0.9075233687267447
2019-11-11,4.1559,
2019-11-12,4.1756,0.9076881183625307
2019-11-13,4.1767,0.9087604507451835
2019-11-14,4.1831,0.907770515613653
2019-11-15,,0.9053050878145935
2019-11-18,4.1827,0.9026085386767758
2019-11-19,4.2084,0.9029345372460498
2019-11-20,4.2037,0.9039139473922082
2019-11-21,4.2012,0.9035872413481522
2019-11-22,4.1832,0.9067005168192946
2019-11-25,4.2089,0.9083477155054955
2019-11-26,4.2559,0.9081002542680713
2019-11-27,4.2602,0.9089256498818397
2019-11-28,4.248,
2019-11-29,4.224,0.9075233687267447
2019-12-02,4.2261,0.9029345372460498
2019-12-03,4.2008,0.9017945711966814
2019-12-04,4.1926,0.9028530155290719
2019-12-05,4.2136,0.9005763688760806
2019-12-06,4.1783,0.9048136083966704
2019-12-09,4.1503,0.9035872413481522
2019-12-10,4.1427,0.9017132551848512
2019-12-11,4.1153,0.9015506671474938
2019-12-12,4.1092,0.899685110211426
2019-12-13,4.0949,0.8986340762041697
2019-12-16,4.0801,0.8977466558937068
2019-12-17,4.0687,0.897021887334051
2019-12-18,4.0548,0.8998470260055791
2019-12-19,4.0633,0.8986340762041697
2019-12-20,4.0777,0.9028530155290719
2019-12-23,4.0757,0.901631953836444
2019-12-24,4.0813,0.9022013713460844
2019-12-25,,
2019-12-26,4.0601,0.9007386056566384
2019-12-27,4.0545,0.8949346697691068
2019-12-30,4.0307,0.8915039671926541
2019-12-31,4.0307,0.8907098957869422
2020-01-01,,
2020-01-02,4.0213,0.8955758552749418
2020-01-03,4.0522,0.8950147677436678
2020-01-06,4.0554,0.8938946992044337
2020-01-07,4.0841,0.8978272580355541
2020-01-08,4.0672,0.8995232526760818
2020-01-09,4.0744,0.9004141905276427
2020-01-10,4.0745,0.8993614533681086
2020-01-13,4.1309,0.8978272580355541
2020-01-14,4.1443,0.8984725965858041
2020-01-15,4.1622,0.8960573476702508
2020-01-16,4.1726,0.8983918785374181
2020-01-17,4.1837,0.9014693951140359
2020-01-20,4.1829,
2020-01-21,4.2014,0.9012256669069936
2020-01-22,4.1889,0.9021199819576003
2020-01-23,4.1662,0.9057150620414817
2020-01-24,4.1769,0.9069472156720478
2020-01-27,4.2196,0.9075233687267447
2020-01-28,4.2064,0.9084302325581395
2020-01-29,4.2013,0.9087604507451835
2020-01-30,4.2523,0.9064539521392314
2020-01-31,4.2695,0.9023641941887746
2020-02-03,4.2475,0.903995660820828
2020-02-04,4.2381,0.9055510278004165
2020-02-05,4.2449,0.9085953116481919
2020-02-06,4.2477,0.91082976591675
2020-02-07,4.3076,0.9132420091324202
2020-02-10,4.3195,0.9160864785635765
2020-02-11,4.3148,0.9160025648071816
2020-02-12,4.3366,0.9180207472688884
2020-02-13,4.3389,0.9218289085545723
2020-02-14,4.3163,0.9225943352707814
2020-02-17,4.3157,
2020-02-18,4.3471,0.9246417013407305
2020-02-19,4.3728,0.9264406151565685
2020-02-20,4.3873,0.9261831990367694
2020-02-21,4.3924,0.921234454168586
2020-02-24,,0.9210647508519848
2020-02-25,,0.9201324990798675
2020-02-26,4.4359,0.918526683200147
2020-02-27,4.4764,0.9109957183201239
2020-02-28,4.4987,0.9090082719752749
2020-03-02,4.4946,0.8957362952346829
2020-03-03,4.4883,0.894854586129754
2020-03-04,4.5258,0.8984725965858041
2020-03-05,4.6207,0.8926977325477593
2020-03-06,4.6459,0.8834702712253734
2020-03-09,4.7379,0.8756567425569177
2020-03-10,4.6693,0.881678716275789
2020-03-11,4.6738,0.8865248226950355
2020-03-12,4.8833,0.902445627650934
2020-03-13,4.7362,0.9036688957166095
2020-03-16,4.9471,0.8977466558937068
2020-03-17,5.0496,0.9114939385653086
2020-03-18,5.1107,0.9231053263177329
2020-03-19,5.1444,0.9346667912889054
2020-03-20,5.0248,0.9361542782250515
2020-03-23,5.0805,0.929368029739777
2020-03-24,5.0713,0.9264406151565685
2020-03-25,5.0706,0.9229349330872174
2020-03-26,5.001,0.9070294784580498
2020-03-27,5.1109,0.9042408897730354
2020-03-30,5.1594,0.907605736068252
2020-03-31,5.1987,0.907770515613653
2020-04-01,5.2404,0.9145783793671118
2020-04-02,5.2651,0.9206407659731173
2020-04-03,5.2997,0.9261831990367694
2020-04-06,5.2471,0.9252405625462621
2020-04-07,5.2217,0.9186110600771633
2020-04-08,5.2123,0.9204712812960235
2020-04-09,5.0779,0.9148293843198244
2020-04-10,,0.9131586156515387
2020-04-13,5.1824,0.9169264624977077
2020-04-14,5.1858,0.9114939385653086
2020-04-15,5.2579,0.9166743056192135
2020-04-16,5.2377,0.9225092250922509
2020-04-17,5.2573,0.9188642837452908
2020-04-20,5.2837,0.9196247930844216
2020-04-21,,0.9213193292795283
2020-04-22,5.3847,0.9234463015975621
2020-04-23,5.4467,0.9246417013407305
2020-04-24,5.651,0.9260974254491572
2020-04-27,5.6358,0.9234463015975621
2020-04-28,5.5683,0.9228497600590625
2020-04-29,5.4291,0.9214042200313278
2020-04-30,5.427,0.9145783793671118
2020-05-01,,0.9092562284051645
2020-05-04,5.5816,0.9165062780680048
2020-05-05,5.5354,0.9221689413500553
2020-05-06,5.6676,0.9254118082546733
2020-05-07,5.8365,0.9246417013407305
2020-05-08,5.7653,0.9213193292795283
2020-05-11,5.7954,0.924385283786282
2020-05-12,5.7723,0.9204712812960235
2020-05-13,5.9022,0.9227646027498384
2020-05-14,5.9372,0.9259259259259258
2020-05-15,5.8229,0.9245562130177516
2020-05-18,5.7375,0.917094644167278
2020-05-19,5.7216,0.9143275121148396
2020-05-20,5.6968,0.9107468123861566
2020-05-21,5.6019,0.9129918743723181
2020-05-22,5.5808,0.9179364787956674
2020-05-25,5.4772,
2020-05-26,5.3707,0.9115770282588879
2020-05-27,5.2992,0.9116601331023795
2020-05-28,5.3405,0.9034239768723462
2020-05-29,5.4263,0.9003331232556046
2020-06-01,5.3639,0.8990380293086397
2020-06-02,5.2601,0.8955758552749418
2020-06-03,5.0516,0.8892050506846878
2020-06-04,5.1041,0.8832361773538243
2020-06-05,4.9775,0.8851907586084802
2020-06-08,4.9331,0.8855042946958293
2020-06-09,4.9057,0.8812125484666902
2020-06-10,4.8894,0.8806693086745927
2020-06-11,,0.8788890841975743
2020-06-12,5.0373,0.888651915044877
2020-06-15,5.1883,0.8873114463176575
2020-06-16,5.1285,0.8881783462119194
2020-06-17,5.2499,0.8913450396648543
2020-06-18,5.3468,0.891583452211127
2020-06-19,5.3466,0.893734918223255
2020-06-22,5.2226,0.8880994671403198
2020-06-23,5.1705,0.8832361773538243
2020-06-24,5.2435,0.8871540099361249
2020-06-25,5.3287,0.8911861687906603
2020-06-26,5.4629,0.8916629514043692
2020-06-29,5.4416,0.8899172376968942
2020-06-30,5.476,0.8899172376968942
2020-07-01,5.3651,0.8881783462119194
2020-07-02,5.3028,0.8899172376968942
2020-07-03,5.3374,
2020-07-06,5.3085,0.8844078889183691
2020-07-07,5.3318,0.8850340738118418
2020-07-08,5.3482,0.8826904404625298
2020-07-09,5.2978,0.8851124092759781
2020-07-10,5.344,0.8835483300936562
2020-07-13,5.3486,0.8799718409010912
2020-07-14,5.4288,0.8767315448009819
2020-07-15,5.3491,0.8767315448009819
2020-07-16,5.356,0.8746610688358262
2020-07-17,5.351,0.8742787200559539
2020-07-20,5.3635,0.8739730816290857
2020-07-21,5.2283,0.8699434536755111
2020-07-22,5.1111,0.8630361612151549
2020-07-23,5.1647,0.8603630732168974
2020-07-24,5.2146,0.8594757198109153
2020-07-27,5.1889,0.851063829787234
2020-07-28,5.1777,0.8522969402539845
2020-07-29,5.1395,0.8496176720475785
2020-07-30,5.1837,0.8481044864727334
2020-07-31,5.2033,0.845880561664693
2020-08-03,5.3075,0.851063829787234
2020-08-04,5.3329,0.8499065102838687
2020-08-05,5.276,0.8404773911581779
2020-08-06,5.3431,0.8434547908232118
2020-08-07,5.4227,0.8491847826086957
2020-08-10,5.3933,0.8506294658046955
2020-08-11,5.4285,0.8500510030601837
2020-08-12,5.4551,0.84774499830451
2020-08-13,5.3801,0.8461668641056016
2020-08-14,5.3852,0.8450942280064228
2020-08-17,5.4497,0.8425309630128907
2020-08-18,5.4659,0.8383635144198524
2020-08-19,5.4906,0.8404773911581779
2020-08-20,5.651,0.8430281571404485
2020-08-21,5.6064,0.8492569002123143
2020-08-24,5.5954,0.8472422265525714
2020-08-25,5.5997,0.8461668641056016
2020-08-26,5.568,0.8465250148141877
2020-08-27,5.5956,0.8457374830852504
2020-08-28,5.4679,0.8402655239055542
2020-08-31,5.4713,0.8368200836820083
2020-09-01,5.3732,0.8368901163277261
2020-09-02,5.3741,0.8445945945945946
2020-09-03,5.3079,0.8451656524678837
2020-09-04,5.2848,0.8460236886632826
2020-09-07,,
2020-09-08,5.3698,0.8482483671218932
2020-09-09,5.3024,0.8467400508044031
2020-09-10,5.2936,0.8417508417508418
2020-09-11,5.2854,0.8452370890034654
2020-09-14,5.2984,0.8421761832575375
2020-09-15,5.2728,0.8441668073611345
2020-09-16,5.2532,0.8449514152936206
2020-09-17,5.2593,0.8458090163241141
2020-09-18,5.2889,0.8433836552247618
2020-09-21,5.444,0.8520064752492119
2020-09-22,5.4329,0.8544817568144921
2020-09-23,5.5311,0.8563843452941681
2020-09-24,5.5714,0.8571918395336876
2020-09-25,5.5667,0.8607333448097779
2020-09-28,5.5858,0.8576329331046313
2020-09-29,5.6528,0.8534607834769993
2020-09-30,5.6407,0.8530239699735563
2020-10-01,5.6441,0.8509189925119128
2020-10-02,5.6464,0.8542627712284298
2020-10-05,5.6299,0.8486082824168365
2020-10-06,5.5205,0.8490405841399219
2020-10-07,5.6018,0.8499065102838687
2020-10-08,5.62,0.8508465923593976
2020-10-09,5.5393,0.8460952703274389
2020-10-12,,
2020-10-13,5.5859,0.8520064752492119
2020-10-14,5.5675,0.8507018290089324
2020-10-15,5.6172,0.854627809588924
2020-10-16,5.6226,0.8534607834769993
2020-10-19,5.6023,0.848320325755005
2020-10-20,5.583,0.8457374830852504
2020-10-21,5.6006,0.8424599831508003
2020-10-22,5.582,0.8457374830852504
2020-10-23,5.612,0.8443093549476529
2020-10-26,5.6328,0.8463100880162492
2020-10-27,5.6491,0.8450228156160217
2020-10-28,5.7325,0.8509914049868096
2020-10-29,5.7803,0.857780065191285
2020-10-30,5.7718,0.8585901948999742
2020-11-02,,0.8595495960116899
2020-11-03,5.6895,0.8529512111907198
2020-11-04,5.6932,0.8525149190110827
2020-11-05,5.5624,0.846811753747142
2020-11-06,5.5313,0.8413259296651522
2020-11-09,5.2821,0.8466683600033866
2020-11-10,5.3696,0.8467400508044031
2020-11-11,5.402,
2020-11-12,5.4094,0.8464533604198409
2020-11-13,5.4854,0.8457374830852504
2020-11-16,5.4198,0.8443093549476529
2020-11-17,5.3968,0.8430281571404485
2020-11-18,5.2932,0.8425309630128907
2020-11-19,5.333,0.8443806467955756
2020-11-20,5.3505,0.8433836552247618
2020-11-23,5.3828,0.8455944529003889
2020-11-24,5.4037,0.8421761832575375
2020-11-25,5.3508,0.8397715821296606
2020-11-26,5.3201,
2020-11-27,5.3494,
2020-11-30,5.3317,0.8369601606963508
2020-12-01,5.2789,0.8306337735692333
2020-12-02,5.2267,0.8269246671628214
2020-12-03,5.1625,0.8229098090849243
2020-12-04,5.1706,0.823587547356284
2020-12-07,5.1018,0.8238589553468446
2020-12-08,5.092,0.825695648583932
2020-12-09,5.1109,0.8278145695364238
2020-12-10,5.0852,0.825218682950982
2020-12-11,5.0691,0.8256274768824307
2020-12-14,5.0578,0.8233841086867024
2020-12-15,5.0968,0.8225037012666557
2020-12-16,5.1057,0.8213552361396304
2020-12-17,5.0612,0.8157937673356176
2020-12-18,5.0986,0.8172605426610003
2020-12-21,5.1572,0.8176614881439084
2020-12-22,5.1473,0.821557673348669
2020-12-23,5.174,0.8200754469411186
2020-12-24,5.18,
2020-12-25,,
2020-12-28,5.239,0.8187996397281585
2020-12-29,5.1942,0.8161932745674175
2020-12-30,5.1967,0.8143322475570033
2020-12-31,5.1967,0.8176614881439084
2021-01-01,,
2021-01-04,5.1626,0.8160600620205647
2021-01-05,5.3269,0.8133387555917039
2021-01-06,5.3182,0.8136696501220504
2021-01-07,5.3433,0.8153281695882594
2021-01-08,5.3683,0.8161932745674175
2021-01-11,5.4966,0.8217602103706138
2021-01-12,5.4637,0.8218277449046679
2021-01-13,5.307,0.8224360555966773
2021-01-14,5.2617,0.8226390259953932
2021-01-15,5.2714,0.8265145879824779
2021-01-18,5.2788,
2021-01-19,5.2945,0.8246742536698005
2021-01-20,5.3033,
2021-01-21,5.3166,0.823519723297373
2021-01-22,5.4301,0.8210854749979473
2021-01-25,5.5089,0.8238589553468446
2021-01-26,5.3865,0.8232485387338438
2021-01-27,5.3824,0.8263779852904719
2021-01-28,5.4282,0.8249463784853985
2021-01-29,5.4759,0.8240626287597858
2021-02-01,5.4608,0.828500414250207
2021-02-02,5.3875,0.831946755407654
2021-02-03,5.3423,0.8316008316008316
2021-02-04,5.391,0.8351428094204109
2021-02-05,5.3884,0.8309098462816784
2021-02-08,5.367,0.8302200083022001
2021-02-09,5.4216,0.8260366760284157
2021-02-10,5.4024,0.8242664029014177
2021-02-11,5.3626,0.824606250515379
2021-02-12,5.3815,0.8246742536698005
2021-02-15,,
2021-02-16,,0.8259684480052861
2021-02-17,5.4138,0.8304268393954493
2021-02-18,5.4238,0.8279516476237788
2021-02-19,5.3924,0.8239947264337508
2021-02-22,5.5044,0.8227067050596463
2021-02-23,5.449,0.823587547356284
2021-02-24,5.4182,0.823519723297373
2021-02-25,5.46,0.8177283506419167
2021-02-26,5.5302,0.8269246671628214
2021-03-01,5.5832,0.8296001327360212
2021-03-02,5.6844,0.8278831029058697
2021-03-03,5.7342,0.8282945415389712
2021-03-04,5.6008,0.8302200083022001
2021-03-05,5.687,0.8393486654356219
2021-03-08,5.7343,0.8439530762089628
2021-03-09,5.8397,0.8413967185527977
2021-03-10,5.7449,0.8403361344537815
2021-03-11,5.589,0.8348639171814994
2021-03-12,5.564,0.8366800535475234
2021-03-15,5.6296,0.8391373667869431
2021-03-16,5.5851,0.8406893652795292
2021-03-17,5.6579,0.8399832003359934
2021-03-18,5.5474,0.8385041086701324
2021-03-19,5.5082,0.8397010664203544
2021-03-22,5.5269,0.8380824673147838
2021-03-23,5.4951,0.8423180592991913
2021-03-24,5.533,0.8452370890034654
2021-03-25,5.6585,0.8491126772522714
2021-03-26,5.7042,0.8476012883539583
2021-03-29,5.7925,0.8489685032685288
2021-03-30,5.7642,0.8529512111907198
2021-03-31,5.6973,0.8515711487694798
2021-04-01,5.6849,0.8494733265375467
2021-04-02,,0.8501232678738417
2021-04-05,5.6579,0.8467400508044031
2021-04-06,5.6263,0.8437394532568343
2021-04-07,5.5864,0.8410428931875525
2021-04-08,5.5817,0.8400537634408602
2021-04-09,5.6445,0.8405480373203329
2021-04-12,5.6582,0.8398421096833795
2021-04-13,5.7064,0.8375910880308234
2021-04-14,5.6936,0.8351428094204109
2021-04-15,5.6234,0.8358408559010365
2021-04-16,5.6328,0.8347245409015025
2021-04-19,5.575,0.8313934153641502
2021-04-20,5.5266,0.8302200083022001
2021-04-21,,0.8310479514667997
2021-04-22,5.497,0.8325008325008325
2021-04-23,5.4787,0.8285690612312535
2021-04-26,5.4566,0.8276090374906895
2021-04-27,5.4424,0.8278831029058697
2021-04-28,5.4005,0.8265829062654985
2021-04-29,5.3662,0.8257638315441783
2021-04-30,5.4036,0.8312551953449708
2021-05-03,5.4087,0.8292561572269674
2021-05-04,5.4505,0.8323622440486099
2021-05-05,5.3872,0.8331250520703158
2021-05-06,5.2897,0.8299443937256203
2021-05-07,5.2217,0.8220304151253597
2021-05-10,5.2227,0.8216926869350862
2021-05-11,5.2403,0.8217602103706138
2021-05-12,5.2353,0.8282259400364419
2021-05-13,5.2815,0.828500414250207
2021-05-14,5.2701,0.8236553825879253
2021-05-17,5.2755,0.8227067050596463
2021-05-18,5.2588,0.8194706219782021
2021-05-19,5.2822,0.8185985592665357
2021-05-20,5.2905,0.8179959100204499
2021-05-21,5.3027,0.8211528986697323
2021-05-24,5.3198,0.8190008190008189
2021-05-25,5.3143,0.8174609662388621
2021-05-26,5.3164,0.8194034742707309
2021-05-27,5.284,0.8200754469411186
2021-05-28,5.2281,0.8200754469411186
2021-05-31,5.2322,
2021-06-01,5.1636,0.8169267216730659
2021-06-02,5.1147,0.8187996397281585
2021-06-03,,0.8249463784853985
2021-06-04,5.0666,0.8214901831923108
2021-06-07,5.0498,0.819672131147541
2021-06-08,5.0489,0.8210180623973727
2021-06-09,5.0533,0.8207485226526593
2021-06-10,5.0635,0.8214901831923108
2021-06-11,5.119,0.8263779852904719
2021-06-14,5.0707,0.8246742536698005
2021-06-15,5.0874,0.8250825082508251
2021-06-16,5.0207,0.8251505899826719
2021-06-17,5.0359,0.8395600705230459
2021-06-18,5.0314,0.8423180592991913
2021-06-21,5.0373,0.8397010664203544
2021-06-22,5.0178,0.8396305625524769
2021-06-23,4.9519,0.8368200836820083
2021-06-24,4.9277,0.8384338056510438
2021-06-25,4.9206,0.8375209380234506
2021-06-28,4.942,0.8376612497905848
2021-06-29,4.945,0.8399832003359934
2021-06-30,5.0022,0.8440243079000674
2021-07-01,5.0055,0.8433836552247618
2021-07-02,5.0293,0.8440243079000674
2021-07-05,5.0749,
2021-07-06,5.1645,0.8463100880162492
2021-07-07,5.2328,0.8472422265525714
2021-07-08,5.2587,0.8445945945945946
2021-07-09,5.2393,0.8430992327796982
2021-07-12,5.2239,0.8433125316242199
2021-07-13,5.177,0.8465250148141877
2021-07-14,5.088,0.8455944529003889
2021-07-15,5.1,0.8470269354565475
2021-07-16,5.0941,0.8467400508044031
2021-07-19,5.1978,0.8471704506946799
2021-07-20,5.2465,0.8491847826086957
2021-07-21,5.2516,0.8475294516484448
2021-07-22,5.1978,0.8495454931611588
2021-07-23,5.1701,0.8502678343678259
2021-07-26,5.1863,0.8467400508044031
2021-07-27,5.1669,0.8452370890034654
2021-07-28,5.1527,0.846811753747142
2021-07-29,5.0682,0.8413259296651522
2021-07-30,5.1216,0.8428860418071478
2021-08-02,5.1379,0.8422471153036301
2021-08-03,5.2464,0.8432414200185513
2021-08-04,5.2091,0.8445232666159953
2021-08-05,5.1464,0.8447372867038352
2021-08-06,5.241,0.8502678343678259
2021-08-09,5.2774,0.8511362669163333
2021-08-10,5.2217,0.8530967411704488
2021-08-11,5.2013,0.8520064752492119
2021-08-12,5.2351,0.8520790729379687
2021-08-13,5.2474,0.84774499830451
2021-08-16,5.2495,0.8491847826086957
2021-08-17,5.2585,0.8536793580331228
2021-08-18,5.3025,0.8545547769612033
2021-08-19,5.418,0.8552125203112974
2021-08-20,5.4274,0.8554319931565441
2021-08-23,5.3686,0.8523695874531196
2021-08-24,5.3017,0.8513536523071683
2021-08-25,5.2465,0.8504847763225039
2021-08-26,5.2429,0.8502678343678259
2021-08-27,5.22,0.8478887569950823
2021-08-30,5.1952,0.8478168715557439
2021-08-31,5.1433,0.8474576271186441
2021-09-01,5.1576,0.8438818565400843
2021-09-02,5.1735,0.8433125316242199
2021-09-03,5.1685,0.841467519353753
2021-09-06,5.1773,
2021-09-07,,0.8439530762089628
2021-09-08,5.2524,0.8461668641056016
2021-09-09,5.2825,0.8455229559482539
2021-09-10,5.2158,0.8459521191100584
2021-09-13,5.219,0.846811753747142
2021-09-14,5.226,0.8457374830852504
2021-09-15,5.2576,0.8466683600033866
2021-09-16,5.2594,0.8500510030601837
2021-09-17,5.3103,0.8522243054371911
2021-09-20,5.3332,0.8525876033762468
2021-09-21,5.3044,0.8529512111907198
2021-09-22,5.2783,0.851861316977596
2021-09-23,5.2891,0.8521516829995739
2021-09-24,5.3435,0.8536064874093043
2021-09-27,5.3478,0.8545547769612033
2021-09-28,5.4206,0.856091088091773
2021-09-29,5.4173,0.861178091629349
2021-09-30,5.4394,0.8637816360024186
2021-10-01,5.3911,0.8622176237282291
2021-10-04,5.4204,0.8604371020478404
2021-10-05,5.4611,0.8614006374364717
2021-10-06,5.5097,0.8661008141347653
2021-10-07,5.514,0.8649770781074302
2021-10-08,5.5084,0.8641548565502938
2021-10-11,5.5161,
2021-10-12,,0.8664760419374405
2021-10-13,5.5471,0.8644536652835407
2021-10-14,5.4988,0.862738331464067
2021-10-15,5.451,0.8625150940141453
2021-10-18,5.5193,0.8614006374364717
2021-10-19,5.5521,0.859697386519945
2021-10-20,5.5571,0.8588851670531651
2021-10-21,5.6423,0.8588851670531651
2021-10-22,5.7117,0.859697386519945
2021-10-25,5.5973,0.8614006374364717
2021-10-26,5.58,0.8628127696289905
2021-10-27,5.5667,0.8620689655172414
2021-10-28,5.6124,0.8557980316645271
2021-10-29,5.643,0.8656509695290858
2021-11-01,5.6694,0.862738331464067
2021-11-02,,0.8634832915983076
2021-11-03,5.6672,0.8632596685082872
2021-11-04,5.5942,0.8661008141347653
2021-11-05,5.5455,0.8655011251514627
2021-11-08,5.5627,0.8628127696289905
2021-11-09,5.4957,0.8628872206402622
2021-11-10,5.459,0.8682816705739342
2021-11-11,5.4171,
2021-11-12,5.4199,0.8738967054094205
2021-11-15,,0.8755800717975659
2021-11-16,5.4772,0.8823788934968676
2021-11-17,5.4993,0.8832361773538243
2021-11-18,5.547,0.8804366966015145
2021-11-19,5.5584,0.8835483300936562
2021-11-22,5.5841,0.8880994671403198
2021-11-23,5.6456,0.8877052818464269
2021-11-24,5.6027,0.8931761343336907
2021-11-25,5.574,
2021-11-26,5.5865,0.8847991505928153
2021-11-29,5.6118,0.8880206020779682
2021-11-30,5.6199,0.8859750155045627
2021-12-01,5.6168,0.8831581736288968
2021-12-02,5.6345,0.884486113568017
2021-12-03,5.6432,0.8843296781039971
2021-12-06,5.6877,0.8863676653075695
2021-12-07,5.6411,0.8891259891526629
2021-12-08,5.5779,0.8826125330979699
2021-12-09,5.5564,0.8861320336730172
2021-12-10,5.5931,0.884016973125884
2021-12-13,5.6357,0.8851124092759781
2021-12-14,5.6461,0.8875477056891807
2021-12-15,5.7127,0.8880206020779682
2021-12-16,5.6963,0.8842514811212309
2021-12-17,5.6959,0.8867606632969762
2021-12-20,5.7055,0.8851124092759781
2021-12-21,5.7372,0.8871540099361249
2021-12-22,5.7201,0.8830801836806782
2021-12-23,5.691,0.88339222614841
2021-12-24,5.6591,
2021-12-27,5.665,0.8826904404625298
2021-12-28,5.6438,0.8838607035531201
2021-12-29,5.6619,0.8820675663755845
2021-12-30,5.5805,0.8835483300936562
2021-12-31,5.5805,
2022-01-03,5.6309,0.8857395925597874
2022-01-04,5.6776,0.8852691218130312
2022-01-05,5.6628,0.882223202470225
2022-01-06,5.7042,0.8844078889183691
2022-01-07,5.6753,0.8804366966015145
2022-01-10,5.6736,0.8827683615819208
2022-01-11,5.6351,0.8800492827598345
2022-01-12,5.5611,0.8748141020033243
2022-01-13,5.5246,0.8722958827634333
2022-01-14,5.5349,0.8761170492377782
2022-01-17,5.5058,
2022-01-18,5.5213,0.8821453775582216
2022-01-19,5.4978,0.8813678829543451
2022-01-20,5.4166,0.8821453775582216
2022-01-21,5.4401,0.8813678829543451
2022-01-24,5.491,0.8841732979664014
2022-01-25,5.4971,0.8862891075068686
2022-01-26,5.4324,0.8866034222892101
2022-01-27,5.3812,0.8975854950184005
2022-01-28,5.3954,0.8960573476702508
2022-01-31,5.3574,0.8919015340706387
2022-02-01,5.281,0.8897588753447816
2022-02-02,5.2956,0.8850340738118418
2022-02-03,5.3025,0.87527352297593
2022-02-04,5.3284,0.8729812309035356
2022-02-07,5.2913,0.8745845723281441
2022-02-08,5.2699,0.8759635599159076
2022-02-09,5.2735,0.8745080891998251
2022-02-10,5.2101,0.8705493166187864
2022-02-11,5.1987,0.876885303402315
2022-02-14,5.2106,0.884486113568017
2022-02-15,5.1881,0.8800492827598345
2022-02-16,5.163,0.8786574114752659
2022-02-17,5.1565,0.8799718409010912
2022-02-18,5.1339,0.8828462964597863
2022-02-21,5.0997,
2022-02-22,5.0611,0.881678716275789
2022-02-23,5.0143,0.8837044892188053
2022-02-24,5.1174,0.8965393580778197
2022-02-25,5.1394,0.8880206020779682
2022-02-28,,0.8909479686386315
2022-03-01,,0.900657479960371
2022-03-02,5.1347,0.9007386056566384
2022-03-03,5.0479,0.9047317470370035
2022-03-04,5.0758,0.9164222873900294
2022-03-07,5.0579,0.9208103130755064
2022-03-08,5.0903,0.9190331770976932
2022-03-09,5.0094,0.9034239768723462
2022-03-10,5.0513,0.9085127646043427
2022-03-11,5.0255,0.9143275121148396
2022-03-14,5.0647,0.91082976591675
2022-03-15,5.1314,0.9112447603426281
2022-03-16,5.1287,0.9094216078574028
2022-03-17,5.0764,0.9000900090009001
2022-03-18,5.0411,0.9054690329590728
2022-03-21,4.9666,0.9051412020275162
2022-03-22,4.9208,0.9072763563781527
2022-03-23,4.8704,0.9090082719752749
2022-03-24,4.8067,0.9085953116481919
2022-03-25,4.7782,0.9103322712790168
2022-03-28,4.7905,0.9109957183201239
2022-03-29,4.7486,0.9005763688760806
2022-03-30,4.7497,0.8958165367732688
2022-03-31,4.7378,0.9014693951140359
2022-04-01,4.6984,0.9055510278004165
2022-04-04,4.6175,0.9097525473071325
2022-04-05,4.64,0.9156670634557275
2022-04-06,4.6967,0.9163383121048292
2022-04-07,4.7422,0.9174311926605504
2022-04-08,4.7513,0.9196247930844216
2022-04-11,4.7025,0.9195402298850576
2022-04-12,4.6483,0.9214891264283082
2022-04-13,4.6811,0.9196247930844216
2022-04-14,4.7158,0.9262689885142646
2022-04-15,,0.924898261191269
2022-04-18,4.6746,0.9272137227630969
2022-04-19,4.6664,0.9268699601445918
2022-04-20,4.6397,0.9210647508519848
2022-04-21,,0.9225943352707814
2022-04-22,4.7326,0.9267840593141798
2022-04-25,4.8818,0.934317481080071
2022-04-26,4.9666,0.937998311603039
2022-04-27,5.0167,0.9479571523367144
2022-04-28,5.011,0.9523809523809523
2022-04-29,4.9191,0.9490367277213627
2022-05-02,5.0266,0.95047999239616
2022-05-03,5.0167,0.9494872768704901
2022-05-04,5.0093,0.9488566277635448
2022-05-05,5.0051,0.9517464547444561
2022-05-06,5.075,0.9458948164964057
2022-05-09,5.134,0.947059380623165
2022-05-10,5.139,0.9495774380400722
2022-05-11,5.1244,0.9490367277213627
2022-05-12,5.1482,0.9637625289128758
2022-05-13,5.1075,0.9606147934678195
2022-05-16,5.0666,0.9596928982725528
2022-05-17,4.9676,0.9494872768704901
2022-05-18,4.9592,0.9529254812273679
2022-05-19,4.9198,0.9445546424860678
2022-05-20,4.8777,0.947059380623165
2022-05-23,4.7973,0.9373828271466067
2022-05-24,4.8106,0.9307520476545048
2022-05-25,4.8359,0.9382623381497466
2022-05-26,4.7967,0.9324009324009324
2022-05-27,4.7434,0.9337940050424877
2022-05-30,4.7216,
2022-05-31,4.7289,0.9318796011555307
2022-06-01,4.7765,0.9393199323689648
2022-06-02,4.7879,0.9317059536010436
2022-06-03,4.7956,0.9327488107452663
2022-06-06,4.7839,0.9346667912889054
2022-06-07,4.8909,0.9348415443582312
2022-06-08,4.8711,0.9310986964618249
2022-06-09,4.8951,0.9384384384384383
2022-06-10,4.9836,0.95047999239616
2022-06-13,5.1033,0.9582215408202376
2022-06-14,5.1203,0.9600614439324116
2022-06-15,5.1119,0.9626492106276473
2022-06-16,,0.9495774380400722
2022-06-17,5.1313,0.9548362455838825
2022-06-20,5.1641,
2022-06-21,5.1462,0.9480470231323475
2022-06-22,5.1509,0.9449116507606539
2022-06-23,5.1833,0.9521089212605922
2022-06-24,5.2334,0.9488566277635448
2022-06-27,5.2214,0.9433072351664937
2022-06-28,5.2179,0.9493070058857035
2022-06-29,5.2268,0.9544716999140975
2022-06-30,5.238,0.9552010698251983
2022-07-01,5.3142,0.9607070804111827
2022-07-04,5.3038,
2022-07-05,5.3899,0.9752291788570313
2022-07-06,5.4321,0.9829942003342179
2022-07-07,5.364,0.984348853233586
2022-07-08,5.3086,0.982511298879937
2022-07-11,5.3477,0.9912767644726408
2022-07-12,5.412,0.9931472837421791
2022-07-13,5.3992,0.9919650828290845
2022-07-14,5.4568,0.997207818109294
2022-07-15,5.4014,0.9911785112498762
2022-07-18,5.3675,0.984251968503937
2022-07-19,5.3904,0.9767532721234615
2022-07-20,5.4288,0.9787608887148869
2022-07-21,5.475,0.9806805923310777
2022-07-22,5.4522,0.9779951100244499
2022-07-25,5.4144,0.9793360101850946
2022-07-26,5.3608,0.9885330170027679
2022-07-27,5.3074,0.9893153937475268
2022-07-28,5.2149,0.9839614287119945
2022-07-29,5.1884,0.9801999607920016
2022-08-01,5.1606,0.9737098344693282
2022-08-02,5.2329,0.9809691975671964
2022-08-03,5.2846,0.9856100926473488
2022-08-04,5.2409,0.9783778495254868
2022-08-05,5.2165,0.9832841691248771
2022-08-08,5.1247,0.9797198001371609
2022-08-09,5.1224,0.9778994719342852
2022-08-10,5.0497,0.9673986649898423
2022-08-11,5.1127,0.967305088024763
2022-08-12,5.1023,0.9749439407234084
2022-08-15,5.0925,0.9817396426467702
2022-08-16,5.134,0.982897582071948
2022-08-17,5.1784,0.9838646202282566
2022-08-18,5.1773,0.9887284951552303
2022-08-19,5.1961,0.9961151509114453
2022-08-22,5.1709,1.0064412238325282
2022-08-23,5.103,1.0024057738572574
2022-08-24,5.105,1.0033109260559847
2022-08-25,5.1173,1.0041168792047395
2022-08-26,5.0903,1.0002000400080016
2022-08-29,5.0428,1.0
2022-08-30,5.0617,0.9982032341784787
2022-08-31,5.179,0.9935419771485345
2022-09-01,5.2007,1.0050251256281406
2022-09-02,5.1878,0.9970089730807579
2022-09-05,5.1686,
2022-09-06,5.2228,1.0086746015735324
2022-09-07,,1.0058338362502515
2022-09-08,5.2155,1.004419445560466
2022-09-09,5.1633,0.9954210631096955
2022-09-12,5.1183,0.9872642906506073
2022-09-13,5.1794,1.000300090027008
2022-09-14,5.1774,1.0007004903432404
2022-09-15,5.2211,1.0009008107296566
2022-09-16,5.2882,0.9987016878058523
2022-09-19,5.2367,0.9997000899730081
2022-09-20,5.1705,1.0006003602161297
2022-09-21,5.1692,1.0121457489878543
2022-09-22,5.1677,1.01615689462453
2022-09-23,5.2257,1.0289124395513942
2022-09-26,5.3548,1.039176971838304
2022-09-27,5.3508,1.0399334442595674
2022-09-28,5.3594,1.0329511414110113
2022-09-29,5.3916,1.023122570083896
2022-09-30,5.4066,1.0221813349688236
2022-10-03,5.2002,1.0194719135487817
2022-10-04,5.1411,1.0023053021950485
2022-10-05,5.2144,1.0135819987837016
2022-10-06,5.2009,1.0197838058331634
2022-10-07,5.2221,1.0219724067450178
2022-10-10,5.1941,
2022-10-11,5.2068,1.0249051962693452
2022-10-12,,1.031778786628147
2022-10-13,5.3017,1.0224948875255624
2022-10-14,5.2824,1.0267994660642776
2022-10-17,5.2713,1.015950421619425
2022-10-18,5.2697,1.016053647632595
2022-10-19,5.2808,1.0224948875255624
2022-10-20,5.2176,1.0180189351521938
2022-10-21,5.1919,1.0147133434804667
2022-10-24,5.2744,1.0127607859023697
2022-10-25,5.3091,1.0041168792047395
2022-10-26,5.3248,0.9932459276916965
2022-10-27,5.3003,1.0015022533800702
2022-10-28,5.3454,1.00664384940608
2022-10-31,5.257,1.0116337885685383
2022-11-01,5.15,1.013068584743187
2022-11-02,,1.0126582278481011
2022-11-03,5.1349,1.0246951531919255
2022-11-04,5.036,1.010611419909045
2022-11-07,5.0886,1.000300090027008
2022-11-08,5.1744,0.9911785112498762
2022-11-09,5.1629,0.9963136395337252
2022-11-10,5.3064,0.9827044025157232
2022-11-11,5.3051,
2022-11-14,5.3013,0.9673986649898423
2022-11-15,,0.9641342074816815
2022-11-16,5.3204,0.962000962000962
2022-11-17,5.4655,0.9670244657189827
2022-11-18,5.3477,0.9662769349695624
2022-11-21,5.3259,0.9767532721234615
2022-11-22,5.3339,0.9731413001167769
2022-11-23,5.393,0.9648784253184098
2022-11-24,5.3149,
2022-11-25,5.3508,0.9613535858488752
2022-11-28,5.3796,0.9628345850182939
2022-11-29,5.3076,0.9656237929702587
2022-11-30,5.2941,0.968710646130001
2022-12-01,5.1948,0.9525623928367307
2022-12-02,5.1974,0.95047999239616
2022-12-05,5.2464,0.9529254812273679
2022-12-06,5.2396,0.9526531389920929
2022-12-07,5.2208,0.9519276534983341
2022-12-08,5.2091,0.9476876421531464
2022-12-09,5.2396,0.9478672985781991
2022-12-12,5.3066,0.948316737790422
2022-12-13,5.2669,0.9407337723424272
2022-12-14,5.3406,0.938526513374003
2022-12-15,5.3183,0.9400263207369806
2022-12-16,5.2806,0.942507068803016
2022-12-19,5.316,0.9412650602409638
2022-12-20,5.2427,0.9402914903620123
2022-12-21,5.2031,0.9434852344560807
2022-12-22,5.1871,0.9444654325651681
2022-12-23,5.1445,0.9415309292910272
2022-12-26,5.1872,
2022-12-27,5.2832,0.9386146048432514
2022-12-28,5.2736,0.9414422895876482
2022-12-29,5.2177,0.9373828271466067
2022-12-30,5.2177,0.9347541596560104
2023-01-02,5.3436,
2023-01-03,5.3759,0.947059380623165
2023-01-04,5.4459,0.9416195856873822
2023-01-05,5.4026,0.9503896597605018
2023-01-06,5.2855,0.9417082587814295
2023-01-09,5.2967,0.9294544102611766
2023-01-10,5.2395,0.9313588525658936
2023-01-11,5.202,0.9310986964618249
2023-01-12,5.14,0.9239582370876837
2023-01-13,5.1146,0.9249838127832763
2023-01-16,5.1115,
2023-01-17,5.1203,0.9265264523302141
2023-01-18,5.0909,0.9236168837166343
2023-01-19,5.2144,0.9250693802035153
2023-01-20,5.1986,0.9232757824762257
2023-01-23,5.1922,0.9203865623561895
2023-01-24,5.1696,0.9197093718384991
2023-01-25,5.1042,0.9173470323823502
2023-01-26,5.0951,0.9203018590097551
2023-01-27,5.0767,0.9210647508519848
2023-01-30,5.0959,0.9202171712524155
2023-01-31,5.0993,0.9209799226376865
2023-02-01,5.0721,0.9160025648071816
2023-02-02,4.9901,0.9159186664224216
2023-02-03,5.103,0.9237875288683602
2023-02-06,5.1763,0.9326618168252191
2023-02-07,5.1695,0.9341429238673516
2023-02-08,5.2036,0.9316191540898081
2023-02-09,5.2315,0.9292816652727441
2023-02-10,5.2526,0.9372071227741331
2023-02-13,5.1834,0.9330098899048329
2023-02-14,5.1507,0.9326618168252191
2023-02-15,5.2243,0.9360666479453337
2023-02-16,5.2432,0.9359790340696368
2023-02-17,5.2012,0.9365049634763064
2023-02-20,,
2023-02-21,,0.9383503800319039
2023-02-22,5.173,0.9413536665725313
2023-02-23,5.133,0.9449116507606539
2023-02-24,5.1791,0.948316737790422
2023-02-27,5.196,0.9437523593808984
2023-02-28,5.2078,0.9432182607055273
2023-03-01,5.207,0.9368559115608021
2023-03-02,5.208,0.9438414346389805
2023-03-03,5.2037,0.9419743782969102
2023-03-06,5.197,0.935103796521414
2023-03-07,5.1901,0.9458053532582995
2023-03-08,5.1387,0.9479571523367144
2023-03-09,5.1353,0.9454476694714947
2023-03-10,5.1822,0.9381743127873158
2023-03-13,5.24,0.9317059536010436
2023-03-14,5.2362,0.9326618168252191
2023-03-15,5.2981,0.9492168960607498
2023-03-16,5.2892,0.9414422895876482
2023-03-17,5.2679,0.9392317084624777
2023-03-20,5.2467,0.9326618168252191
2023-03-21,5.2444,0.9285913269570063
2023-03-22,5.2648,0.9266123054114159
2023-03-23,5.2632,0.9182736455463728
2023-03-24,5.2921,0.929195316855603
2023-03-27,5.2306,0.9268699601445918
2023-03-28,5.1733,0.9221689413500553
2023-03-29,5.1493,0.9237021984112322
2023-03-30,5.1254,0.9175153683824203
2023-03-31,5.0804,0.919793966151582
2023-04-03,5.0637,0.918189330639978
2023-04-04,5.0762,0.9131586156515387
2023-04-05,5.0447,0.9159186664224216
2023-04-06,5.0683,0.9151642719868216
2023-04-07,,0.9163383121048292
2023-04-10,5.0834,0.9225092250922509
2023-04-11,5.0128,0.9169264624977077
2023-04-12,4.9496,0.910166560480568
2023-04-13,4.9097,0.904649900488511
2023-04-14,4.9455,0.9107468123861566
2023-04-17,4.9421,0.9161704076958315
2023-04-18,4.9678,0.9125752874612154
2023-04-19,5.0467,0.9129918743723181
2023-04-20,5.0497,0.9115770282588879
2023-04-21,,0.9113278046113188
2023-04-24,5.0595,0.9068649678062937
2023-04-25,5.0613,0.9117432530999271
2023-04-26,5.0585,0.9048136083966704
2023-04-27,5.015,0.9076881183625307
2023-04-28,5.0007,0.9057971014492753
2023-05-01,,0.9115770282588879
2023-05-02,5.0334,0.9093389106119851
2023-05-03,5.0227,0.9050592813829306
2023-05-04,5.0106,0.9083477155054955
2023-05-05,4.9696,0.9069472156720478
2023-05-08,4.9696,0.9074410163339383
2023-05-09,5.0007,0.9129918743723181
2023-05-10,4.9547,0.9119095385737734
2023-05-11,4.9696,0.9160864785635765
2023-05-12,4.9234,0.9211495946941785
2023-05-15,4.9103,0.9196247930844216
2023-05-16,4.9122,0.9203018590097551
2023-05-17,4.9513,0.9233610341643583
2023-05-18,4.9647,0.9279881217520417
2023-05-19,4.9858,0.9242998428690267
2023-05-22,4.968,0.9254118082546733
2023-05-23,4.9674,0.9284189026088572
2023-05-24,4.9474,0.9295408068414203
2023-05-25,4.999,0.9324009324009324
2023-05-26,5.0114,0.9334453467749464
2023-05-29,4.9954,
2023-05-30,5.0593,0.9326618168252191
2023-05-31,5.0959,0.9386146048432514
2023-06-01,5.035,0.9300595238095238
2023-06-02,4.9558,0.9324878776575904
2023-06-05,4.9236,0.9327488107452663
2023-06-06,4.9292,0.9350163627863488
2023-06-07,4.9119,0.9344047841524948
2023-06-08,,0.9276437847866419
2023-06-09,4.8922,0.9303190994511118
2023-06-12,4.8832,0.9304922303898763
2023-06-13,4.8533,0.9266123054114159
2023-06-14,4.8462,0.9208951100469656
2023-06-15,4.8222,0.914662032379036
2023-06-16,4.8286,0.9153318077803203
2023-06-19,4.7803,
2023-06-20,4.793,0.9174311926605504
2023-06-21,4.7795,0.9131586156515387
2023-06-22,4.775,0.9129918743723181
2023-06-23,4.7799,0.918526683200147
2023-06-26,4.7698,0.9165902841429882
2023-06-27,4.7903,0.9123255177447313
2023-06-28,4.8563,0.917094644167278
2023-06-29,4.8584,0.9190331770976932
2023-06-30,4.8192,0.9157509157509157
2023-07-03,4.7876,0.9158347834050736
2023-07-04,4.8056,
2023-07-05,4.8577,0.9201324990798675
2023-07-06,4.8977,0.9197093718384991
2023-07-07,4.8799,0.9120758847136081
2023-07-10,4.8735,0.909835319807115
2023-07-11,4.8949,0.9097525473071325
2023-07-12,4.8058,0.8990380293086397
2023-07-13,4.8038,0.8933357155619082
2023-07-14,4.7957,0.8899172376968942
2023-07-17,4.8302,0.8899964400142399
2023-07-18,4.804,0.8910273545397843
2023-07-19,4.8,0.8932559178204557
2023-07-20,4.7888,0.898069151324652
2023-07-21,4.7732,0.8992805755395683
2023-07-24,4.7457,0.9022827754218171
2023-07-25,4.7496,0.9049773755656109
2023-07-26,4.7368,0.9026900162484204
2023-07-27,4.7202,0.9092562284051645
2023-07-28,4.7253,0.9058791557206268
2023-07-31,4.7415,0.9074410163339383
2023-08-01,4.7752,0.9114939385653086
2023-08-02,4.8083,0.9141603437242891
2023-08-03,4.8797,0.9134922809902256
2023-08-04,4.8609,0.9061254077564336
2023-08-07,4.901,0.9090909090909091
2023-08-08,4.9217,0.9131586156515387
2023-08-09,4.9015,0.9111617312072894
2023-08-10,4.8518,0.907770515613653
2023-08-11,4.8918,0.9126585744273068
2023-08-14,4.9481,0.9155832265152902
2023-08-15,4.9812,0.9150805270863837
2023-08-16,4.9772,0.917094644167278
2023-08-17,4.9816,0.9196247930844216
2023-08-18,4.9724,0.9195402298850576
2023-08-21,4.9847,0.9184423218221895
2023-08-22,4.9431,0.9219988936013277
2023-08-23,4.8977,0.9206407659731173
2023-08-24,4.8748,0.9237021984112322
2023-08-25,4.8772,0.9270418095856123
2023-08-28,4.8938,0.9250693802035153
2023-08-29,4.8706,0.921574048474795
2023-08-30,4.8653,0.9152480322167307
2023-08-31,4.9219,0.9225943352707814
2023-09-01,4.9318,0.9270418095856123
2023-09-04,4.9176,
2023-09-05,4.9705,0.9322270905192505
2023-09-06,4.9762,0.9333582228859437
2023-09-07,,0.9342301943198804
2023-09-08,4.9835,0.9337940050424877
2023-09-11,4.9366,0.9307520476545048
2023-09-12,4.9505,0.9323140033563304
2023-09-13,4.9171,0.9313588525658936
2023-09-14,4.8751,0.9380863039399624
2023-09-15,4.8689,0.93694368968425
2023-09-18,4.8535,0.9350163627863488
2023-09-19,4.8575,0.9359790340696368
2023-09-20,4.8487,0.9332711152589829
2023-09-21,4.9229,0.9377344336084021
2023-09-22,4.9131,0.9380863039399624
2023-09-25,4.9606,0.9441979038806535
2023-09-26,4.9717,0.9458053532582995
2023-09-27,5.0289,0.9514747859181732
2023-09-28,5.0475,0.9453582907922102
2023-09-29,5.0076,0.9448223733938019
2023-10-02,5.0679,0.9523809523809523
2023-10-03,5.11,0.9566631589017508
2023-10-04,5.1526,0.9507510933637573
2023-10-05,5.1713,0.9499382540134892
2023-10-06,5.1918,0.9437523593808984
2023-10-09,5.1666,
2023-10-10,5.0862,0.9417969485778865
2023-10-11,5.0496,0.9416195856873822
2023-10-12,,0.9475978394769261
2023-10-13,5.0625,0.9521995810321843
2023-10-16,5.0618,0.9482268158543524
2023-10-17,5.0384,0.9440196356084207
2023-10-18,5.0568,0.9494872768704901
2023-10-19,5.054,0.946073793755913
2023-10-20,5.0528,0.9441087613293052
2023-10-23,5.0164,0.9393199323689648
2023-10-24,5.0065,0.9438414346389805
2023-10-25,4.9981,0.9449116507606539
2023-10-26,5.0055,0.9494872768704901
2023-10-27,4.948,0.9441087613293052
2023-10-30,5.0074,0.9416195856873822
2023-10-31,5.0575,0.9462528387585163
2023-11-01,5.0194,0.9489466691971911
2023-11-02,,0.9417969485778865
2023-11-03,4.891,0.9317059536010436
2023-11-06,4.8999,0.9304922303898763
2023-11-07,4.867,0.9357162908206232
2023-11-08,4.8855,0.9332711152589829
2023-11-09,4.9007,0.9337068160597572
2023-11-10,4.9219,
2023-11-13,4.9247,0.9345794392523364
2023-11-14,4.8682,0.9207255317189945
2023-11-15,,0.9214042200313278
2023-11-16,4.8575,0.921574048474795
2023-11-17,4.8849,0.9192021325489474
2023-11-20,4.8723,0.9136592051164916
2023-11-21,4.8806,0.9154994049253867
2023-11-22,4.8968,0.9198785760279643
2023-11-23,4.8931,
2023-11-24,4.8927,0.9145783793671118
2023-11-27,4.8951,0.9143275121148396
2023-11-28,4.8867,0.9085127646043427
2023-11-29,4.8933,0.9116601331023795
2023-11-30,4.9355,0.9167583425009168
2023-12-01,4.9191,0.9192866335723477
2023-12-04,4.9091,0.9238728750923872
2023-12-05,4.9522,0.9270418095856123
2023-12-06,4.9031,0.9267840593141798
2023-12-07,4.8949,0.9264406151565685
2023-12-08,4.9158,0.9305788200260562
2023-12-11,4.944,0.9304922303898763
2023-12-12,4.9476,0.9267840593141798
2023-12-13,4.958,0.9265264523302141
2023-12-14,4.8912,0.9093389106119851
2023-12-15,4.9397,0.9169264624977077
2023-12-18,4.9399,0.9157509157509157
2023-12-19,4.8663,0.9109957183201239
2023-12-20,4.8766,0.9126585744273068
2023-12-21,4.8755,0.9099181073703367
2023-12-22,4.8619,0.9084302325581395
2023-12-25,,
2023-12-26,4.8368,0.9062075215224287
2023-12-27,4.8306,0.8997660608241858
2023-12-28,4.8413,0.9030976248532466
2023-12-29,4.8413,0.903995660820828
2024-01-01,,
2024-01-02,4.8916,0.9126585744273068
2024-01-03,4.9212,0.9166743056192135
2024-01-04,4.9188,0.9126585744273068
2024-01-05,4.8899,0.9126585744273068
2024-01-08,4.885,0.9110787172011663
2024-01-09,4.8937,0.9144947416552356
2024-01-10,4.8901,0.9124087591240875
2024-01-11,4.8794,0.9138261902586128
2024-01-12,4.8543,0.9124920156948626
2024-01-15,4.8765,
2024-01-16,4.9038,0.9189487226612755
2024-01-17,4.9346,0.9209799226376865
2024-01-18,4.9403,0.9205560158335634
2024-01-19,4.9223,0.918526683200147
2024-01-22,4.949,0.9178522257916476
2024-01-23,4.9715,0.9234463015975621
2024-01-24,4.9192,0.9173470323823502
2024-01-25,4.9232,0.9227646027498384
2024-01-26,4.9125,0.9203018590097551
2024-01-29,4.9225,0.9253261774775609
2024-01-30,4.9638,0.9221689413500553
2024-01-31,4.9535,0.921234454168586
2024-02-01,4.935,0.9203865623561895
2024-02-02,4.9471,0.9270418095856123
2024-02-05,5.0053,0.931445603576751
2024-02-06,4.9687,0.9301460329271696
2024-02-07,4.9608,0.9285913269570063
2024-02-08,4.9804,0.9281603861147207
2024-02-09,4.9717,0.9274717121127806
2024-02-12,,0.9281603861147207
2024-02-13,,0.9328358208955223
2024-02-14,4.9723,0.9315323707498836
2024-02-15,4.971,0.9292816652727441
2024-02-16,4.9761,0.9285913269570063
2024-02-19,4.9585,
2024-02-20,4.9408,0.9247272054743851
2024-02-21,4.9303,0.924385283786282
2024-02-22,4.9419,0.9246417013407305
2024-02-23,4.9851,0.9235315847801995
2024-02-26,4.9819,0.921234454168586
2024-02-27,4.9575,0.9210647508519848
2024-02-28,4.9557,0.9222539887485013
2024-02-29,4.9833,0.9253261774775609
2024-03-01,4.9596,0.9231905465288036
2024-03-04,4.9475,0.9206407659731173
2024-03-05,4.9488,0.9207255317189945
2024-03-06,4.9398,0.9163383121048292
2024-03-07,4.9364,0.9139932364500503
2024-03-08,4.9751,0.9139932364500503
2024-03-11,4.9777,0.9150805270863837
2024-03-12,4.9813,0.9159186664224216
2024-03-13,4.9803,0.9137426900584795
2024-03-14,4.9768,0.9184423218221895
2024-03-15,4.9937,0.9184423218221895
2024-03-18,5.0124,0.9186110600771633
2024-03-19,5.0352,0.9208951100469656
2024-03-20,5.012,0.9211495946941785
2024-03-21,4.9807,0.9207255317189945
2024-03-22,4.9897,0.924470740501063
2024-03-25,4.9869,0.9227646027498384
2024-03-26,4.987,0.9234463015975621
2024-03-27,4.9856,0.9241290084095739
2024-03-28,4.9962,0.9258401999814831
2024-03-29,,0.9266981744045965
2024-04-01,5.0532,0.9317059536010436
2024-04-02,5.0476,0.9285913269570063
2024-04-03,5.0724,0.9236168837166343
2024-04-04,5.0237,0.9203865623561895
2024-04-05,5.052,0.9224241306152569
2024-04-08,5.0421,0.9214042200313278
2024-04-09,5.008,0.9211495946941785
2024-04-10,5.0654,0.9313588525658936
2024-04-11,5.0765,0.9326618168252191
2024-04-12,5.1364,0.9392317084624777
2024-04-15,5.1746,0.9394964299135663
2024-04-16,5.2635,0.940910801656003
2024-04-17,5.2469,0.9394964299135663
2024-04-18,5.2512,0.9380863039399624
2024-04-19,5.2269,0.938526513374003
2024-04-22,5.2043,0.938526513374003
2024-04-23,5.1626,0.9350163627863488
2024-04-24,5.1592,0.9357162908206232
2024-04-25,5.1679,0.9327488107452663
2024-04-26,5.1184,0.9358038555118847
2024-04-29,5.1155,0.9330969487729774
2024-04-30,5.1718,0.9359790340696368
2024-05-01,,0.9363295880149812
2024-05-02,5.1184,0.9340556697179152
2024-05-03,5.0668,0.9285051067780873
2024-05-06,5.0727,0.9277298450691158
2024-05-07,5.061,0.9287638153617536
2024-05-08,5.0887,0.9298000929800094
2024-05-09,5.1577,0.9284189026088572
2024-05-10,5.1464,0.9282465422816301
2024-05-13,5.1412,0.9262689885142646
2024-05-14,5.1356,0.924385283786282
2024-05-15,5.1423,0.9208103130755064
2024-05-16,5.127,0.9195402298850576
2024-05-17,5.1157,0.9200478424878094
2024-05-20,5.1085,0.9207255317189945
2024-05-21,5.1037,0.921234454168586
2024-05-22,5.1502,0.9228497600590625
2024-05-23,5.1443,0.9236168837166343
2024-05-24,5.1508,0.9214891264283082
2024-05-27,5.1704,
2024-05-28,5.1538,0.9192021325489474
2024-05-29,5.1972,0.9249838127832763
2024-05-30,,0.9227646027498384
2024-05-31,5.2416,0.9219988936013277
2024-06-03,5.2373,0.9182736455463728
2024-06-04,5.2687,0.9192866335723477
2024-06-05,5.2841,0.9203865623561895
2024-06-06,5.2681,0.9188642837452908
2024-06-07,5.2802,0.9253261774775609
2024-06-10,5.3666,0.9301460329271696
2024-06-11,5.3524,0.9317059536010436
2024-06-12,5.3891,0.9222539887485013
2024-06-13,5.3974,0.9297136481963556
2024-06-14,5.363,0.9346667912889054
2024-06-17,5.413,0.9325748391308403
2024-06-18,5.4074,0.9311853990129434
2024-06-19,5.4647,
2024-06-20,5.4254,0.9338812103100486
2024-06-21,5.4416,0.935103796521414
2024-06-24,5.4,0.9322270905192505
2024-06-25,5.429,0.9341429238673516
2024-06-26,5.5097,0.9361542782250515
2024-06-27,5.5229,0.9338812103100486
2024-06-28,5.5589,0.9336196433572963
2024-07-01,5.5893,0.9321401938851603
2024-07-02,5.6677,0.9313588525658936
2024-07-03,5.5863,0.9260116677470135
2024-07-04,5.4839,
2024-07-05,5.497,0.9235315847801995
2024-07-08,5.472,0.9229349330872174
2024-07-09,5.4387,0.9248127254231019
2024-07-10,5.3967,0.9239582370876837
2024-07-11,5.41,0.9199632014719411
2024-07-12,5.4529,0.91726288754357
2024-07-15,5.4563,0.9164222873900294
2024-07-16,5.4274,0.9186954524575103
2024-07-17,5.467,0.914662032379036
2024-07-18,5.5426,0.9163383121048292
2024-07-19,5.5543,0.9184423218221895
2024-07-22,5.5598,0.9191176470588235
2024-07-23,5.5807,0.921234454168586
2024-07-24,5.6346,0.9214042200313278
2024-07-25,5.6402,0.9207255317189945
2024-07-26,5.6465,0.9208951100469656
2024-07-29,5.6479,0.9242998428690267
2024-07-30,5.6532,0.9251549634563789
2024-07-31,5.6621,0.9239582370876837
2024-08-01,5.6681,0.9268699601445918
2024-08-02,5.7366,0.9162543522081731
2024-08-05,5.7646,0.9126585744273068
2024-08-06,5.6528,0.9152480322167307
2024-08-07,5.6093,0.9153318077803203
2024-08-08,5.6172,0.9162543522081731
2024-08-09,5.5115,0.9153318077803203
2024-08-12,5.4911,0.9150805270863837
2024-08-13,5.4875,0.9129085265656381
2024-08-14,5.4502,0.9071117561683599
2024-08-15,5.4651,0.9102494083378846
2024-08-16,5.4632,0.9094216078574028
2024-08-19,5.4237,0.903342366757001
2024-08-20,5.4547,0.9004141905276427
2024-08-21,5.4707,0.8974243919949744
2024-08-22,5.5524,0.8997660608241858
2024-08-23,5.5263,0.894774516821761
2024-08-26,5.4921,0.8957362952346829
2024-08-27,5.4969,0.8960573476702508
2024-08-28,5.5315,0.8987148377819718
2024-08-29,5.6358,0.9020386072523904
2024-08-30,5.6562,0.9041591320072332
2024-09-02,5.623,
2024-09-03,5.6224,0.9055510278004165
2024-09-04,5.6359,0.902445627650934
2024-09-05,5.6049,0.9012256669069936
2024-09-06,5.5702,0.9020386072523904
2024-09-09,5.6097,0.9056330374932077
2024-09-10,5.6254,0.9070294784580498
2024-09-11,5.6387,0.9081002542680713
2024-09-12,5.6554,0.9057150620414817
2024-09-13,5.5717,0.9021199819576003
2024-09-16,5.5207,0.8990380293086397
2024-09-17,5.501,0.8994423457456378
2024-09-18,5.4767,0.8996041741633681
2024-09-19,5.4189,0.8971023593792051
2024-09-20,5.4775,0.8961376467425397
2024-09-23,5.5446,0.8984725965858041
2024-09-24,5.4702,0.8968609865470852
2024-09-25,5.4736,0.8974243919949744
2024-09-26,5.4412,0.8941344778254648
2024-09-27,5.4431,0.8961376467425397
2024-09-30,5.4481,0.8972633467922835
2024-10-01,5.4521,0.9035872413481522
2024-10-02,5.4305,0.9049773755656109
2024-10-03,5.485,0.9078529278256923
2024-10-04,5.4686,0.9123255177447313
2024-10-07,5.4626,0.9110787172011663
2024-10-08,5.5197,0.9115770282588879
2024-10-09,5.5737,0.9131586156515387
2024-10-10,5.5819,0.9153318077803203
2024-10-11,5.6263,0.9139097057210747
2024-10-14,5.6045,
2024-10-15,5.6378,0.9175153683824203
2024-10-16,5.6749,0.9197093718384991
2024-10-17,5.6758,0.9227646027498384
2024-10-18,5.6672,0.9213193292795283
2024-10-21,5.7068,0.9242144177449167
2024-10-22,5.6958,0.9254974548819991
2024-10-23,5.7149,0.9277298450691158
2024-10-24,5.7087,0.9254118082546733
2024-10-25,5.6969,0.9248127254231019
2024-10-28,5.6988,0.9242998428690267
2024-10-29,5.714,0.9260974254491572
2024-10-30,5.7801,0.9204712812960235
2024-10-31,5.7779,0.921234454168586
2024-11-01,5.8073,0.9218289085545723
2024-11-04,5.7898,0.9187798603454612
2024-11-05,5.7846,0.9157509157509157
2024-11-06,5.7648,0.9317927692881104
2024-11-07,5.6624,0.9266123054114159
2024-11-08,5.7648,0.9337068160597572
2024-11-11,5.798,
2024-11-12,5.7694,0.9435742592942064
2024-11-13,5.7713,0.9463423866754992
2024-11-14,5.7885,0.946790380609733
2024-11-15,,0.9476876421531464
2024-11-18,5.7603,0.9446438692612885
2024-11-19,5.7743,0.9453582907922102
2024-11-20,,0.95047999239616
2024-11-21,5.8173,0.954653937947494
2024-11-22,5.8124,0.9616309260505818
2024-11-25,5.8002,0.954380606986066
2024-11-26,5.799,0.9541074324968991
2024-11-27,5.8291,0.9456264775413711
2024-11-28,5.9871,
2024-11-29,6.0535,0.9481369109699441
2024-12-02,6.0634,0.9538344143456696
2024-12-03,6.0707,0.9507510933637573
2024-12-04,6.0581,0.9499382540134892
2024-12-05,5.9849,0.9459842966606755
2024-12-06,6.0293,0.9467007478935908
2024-12-09,6.057,0.946073793755913
2024-12-10,6.0529,0.9512937595129377
2024-12-11,6.032,0.9516558812333461
2024-12-12,5.9408,0.9511128019783147
2024-12-13,6.04,0.9525623928367307
2024-12-16,6.0509,0.9512937595129377
2024-12-17,6.1685,0.9518370454978108
2024-12-18,6.1624,0.9552010698251983
2024-12-19,6.1841,0.9655305590421936
2024-12-20,6.078,0.9587727708533078
2024-12-23,6.1612,0.9607070804111827
2024-12-24,6.1541,0.9626492106276473
2024-12-25,,
2024-12-26,6.1656,0.9594166746618056
2024-12-27,6.1991,0.9594166746618056
2024-12-30,6.1923,0.9628345850182939
2024-12-31,6.1923,0.9660902328277462
2025-01-01,,
2025-01-02,6.2086,0.9745638826625085
2025-01-03,6.1563,0.971628449280995
2025-01-06,6.1119,0.9618159084351254
2025-01-07,6.0741,0.9644131545954288
2025-01-08,6.1321,0.9696499563657519
2025-01-09,6.0896,0.9710623422023693
2025-01-10,6.0965,0.9767532721234615
2025-01-13,6.1079,0.9795278675678324
2025-01-14,6.0671,0.971628449280995
2025-01-15,6.0377,0.9725734292939117
2025-01-16,6.0322,0.9705910899737941
2025-01-17,6.0609,0.9721007096335181
2025-01-20,6.0498,
2025-01-21,6.044,0.9594166746618056
2025-01-22,5.9674,0.9596928982725528
2025-01-23,5.9399,0.9596928982725528
2025-01-24,5.8925,0.951022349025202
2025-01-27,5.9272,0.9531071292413268
2025-01-28,5.893,0.9590486237652249
2025-01-29,5.8596,0.9600614439324116
2025-01-30,5.9006,0.9596928982725528
2025-01-31,5.8301,0.9615384615384615
2025-02-03,5.8687,0.9730466089325678
2025-02-04,5.7927,0.9634839579920994
2025-02-05,5.7997,0.9597850081581725
2025-02-06,5.7856,0.9645061728395062
2025-02-07,5.7557,0.9681479330041631
2025-02-10,5.7808,0.9697439875872771
2025-02-11,5.7788,0.9665571235260004
2025-02-12,5.7711,0.9622786759045421
2025-02-13,5.7788,0.9589566551591868
2025-02-14,5.7283,0.9525623928367307
2025-02-17,5.7105,
2025-02-18,5.6979,0.956297217175098
2025-02-19,5.7087,0.9609840476648088
2025-02-20,5.7019,0.954653937947494
2025-02-21,5.7027,0.9564801530368244
2025-02-24,5.7258,0.954380606986066
2025-02-25,5.7779,0.9525623928367307
2025-02-26,5.7757,0.9511128019783147
2025-02-27,5.8228,0.9602458229306702
2025-02-28,5.8488,0.9613535858488752
2025-03-03,,0.9527439024390243
2025-03-04,,0.9493070058857035
2025-03-05,5.7914,0.9286775631500743
2025-03-06,5.7489,0.924385283786282
2025-03-07,5.7688,0.9208951100469656
2025-03-10,5.793,0.9227646027498384
2025-03-11,5.8346,0.9151642719868216
2025-03-12,5.8268,0.9153318077803203
2025-03-13,5.8131,0.9208951100469656
2025-03-14,5.7419,0.919793966151582
2025-03-17,5.7082,0.9155832265152902
2025-03-18,5.6852,0.9151642719868216
2025-03-19,5.6657,0.919371150133309
2025-03-20,5.6628,0.9218289085545723
2025-03-21,5.7241,0.9254118082546733
2025-03-24,5.7403,0.9264406151565685
2025-03-25,5.6992,0.9255831173639393
2025-03-26,5.7298,0.9275577404693441
2025-03-27,5.7474,0.9259259259259258
2025-03-28,5.766,0.9237021984112322
2025-03-31,5.7422,0.9262689885142646
2025-04-01,5.7051,0.9259259259259258
2025-04-02,5.6923,0.9201324990798675
2025-04-03,5.6067,0.9048136083966704
2025-04-04,5.7777,0.9079353550027238
2025-04-07,5.8877,0.9164222873900294
2025-04-08,5.9368,0.9164222873900294
2025-04-09,6.0605,0.9057971014492753
2025-04-10,5.9115,0.8934953538241601
2025-04-11,5.8737,0.8830022075055187
2025-04-14,5.8425,0.8804366966015145
2025-04-15,5.8707,0.8857395925597874
2025-04-16,5.8808,0.8785802143735723
2025-04-17,5.8559,0.8799718409010912
2025-04-18,,0.8779631255487269
2025-04-21,,0.8689607229753215
2025-04-22,5.7496,0.8721437292865863
2025-04-23,5.688,0.8810572687224669
2025-04-24,5.6738,0.8800492827598345
2025-04-25,5.6846,0.8786574114752659
2025-04-28,5.6681,0.8781944322472995
2025-04-29,5.6467,0.8775008775008776
2025-04-30,5.6608,0.8811349017534584
2025-05-01,,0.8866034222892101
2025-05-02,5.6394,0.8826125330979699
2025-05-05,5.652,0.8837825894829873
2025-05-06,5.721,0.881445570736007
2025-05-07,5.7375,0.8812125484666902
2025-05-08,5.686,0.8889679082585119
2025-05-09,5.6511,0.8873114463176575
2025-05-12,5.6822,0.9004141905276427
2025-05-13,5.6262,0.894774516821761
2025-05-14,5.61,0.892379082634303
2025-05-15,5.6328,0.893734918223255
2025-05-16,5.6925,0.8975854950184005
2025-05-19,5.6591,0.8899964400142399
2025-05-20,5.662,0.888572951839346
2025-05-21,5.6571,0.8816009873931058
2025-05-22,5.639,0.8864462370357237
2025-05-23,5.6932,0.8810572687224669
2025-05-26,5.6619,
2025-05-27,5.6539,0.8829242450997704
2025-05-28,5.6936,0.886053517632465
2025-05-29,5.6559,0.8795074758135444
2025-05-30,5.7087,0.8812902088657795
2025-06-02,5.6937,0.8747375787263821
2025-06-03,5.6694,0.8792754770069463
2025-06-04,5.6332,0.8753501400560223
2025-06-05,5.5969,0.8741258741258742
2025-06-06,5.5947,0.8774238834781083
2025-06-09,5.576,0.87527352297593
2025-06-10,5.5557,0.8754267705506433
2025-06-11,5.539,0.8703220191470844
2025-06-12,5.5388,0.8637070305752289
2025-06-13,5.5652,0.865276455827637
2025-06-16,5.5123,0.8634832915983076
2025-06-17,5.4773,0.8669267446900737
2025-06-18,5.4879,0.867980210051211
2025-06-19,,
2025-06-20,5.4957,0.8680555555555556
2025-06-23,5.5213,0.8667013347200555
2025-06-24,5.4938,0.8614748449345279
2025-06-25,5.5427,0.8605851979345955
2025-06-26,5.5145,0.8534607834769993
2025-06-27,5.4759,0.8529512111907198
2025-06-30,5.4571,0.8496176720475785
2025-07-01,5.4511,0.8491847826086957
2025-07-02,5.4512,0.8481764206955046
2025-07-03,5.4208,0.8504847763225039
2025-07-04,5.409,
2025-07-07,5.4552,0.8522969402539845
2025-07-08,5.4571,0.8541898009737763
2025-07-09,5.4626,0.8541898009737763
2025-07-10,5.5433,0.8555783709787816
2025-07-11,5.5722,0.8549931600547196
2025-07-14,5.5595,0.8567511994516792
2025-07-15,5.5576,0.8606592649969877
2025-07-16,5.5722,0.8599191675982457
2025-07-17,5.5737,0.8622919720617401
2025-07-18,5.5466,0.8587376556462
2025-07-21,5.5625,0.8543357539513028
2025-07-22,5.5709,0.8511362669163333
2025-07-23,5.5537,0.8512087163772557
2025-07-24,5.5239,0.8499787505312366
2025-07-25,5.5426,0.8525149190110827
2025-07-28,5.5877,0.8614006374364717
2025-07-29,5.5764,0.8670019074041964
2025-07-30,5.6034,0.8718395815170008
2025-07-31,5.6021,0.8748141020033243
2025-08-01,5.5436,0.8654262224145391
2025-08-04,5.5113,0.8644536652835407
2025-08-05,5.5119,0.8635578583765113
2025-08-06,5.4802,0.8585901948999742
2025-08-07,5.4638,0.8590327291469806
2025-08-08,5.4254,0.8576329331046313
2025-08-11,5.4473,0.8615490652192642
2025-08-12,5.4052,0.8566778034781118
2025-08-13,5.3928,0.8536064874093043
2025-08-14,5.4095,0.8588114050154585
2025-08-15,5.3928,0.8541168431841476
2025-08-18,5.4155,0.8571183680466272
2025-08-19,5.4716,0.8576329331046313
2025-08-20,5.4726,0.8584427847883939
2025-08-21,5.4828,0.8616975441619991
2025-08-22,5.4392,0.8537522410996329
2025-08-25,5.4174,0.856898029134533
2025-08-26,5.4218,0.8578536501672815
2025-08-27,5.4428,0.8612522607871845
2025-08-28,5.4115,0.8567511994516792
2025-08-29,5.4264,0.8550662676357418
2025-09-01,5.4378,
2025-09-02,5.468,0.8581481163648845
2025-09-03,5.4485,0.8564576909900651
2025-09-04,5.4587,0.8585164835164835
2025-09-05,5.3968,0.8504124500382686
2025-09-08,5.4278,0.8509914049868096
2025-09-09,5.4278,0.8530239699735563
2025-09-10,5.4123,0.8536793580331228
2025-09-11,5.3858,0.8523695874531196
2025-09-12,5.3677,0.8536793580331228
2025-09-15,5.3208,0.8494733265375467
2025-09-16,5.3096,0.8440243079000674
2025-09-17,5.3011,0.8442380751371886
2025-09-18,5.301,0.8488964346349746
2025-09-19,5.3276,0.8508465923593976
2025-09-22,5.3457,0.8494011721736175
2025-09-23,5.3063,0.8474576271186441
2025-09-24,5.3112,0.8516436722875149
2025-09-25,5.3425,0.8566778034781118
2025-09-26,5.3445,0.8552856654122477
2025-09-29,5.3229,0.8525149190110827
2025-09-30,5.3186,0.8521516829995739
2025-10-01,5.3208,0.8530239699735563
2025-10-02,5.3449,0.8549931600547196
2025-10-03,5.3498,0.8512811781731505
2025-10-06,5.3226,0.8541898009737763
2025-10-07,5.3363,0.8566044200788077
2025-10-08,5.3427,0.8616232982939858
2025-10-09,5.3538,0.8651267410675665
2025-10-10,5.4446,0.8611039352449841
2025-10-13,5.4629,
2025-10-14,5.4982,0.8614748449345279
2025-10-15,5.4464,0.8592541673827119
2025-10-16,5.4354,0.8572653236176596
2025-10-17,5.439,0.8566044200788077
2025-10-20,5.3771,0.8579272477693892
2025-10-21,5.3848,0.8608815426997245
2025-10-22,5.3898,0.861178091629349
2025-10-23,5.384,0.861178091629349
2025-10-24,5.3797,0.860141063134354
2025-10-27,5.3744,0.8594018563080097
2025-10-28,5.369,0.8577064928381508
2025-10-29,5.3416,0.8573388203017832
2025-10-30,5.385,0.8647526807333102
2025-10-31,5.3843,0.8664760419374405
2025-11-03,5.3505,0.8672274737663689
2025-11-04,5.3846,0.8702462796971543
2025-11-05,5.3798,0.8707009142359599
2025-11-06,5.3451,0.8666262241095416
2025-11-07,5.3567,0.8637070305752289
2025-11-10,5.3181,0.8661758336942399
2025-11-11,5.2729,
2025-11-12,5.2885,0.862663906142167
2025-11-13,5.282,0.8584427847883939
2025-11-14,5.2952,0.860807437376259
2025-11-17,5.3108,0.8622176237282291
2025-11-18,5.3361,0.8636324380343726
2025-11-19,5.3346,0.8665511265164645
2025-11-20,,0.8670019074041964
2025-11-21,5.3902,0.8691117677733357
2025-11-24,5.3948,0.8682062858135093
2025-11-25,5.3841,0.8655760408551891
2025-11-26,5.3694,0.862738331464067
2025-11-27,5.349,
2025-11-28,5.3338,0.8620689655172414
2025-12-01,5.3469,0.8603630732168974
2025-12-02,5.3465,0.8623663332183512
2025-12-03,5.3114,0.8576329331046313
2025-12-04,5.2952,0.8577064928381508
2025-12-05,5.3405,0.8594757198109153
2025-12-08,5.4249,0.860141063134354
2025-12-09,5.457,0.8591803419537761
2025-12-10,5.4656,0.8583690987124464
2025-12-11,5.4237,0.8506294658046955
2025-12-12,5.4011,0.8524422470377632
2025-12-15,5.3929,0.8506294658046955
2025-12-16,5.4505,0.8496176720475785
2025-12-17,5.5093,0.8512087163772557
2025-12-18,5.5283,0.8525876033762468
2025-12-19,5.516,0.8531695247845748
2025-12-22,5.5389,0.851063829787234
2025-12-23,5.5643,0.8491847826086957
2025-12-24,5.535,0.8488964346349746
2025-12-25,,
2025-12-26,5.5413,0.8499065102838687
2025-12-29,5.5739,
2025-12-30,5.5024,
2025-12-31,5.5024,
2026-01-02,5.4372,
2026-01-05,5.4351,
