Date,IWM,SPY
2000-01-03,,91.61703491210938
2000-01-04,,88.03424072265625
2000-01-05,,88.1917724609375
2000-01-06,,86.77436065673828
2000-01-07,,91.81389617919922
2000-01-10,,92.12886810302734
2000-01-11,,91.02645874023438
2000-01-12,,90.12094116210938
2000-01-13,,91.34143829345703
2000-01-14,,92.5816879272461
2000-01-18,,91.853271484375
2000-01-19,,92.60138702392578
2000-01-20,,91.18396759033203
2000-01-21,,90.98713684082031
2000-01-24,,88.40827178955078
2000-01-25,,89.41226196289062
2000-01-26,,88.70357513427734
2000-01-27,,88.34925842285156
2000-01-28,,85.59327697753906
2000-01-31,,87.91614532470703
2000-02-01,,88.78227996826172
2000-02-02,,88.86105346679688
2000-02-03,,90.19967651367188
2000-02-04,,89.82566833496094
2000-02-07,,89.68787384033203
2000-02-08,,90.90835571289062
2000-02-09,,88.99889373779297
2000-02-10,,89.1760482788086
2000-02-11,,87.36493682861328
2000-02-14,,87.87677764892578
2000-02-15,,88.87091064453125
2000-02-16,,87.56182861328125
2000-02-17,,87.10902404785156
2000-02-18,,85.23890686035156
2000-02-22,,85.0223617553711
2000-02-23,,86.02633666992188
2000-02-24,,84.2939682006836
2000-02-25,,83.98888397216797
2000-02-28,,85.750732421875
2000-02-29,,86.57757568359375
2000-03-01,,87.2074966430664
2000-03-02,,87.26649475097656
2000-03-03,,88.90042877197266
2000-03-06,,88.03424072265625
2000-03-07,,86.33148193359375
2000-03-08,,86.22319030761719
2000-03-09,,88.74299621582031
2000-03-10,,88.27050018310547
2000-03-13,,87.30589294433594
2000-03-14,,86.0656509399414
2000-03-15,,88.07365417480469
2000-03-16,,92.18795013427734
2000-03-17,,92.79723358154297
2000-03-20,,92.32353210449219
2000-03-21,,94.2181625366211
2000-03-22,,94.79052734375
2000-03-23,,96.40886688232422
2000-03-24,,96.98118591308594
2000-03-27,,95.95491027832031
2000-03-28,,95.40235137939453
2000-03-29,,95.50102996826172
2000-03-30,,93.90243530273438
2000-03-31,,94.96815490722656
2000-04-03,,95.520751953125
2000-04-04,,94.8102798461914
2000-04-05,,94.2181625366211
2000-04-06,,95.03720092773438
2000-04-07,,95.63912963867188
2000-04-10,,95.26422119140625
2000-04-11,,94.98786926269531
2000-04-12,,92.38274383544922
2000-04-13,,91.0999755859375
2000-04-14,,85.88971710205078
2000-04-17,,88.88954162597656
2000-04-18,,91.2381362915039
2000-04-19,,90.38949584960938
2000-04-20,,90.8236312866211
2000-04-24,,89.83685302734375
2000-04-25,,93.56692504882812
2000-04-26,,92.51104736328125
2000-04-27,,92.20514678955078
2000-04-28,,91.63278198242188
2000-05-01,,92.87613677978516
2000-05-02,,91.0210189819336
2000-05-03,,88.88954162597656
2000-05-04,,89.56055450439453
2000-05-05,,90.64601135253906
2000-05-08,,89.96509552001953
2000-05-09,,89.24481964111328
2000-05-10,,87.23179626464844
2000-05-11,,89.22508239746094
2000-05-12,,90.192138671875
2000-05-15,,91.75119018554688
2000-05-16,,92.63931274414062
2000-05-17,,91.67227935791016
2000-05-18,,90.5473403930664
2000-05-19,,89.1263656616211
2000-05-22,,88.45538330078125
2000-05-23,,87.15280151367188
2000-05-24,,88.57380676269531
2000-05-25,,87.0541000366211
2000-05-26,32.726253509521484,87.15280151367188
2000-05-30,33.9341926574707,89.99476623535156
2000-05-31,34.057220458984375,90.192138671875
2000-06-01,34.8289794921875,91.77098083496094
2000-06-02,36.64088821411133,93.36955261230469
2000-06-05,36.50666046142578,92.9156265258789
2000-06-06,36.864566802978516,92.50118255615234
2000-06-07,36.90930938720703,93.14258575439453
2000-06-08,36.81983947753906,92.77750396728516
2000-06-09,37.46854782104492,92.58013153076172
2000-06-12,36.35564422607422,91.49465942382812
2000-06-13,36.81983947753906,93.21166229248047
2000-06-14,36.64088821411133,93.36955261230469
2000-06-15,36.685604095458984,93.56692504882812
2000-06-16,36.48429489135742,92.798095703125
2000-06-19,37.40142822265625,93.98499298095703
2000-06-20,37.64750289916992,93.64877319335938
2000-06-21,37.848045349121094,93.60916137695312
2000-06-22,36.70654296875,92.18485260009766
2000-06-23,36.46033477783203,91.3935775756836
2000-06-26,36.90800476074219,92.57063293457031
2000-06-27,36.3260612487793,91.88812255859375
2000-06-28,37.24372100830078,92.14530181884766
2000-06-29,36.661773681640625,91.27482604980469
2000-06-30,37.01429748535156,91.96724700927734
2000-07-03,37.53471374511719,93.23330688476562
2000-07-05,37.109432220458984,91.55181884765625
2000-07-06,37.5458869934082,92.26398468017578
2000-07-07,37.78089141845703,93.74761199951172
2000-07-10,38.02711486816406,93.58941650390625
2000-07-11,37.982337951660156,93.78721618652344
2000-07-12,38.743316650390625,94.40045928955078
2000-07-13,38.86642074584961,94.81588745117188
2000-07-14,38.899986267089844,95.74565887451172
2000-07-17,39.03429412841797,95.58736419677734
2000-07-18,38.36280822753906,94.8060073852539
2000-07-19,37.69137191772461,94.04435729980469
2000-07-20,38.31805419921875,95.34996032714844
2000-07-21,37.266082763671875,93.49049377441406
2000-07-24,36.72333526611328,92.95635223388672
2000-07-25,36.796085357666016,93.25306701660156
2000-07-26,36.72893142700195,92.34308624267578
2000-07-27,35.721744537353516,92.02660369873047
2000-07-28,35.09504699707031,89.94944763183594
2000-07-31,35.990318298339844,90.52314758300781
2000-08-01,35.75532150268555,91.07705688476562
2000-08-02,35.811275482177734,91.53203582763672
2000-08-03,35.788883209228516,92.1650619506836
2000-08-04,35.96794509887695,92.65965270996094
2000-08-07,36.633819580078125,93.76746368408203
2000-08-08,36.46033477783203,94.12350463867188
2000-08-09,36.19735336303711,93.33226013183594
2000-08-10,35.990318298339844,92.87723541259766
2000-08-11,36.61701965332031,93.3124771118164
2000-08-14,36.99751281738281,94.49935150146484
2000-08-15,36.46033477783203,94.42024230957031
2000-08-16,36.6393928527832,94.08391571044922
2000-08-17,36.975120544433594,95.07301330566406
2000-08-18,36.9191780090332,94.75655364990234
2000-08-21,37.053466796875,95.27084350585938
2000-08-22,36.99751281738281,95.11263275146484
2000-08-23,36.941551208496094,95.48851013183594
2000-08-24,37.489925384521484,95.78522491455078
2000-08-25,37.64659881591797,95.74565887451172
2000-08-28,37.7137336730957,96.072021484375
2000-08-29,38.07188415527344,96.09180450439453
2000-08-30,38.11661911010742,95.17198944091797
2000-08-31,38.49711608886719,96.43802642822266
2000-09-01,38.81047439575195,96.53699493408203
2000-09-05,38.5418815612793,95.76541900634766
2000-09-06,38.37400436401367,94.6773910522461
2000-09-07,38.944740295410156,95.48851013183594
2000-09-08,38.27330017089844,94.83566284179688
2000-09-11,38.31805419921875,94.6971664428711
2000-09-12,38.19496154785156,94.00479125976562
2000-09-13,38.38520050048828,94.25209045410156
2000-09-14,38.609012603759766,94.72685241699219
2000-09-15,37.89280700683594,92.65446472167969
2000-09-18,36.99751281738281,91.80166625976562
2000-09-19,37.601844787597656,92.63459014892578
2000-09-20,37.30305480957031,91.95038604736328
2000-09-21,36.60684585571289,90.55229949951172
2000-09-22,37.07846450805664,92.19830322265625
2000-09-25,37.12336349487305,91.54385375976562
2000-09-26,36.59562301635742,90.37383270263672
2000-09-27,36.427181243896484,90.84970092773438
2000-09-28,37.415340423583984,92.0197982788086
2000-09-29,37.23567581176758,91.14718627929688
2000-10-02,36.629310607910156,91.28602600097656
2000-10-03,36.09591293334961,90.43325805664062
2000-10-04,36.348567962646484,91.18688201904297
2000-10-05,35.978004455566406,91.50414276123047
2000-10-06,35.102142333984375,89.52098846435547
2000-10-09,35.02355194091797,88.84672546386719
2000-10-10,34.181358337402344,87.3791732788086
2000-10-11,34.06907653808594,86.6453628540039
2000-10-12,33.03602600097656,84.48369598388672
2000-10-13,34.31611251831055,87.29984283447266
2000-10-16,34.58561706542969,87.6964340209961
2000-10-17,33.715362548828125,85.51493835449219
2000-10-18,33.44023895263672,85.19766998291016
2000-10-19,34.47332763671875,88.41043090820312
2000-10-20,34.9112434387207,88.78719329833984
2000-10-23,35.25936508178711,89.18382263183594
2000-10-24,34.74281311035156,88.5888671875
2000-10-25,33.9680061340332,86.5065689086914
2000-10-26,34.495765686035156,86.7445297241211
2000-10-27,34.518245697021484,88.39060974121094
2000-10-30,34.675437927246094,89.18382263183594
2000-10-31,35.57377243041992,90.72083282470703
2000-11-01,35.59622573852539,90.41341400146484
2000-11-02,36.44963836669922,90.56211853027344
2000-11-03,36.40471649169922,90.61173248291016
2000-11-06,36.1240119934082,91.24639892578125
2000-11-07,36.427181243896484,91.22647857666016
2000-11-08,35.77589797973633,89.20368957519531
2000-11-09,35.39411163330078,88.8665771484375
2000-11-10,34.495765686035156,86.70486450195312
2000-11-13,34.14765930175781,86.03060913085938
2000-11-14,34.96739196777344,88.2914047241211
2000-11-15,35.416568756103516,88.569091796875
2000-11-16,34.38909912109375,87.18085479736328
2000-11-17,34.60806655883789,86.71476745605469
2000-11-20,33.70975112915039,85.47529602050781
2000-11-21,33.513240814208984,85.9115982055664
2000-11-22,32.81142044067383,83.85902404785156
2000-11-24,33.732181549072266,85.57449340820312
2000-11-27,33.82764434814453,86.32807159423828
2000-11-28,32.81142044067383,84.84069061279297
2000-11-29,32.7215690612793,84.68197631835938
2000-11-30,32.0253791809082,83.94823455810547
2000-12-01,32.74402618408203,83.90857696533203
2000-12-04,32.384708404541016,84.62255096435547
2000-12-05,33.9567756652832,87.39894104003906
2000-12-06,33.17074203491211,86.0008773803711
2000-12-07,33.080909729003906,84.82083129882812
2000-12-08,33.53009033203125,85.01915740966797
2000-12-11,35.057247161865234,87.97415161132812
2000-12-12,34.293643951416016,87.59730529785156
2000-12-13,33.65504455566406,86.39744567871094
2000-12-14,33.11922836303711,85.29679107666016
2000-12-15,32.9387321472168,83.37020874023438
2000-12-18,33.435089111328125,84.48420715332031
2000-12-19,32.84850311279297,82.76350402832031
2000-12-20,31.810705184936523,80.36646270751953
2000-12-21,32.05887222290039,80.92342376708984
2000-12-22,33.38994598388672,83.3503646850586
2000-12-26,33.58171844482422,84.24553680419922
2000-12-27,34.47288131713867,84.86219787597656
2000-12-28,35.57836151123047,85.12079620361328
2000-12-29,34.56312942504883,83.50948333740234
2001-01-02,33.356117248535156,81.9976577758789
2001-01-03,34.737972259521484,85.93643951416016
2001-01-04,34.29240798950195,85.0113754272461
2001-01-05,33.232025146484375,82.23635864257812
2001-01-08,33.34485626220703,82.87293243408203
2001-01-09,33.29407501220703,82.65409851074219
2001-01-10,34.36008834838867,84.10630798339844
2001-01-11,34.82820510864258,84.18583679199219
2001-01-12,34.92409133911133,84.0267562866211
2001-01-16,35.62347412109375,84.56383514404297
2001-01-17,35.60091018676758,84.95172882080078
2001-01-18,35.73628616333008,85.79713439941406
2001-01-19,35.104576110839844,85.30976104736328
2001-01-22,35.35274887084961,85.87677764892578
2001-01-23,36.23263168334961,86.5530776977539
2001-01-24,36.09725570678711,86.81167602539062
2001-01-25,35.961883544921875,86.59286499023438
2001-01-26,35.961883544921875,86.4933853149414
2001-01-29,36.692867279052734,86.95487976074219
2001-01-30,36.931095123291016,87.71883392333984
2001-01-31,36.4221305847168,87.22229766845703
2001-02-01,36.68924331665039,87.80155181884766
2001-02-02,35.869834899902344,85.80909729003906
2001-02-05,35.942039489746094,86.43929290771484
2001-02-06,36.51238250732422,86.18470001220703
2001-02-07,36.60262680053711,85.73905181884766
2001-02-08,36.0539436340332,84.73966217041016
2001-02-09,35.59188461303711,83.9248275756836
2001-02-12,36.38603591918945,84.88607788085938
2001-02-13,36.043094635009766,84.19222259521484
2001-02-14,36.4221305847168,84.06489562988281
2001-02-15,36.60262680053711,84.87966918945312
2001-02-16,35.812076568603516,83.0082015991211
2001-02-20,35.396968841552734,81.72870635986328
2001-02-21,34.77971267700195,79.96541595458984
2001-02-22,34.29240798950195,80.08635711669922
2001-02-23,34.36457824707031,79.5452880859375
2001-02-26,35.12260818481445,81.23857116699219
2001-02-27,34.49092102050781,80.48736572265625
2001-02-28,33.98555374145508,78.90238952636719
2001-03-01,34.220211029052734,79.31607818603516
2001-03-02,34.31045913696289,78.68592071533203
2001-03-05,34.18410110473633,79.40524291992188
2001-03-06,34.689476013183594,80.25823211669922
2001-03-07,34.86994934082031,80.83114624023438
2001-03-08,34.581172943115234,80.92023468017578
2001-03-09,33.96772003173828,78.52677154541016
2001-03-12,33.005577087402344,75.16570281982422
2001-03-13,33.34918975830078,76.400634765625
2001-03-14,32.55344009399414,74.89201354980469
2001-03-15,32.426876068115234,74.91104888916016
2001-03-16,31.830036163330078,73.40857696533203
2001-03-19,32.6619758605957,74.90213775634766
2001-03-20,31.902395248413086,72.89156341552734
2001-03-21,31.414060592651367,71.65331268310547
2001-03-22,31.106637954711914,70.92566680908203
2001-03-23,31.920461654663086,73.0702896118164
2001-03-26,32.354522705078125,74.00218963623047
2001-03-27,32.61494445800781,75.51487731933594
2001-03-28,31.73961067199707,73.42771911621094
2001-03-29,31.793872833251953,73.70853424072266
2001-03-30,32.40876770019531,74.48091125488281
2001-04-02,31.64919662475586,72.89156341552734
2001-04-03,30.574928283691406,70.45970916748047
2001-04-04,30.672595977783203,70.75328063964844
2001-04-05,32.155582427978516,73.43409729003906
2001-04-06,31.25131607055664,72.31713104248047
2001-04-09,31.938547134399414,73.1213150024414
2001-04-10,32.6981315612793,74.45532989501953
2001-04-11,32.481117248535156,74.50643157958984
2001-04-12,32.87898635864258,75.8595962524414
2001-04-16,32.28580093383789,75.06172943115234
2001-04-17,32.80663299560547,76.12125396728516
2001-04-18,33.765159606933594,79.14669036865234
2001-04-19,34.141326904296875,80.19990539550781
2001-04-20,33.74346923828125,79.46586608886719
2001-04-23,33.132171630859375,78.02332305908203
2001-04-24,33.38539123535156,77.60208892822266
2001-04-25,34.10878372192383,78.6169204711914
2001-04-26,34.59708023071289,78.96800994873047
2001-04-27,35.049217224121094,80.28284454345703
2001-04-30,35.085391998291016,80.84453582763672
2001-05-01,35.519439697265625,81.09346771240234
2001-05-02,35.42901611328125,80.94664001464844
2001-05-03,34.99135208129883,79.91900634765625
2001-05-04,35.4832649230957,81.2785415649414
2001-05-07,35.266231536865234,80.57644653320312
2001-05-08,35.447086334228516,80.53815460205078
2001-05-09,35.23006820678711,80.19990539550781
2001-05-10,35.266231536865234,80.43602752685547
2001-05-11,35.056461334228516,79.88070678710938
2001-05-14,35.049217224121094,80.04027557373047
2001-05-15,35.392860412597656,80.41047668457031
2001-05-16,36.07286071777344,82.3061752319336
2001-05-17,36.44540786743164,82.43384552001953
2001-05-18,36.58647537231445,82.8104248046875
2001-05-21,37.21943664550781,84.02952575683594
2001-05-22,37.40028762817383,83.9210205078125
2001-05-23,36.532222747802734,82.49766540527344
2001-05-24,36.91199493408203,82.74021911621094
2001-05-25,36.64073181152344,81.76364135742188
2001-05-29,36.17051696777344,81.11264038085938
2001-05-30,35.700260162353516,79.97647857666016
2001-05-31,35.84499740600586,80.39134216308594
2001-06-01,36.268157958984375,80.88920593261719
2001-06-04,36.74198913574219,81.2785415649414
2001-06-05,37.2556266784668,82.21044921875
2001-06-06,37.02051544189453,81.52749633789062
2001-06-07,37.17605972290039,81.82112121582031
2001-06-08,36.95985412597656,81.0615234375
2001-06-11,36.47021484375,80.48706817626953
2001-06-12,36.560890197753906,80.3466796875
2001-06-13,36.51011657714844,79.65735626220703
2001-06-14,35.599708557128906,77.8701400756836
2001-06-15,35.81734085083008,77.99559020996094
2001-06-18,35.54530715942383,77.61793518066406
2001-06-19,35.436492919921875,77.9571762084961
2001-06-20,35.85359191894531,78.36685180664062
2001-06-21,35.90437698364258,79.25658416748047
2001-06-22,35.25513458251953,78.63569641113281
2001-06-25,35.00849914550781,77.91236114501953
2001-06-26,35.54530715942383,77.80358123779297
2001-06-27,35.889869689941406,77.7587661743164
2001-06-28,36.34327697753906,78.18763732910156
2001-06-29,36.95985412597656,78.47570037841797
2001-07-02,36.12563705444336,79.45500946044922
2001-07-03,35.908023834228516,79.43579864501953
2001-07-05,35.436492919921875,77.88677215576172
2001-07-06,34.783634185791016,76.20333099365234
2001-07-09,35.11006164550781,76.61940002441406
2001-07-10,34.45719909667969,75.6976318359375
2001-07-11,34.45719909667969,75.77448272705078
2001-07-12,35.302303314208984,77.57315063476562
2001-07-13,35.47276306152344,78.24524688720703
2001-07-16,34.87430191040039,77.26588439941406
2001-07-17,35.563438415527344,77.98918914794922
2001-07-18,34.89242172241211,77.45796966552734
2001-07-19,35.182613372802734,78.13643646240234
2001-07-20,35.182613372802734,77.669189453125
2001-07-23,34.9287223815918,76.1393051147461
2001-07-24,34.34837341308594,75.4032211303711
2001-07-25,34.54785919189453,76.23534393310547
2001-07-26,35.055660247802734,77.03546142578125
2001-07-27,35.001243591308594,77.32991027832031
2001-07-30,34.946861267089844,77.3554916381836
2001-07-31,34.90330505371094,77.67555236816406
2001-08-01,35.436492919921875,78.16199493408203
2001-08-02,35.32768249511719,78.4820556640625
2001-08-03,35.237003326416016,78.05319213867188
2001-08-06,34.74734878540039,77.00345611572266
2001-08-07,34.783634185791016,77.30431365966797
2001-08-08,34.003822326660156,75.8705062866211
2001-08-09,34.34837341308594,76.09452819824219
2001-08-10,34.31210708618164,76.35697937011719
2001-08-13,34.602264404296875,76.37616729736328
2001-08-14,34.71107864379883,76.34416198730469
2001-08-15,34.667545318603516,75.68482971191406
2001-08-16,34.89242172241211,75.94730377197266
2001-08-17,34.34837341308594,74.73110961914062
2001-08-20,34.72922134399414,75.42243194580078
2001-08-21,34.1307487487793,74.13583374023438
2001-08-22,34.584144592285156,74.9039535522461
2001-08-23,34.1307487487793,74.63510131835938
2001-08-24,34.85616683959961,76.18416595458984
2001-08-27,34.72922134399414,75.72967529296875
2001-08-28,34.34837341308594,74.62230682373047
2001-08-29,34.20329666137695,73.95658111572266
2001-08-30,33.77167510986328,72.53558349609375
2001-08-31,34.05459213256836,73.06686401367188
2001-09-04,33.73177719116211,72.59961700439453
2001-09-05,33.49602127075195,72.77884674072266
2001-09-06,32.71620178222656,70.90335845947266
2001-09-07,32.11046600341797,69.59114074707031
2001-09-10,31.863826751708984,70.44247436523438
2001-09-17,30.286069869995117,66.76193237304688
2001-09-18,29.79640769958496,66.60194396972656
2001-09-19,29.074623107910156,65.2577133178711
2001-09-20,27.968353271484375,63.18379211425781
2001-09-21,27.442434310913086,62.502113342285156
2001-09-24,28.291156768798828,64.699462890625
2001-09-25,28.635738372802734,65.37407684326172
2001-09-26,28.211374282836914,65.14278411865234
2001-09-27,28.664749145507812,65.70817565917969
2001-09-28,29.089120864868164,67.10237884521484
2001-10-01,28.94132423400879,66.99314880371094
2001-10-02,29.25804328918457,67.83483123779297
2001-10-03,29.924219131469727,68.97206115722656
2001-10-04,30.222759246826172,69.02986145019531
2001-10-05,30.069854736328125,68.89492797851562
2001-10-08,29.79680633544922,68.44522857666016
2001-10-09,29.54927635192871,68.0789794921875
2001-10-10,30.579517364501953,69.59526062011719
2001-10-11,31.070964813232422,70.67466735839844
2001-10-12,30.972673416137695,70.35344696044922
2001-10-15,31.08917236328125,70.22492980957031
2001-10-16,31.507814407348633,70.66825103759766
2001-10-17,30.615915298461914,69.16481018066406
2001-10-18,30.41933250427246,69.01704406738281
2001-10-19,30.79793930053711,68.97206115722656
2001-10-22,31.0745906829834,70.33413696289062
2001-10-23,30.87073516845703,69.97437286376953
2001-10-24,31.070964813232422,69.78805541992188
2001-10-25,31.762643814086914,71.04092407226562
2001-10-26,31.762643814086914,70.88024139404297
2001-10-29,31.125574111938477,69.03632354736328
2001-10-30,30.470304489135742,68.20751190185547
2001-10-31,30.979961395263672,67.97618865966797
2001-11-01,31.526012420654297,69.71737670898438
2001-11-02,31.307592391967773,70.19278717041016
2001-11-05,31.762643814086914,71.11155700683594
2001-11-06,32.21770095825195,72.21665954589844
2001-11-07,31.999267578125,72.12029266357422
2001-11-08,31.926471710205078,72.34516906738281
2001-11-09,31.817256927490234,72.42224884033203
2001-11-12,31.944671630859375,71.97895812988281
2001-11-13,32.527122497558594,73.59803009033203
2001-11-14,32.85112380981445,73.66874694824219
2001-11-15,32.72734451293945,73.80364227294922
2001-11-16,32.76011276245117,73.4759750366211
2001-11-19,33.12781524658203,74.3818588256836
2001-11-20,32.938499450683594,73.7586441040039
2001-11-21,32.82565689086914,73.27033996582031
2001-11-23,33.30253601074219,74.32405090332031
2001-11-26,33.47365951538086,74.48467254638672
2001-11-27,33.36442947387695,74.16341400146484
2001-11-28,32.781959533691406,72.82062530517578
2001-11-29,33.746665954589844,73.80364227294922
2001-11-30,33.34623718261719,73.27679443359375
2001-12-03,33.12781524658203,72.83990478515625
2001-12-04,33.892276763916016,74.07349395751953
2001-12-05,34.63857650756836,75.42913818359375
2001-12-06,35.13002395629883,75.39059448242188
2001-12-07,34.864288330078125,74.88947296142578
2001-12-10,34.259971618652344,73.48880767822266
2001-12-11,34.456539154052734,73.34104919433594
2001-12-12,34.51116943359375,73.42457580566406
2001-12-13,33.89592361450195,71.99820709228516
2001-12-14,34.28292465209961,72.68570709228516
2001-12-17,34.94012451171875,73.4374008178711
2001-12-18,35.25044631958008,73.87429809570312
2001-12-19,34.976627349853516,74.39472961425781
2001-12-20,34.42897415161133,73.66229248046875
2001-12-21,35.12266540527344,74.10904693603516
2001-12-24,35.28696060180664,73.96722412109375
2001-12-26,35.59730911254883,74.37340545654297
2001-12-27,35.74334716796875,74.82469177246094
2001-12-28,35.77983474731445,74.78599548339844
2001-12-31,35.177425384521484,73.68999481201172
2002-01-02,35.502376556396484,74.4830093383789
2002-01-03,35.995262145996094,75.32756805419922
2002-01-04,36.30924606323242,75.8304443359375
2002-01-07,35.725074768066406,75.29531860351562
2002-01-08,36.14494705200195,75.12124633789062
2002-01-09,35.77983474731445,74.50878143310547
2002-01-10,35.9989013671875,74.83759307861328
2002-01-11,35.5608024597168,74.10260772705078
2002-01-14,35.03139877319336,73.638427734375
2002-01-15,35.26871109008789,74.23799133300781
2002-01-16,34.55311584472656,72.73585510253906
2002-01-17,34.72105026245117,73.28384399414062
2002-01-18,34.28292465209961,72.94856262207031
2002-01-22,34.06386947631836,72.44573211669922
2002-01-23,34.53852462768555,73.00017547607422
2002-01-24,34.81233596801758,73.225830078125
2002-01-25,34.786781311035156,73.20646667480469
2002-01-28,35.013153076171875,73.40636444091797
2002-01-29,34.3961181640625,71.09827423095703
2002-01-30,34.82693862915039,72.12336730957031
2002-01-31,35.12266540527344,72.96793365478516
2002-02-01,34.921871185302734,72.62625122070312
2002-02-04,34.10038757324219,70.82103729248047
2002-02-05,33.96895217895508,70.38268280029297
2002-02-06,33.589256286621094,70.07965087890625
2002-02-07,33.15111541748047,69.64125061035156
2002-02-08,34.027381896972656,70.97576904296875
2002-02-11,34.17704391479492,71.84615325927734
2002-02-12,34.25008010864258,71.62047576904297
2002-02-13,34.57500457763672,72.38124084472656
2002-02-14,34.13691329956055,72.245849609375
2002-02-15,34.08580780029297,71.4915771484375
2002-02-19,33.42491912841797,70.1183090209961
2002-02-20,33.9908561706543,71.29816436767578
2002-02-21,33.26430130004883,69.82177734375
2002-02-22,33.863067626953125,70.68562316894531
2002-02-25,34.074832916259766,71.85260772705078
2002-02-26,34.235469818115234,71.70433807373047
2002-02-27,34.39247512817383,71.98153686523438
2002-02-28,34.027381896972656,71.65912628173828
2002-03-01,34.867095947265625,73.3289794921875
2002-03-04,35.41474533081055,74.62484741210938
2002-03-05,35.49507141113281,74.38627624511719
2002-03-06,35.9258918762207,75.26956939697266
2002-03-07,35.96240234375,75.10836791992188
2002-03-08,36.326107025146484,75.42427062988281
2002-03-11,36.33341979980469,75.58543395996094
2002-03-12,36.27492904663086,75.54031372070312
2002-03-13,35.967899322509766,74.81179809570312
2002-03-14,36.132354736328125,74.70865631103516
2002-03-15,36.27857971191406,75.42047119140625
2002-03-18,36.48326110839844,75.43343353271484
2002-03-19,36.71723175048828,75.93773651123047
2002-03-20,36.13969421386719,74.50885009765625
2002-03-21,36.7464485168457,74.54119873046875
2002-03-22,36.4796257019043,74.3795166015625
2002-03-25,36.03734588623047,73.45494842529297
2002-03-26,36.44306945800781,73.88169860839844
2002-03-27,36.78300094604492,74.07566833496094
2002-03-28,36.589271545410156,74.0433120727539
2002-04-01,36.62583923339844,74.07566833496094
2002-04-02,36.39188766479492,73.66834259033203
2002-04-03,36.132354736328125,73.15106201171875
2002-04-04,36.27492904663086,72.84725189208984
2002-04-05,36.223758697509766,72.86013793945312
2002-04-08,36.677001953125,73.01531219482422
2002-04-09,36.54175567626953,72.5044937133789
2002-04-10,37.24724197387695,73.32565307617188
2002-04-11,36.651424407958984,71.50237274169922
2002-04-12,37.466548919677734,72.03899383544922
2002-04-15,37.19240951538086,71.48947143554688
2002-04-16,38.1245002746582,73.18988800048828
2002-04-17,37.80282974243164,73.03472137451172
2002-04-18,37.64201354980469,72.71788024902344
2002-04-19,37.612754821777344,72.98300170898438
2002-04-22,37.11566162109375,71.7674789428711
2002-04-23,37.24724197387695,71.45712280273438
2002-04-24,36.932865142822266,70.73944091796875
2002-04-25,37.031558990478516,70.77822875976562
2002-04-26,36.32243347167969,69.43338775634766
2002-04-29,36.43209457397461,69.09074401855469
2002-04-30,37.02791976928711,69.73728942871094
2002-05-01,37.28377914428711,70.59075927734375
2002-05-02,37.411712646484375,70.31917572021484
2002-05-03,37.24724197387695,69.55626678466797
2002-05-06,36.53445816040039,68.1920166015625
2002-05-07,36.27127456665039,67.95278930664062
2002-05-08,37.137569427490234,70.4808349609375
2002-05-09,36.46133804321289,69.66616821289062
2002-05-10,35.86920928955078,68.35365295410156
2002-05-13,36.33341979980469,69.74375915527344
2002-05-14,37.42998504638672,71.26315307617188
2002-05-15,37.393428802490234,70.98513793945312
2002-05-16,36.951141357421875,71.35369873046875
2002-05-17,37.06447219848633,71.70283508300781
2002-05-20,36.59659194946289,70.92694091796875
2002-05-21,36.040977478027344,70.28040313720703
2002-05-22,35.82167434692383,70.43558502197266
2002-05-23,36.53445816040039,71.185546875
2002-05-24,35.9569206237793,70.27396392822266
2002-05-28,35.865535736083984,69.89246368408203
2002-05-29,35.40863037109375,69.37519836425781
2002-05-30,35.536563873291016,69.1812744140625
2002-05-31,35.27338790893555,69.32350158691406
2002-06-03,34.450931549072266,67.4808120727539
2002-06-04,34.4582633972168,67.6489028930664
2002-06-05,34.578887939453125,68.28254699707031
2002-06-06,33.906288146972656,66.89242553710938
2002-06-07,34.21335220336914,66.81491088867188
2002-06-10,34.17681121826172,67.07349395751953
2002-06-11,33.628501892089844,65.92261505126953
2002-06-12,33.73816680908203,66.32347869873047
2002-06-13,33.26298904418945,65.65753173828125
2002-06-14,33.534568786621094,65.560546875
2002-06-17,34.31520080566406,67.31919860839844
2002-06-18,34.410484313964844,67.86874389648438
2002-06-19,33.717811584472656,66.2846908569336
2002-06-20,33.64451217651367,65.43771362304688
2002-06-21,33.57120895385742,64.41452026367188
2002-06-24,33.46492004394531,64.75189208984375
2002-06-25,32.99214553833008,63.29856872558594
2002-06-26,32.97381591796875,63.40238571166992
2002-06-27,33.60784912109375,64.51184844970703
2002-06-28,33.22303009033203,64.20691680908203
2002-07-01,32.54501724243164,62.9547004699707
2002-07-02,31.566457748413086,61.61813735961914
2002-07-03,31.1889705657959,61.96846008300781
2002-07-05,32.222496032714844,64.43399047851562
2002-07-08,31.555471420288086,63.62944030761719
2002-07-09,31.434537887573242,62.02687072753906
2002-07-10,30.56960105895996,59.769012451171875
2002-07-11,30.331384658813477,60.255619049072266
2002-07-12,30.07115936279297,59.593814849853516
2002-07-15,29.88423728942871,59.9117431640625
2002-07-16,29.686321258544922,58.75684356689453
2002-07-17,29.96120262145996,58.873619079589844
2002-07-18,28.91669273376465,56.96611022949219
2002-07-19,28.31195640563965,54.96125411987305
2002-07-22,27.7475528717041,53.33272933959961
2002-07-23,26.29623794555664,51.87290573120117
2002-07-24,27.853832244873047,54.96774673461914
2002-07-25,27.633955001831055,54.50057601928711
2002-07-26,28.0737361907959,55.538692474365234
2002-07-29,29.15489387512207,58.24430847167969
2002-07-30,29.24286460876465,59.00337600708008
2002-07-31,28.788408279418945,59.1461296081543
2002-08-01,28.366945266723633,57.60196304321289
2002-08-02,27.476348876953125,56.310821533203125
2002-08-05,26.743349075317383,54.35137939453125
2002-08-06,27.908817291259766,56.1810417175293
2002-08-07,28.015098571777344,57.16075134277344
2002-08-08,28.46588134765625,59.00987243652344
2002-08-09,28.224008560180664,59.230464935302734
2002-08-12,28.293638229370117,58.795738220214844
2002-08-13,27.487346649169922,57.72524642944336
2002-08-14,28.469552993774414,59.83386993408203
2002-08-15,28.498865127563477,60.66435623168945
2002-08-16,28.93501091003418,60.48270797729492
2002-08-19,29.33816146850586,61.897132873535156
2002-08-20,29.19154930114746,61.2418098449707
2002-08-21,29.78894805908203,62.12421798706055
2002-08-22,29.979530334472656,62.72758483886719
2002-08-23,29.19154930114746,61.37807083129883
2002-08-26,29.722986221313477,61.8062744140625
2002-08-27,29.15489387512207,61.09259796142578
2002-08-28,28.586833953857422,59.75600051879883
2002-08-29,28.799406051635742,59.78196334838867
2002-08-30,28.60515785217285,59.54838943481445
2002-09-03,27.762218475341797,57.27755355834961
2002-09-04,28.348621368408203,58.09505844116211
2002-09-05,27.78054428100586,57.60196304321289
2002-09-06,28.696786880493164,58.39350891113281
2002-09-09,28.608829498291016,58.82170867919922
2002-09-10,28.788408279418945,59.49647521972656
2002-09-11,28.696786880493164,59.126686096191406
2002-09-12,28.220340728759766,58.036651611328125
2002-09-13,28.571874618530273,58.17940902709961
2002-09-16,28.240928649902344,58.322139739990234
2002-09-17,27.854822158813477,56.9855842590332
2002-09-18,27.781280517578125,56.41463851928711
2002-09-19,26.76637840270996,54.954742431640625
2002-09-20,26.88035774230957,54.9730224609375
2002-09-23,26.218467712402344,54.523338317871094
2002-09-24,26.01622200012207,53.64349365234375
2002-09-25,26.806827545166016,54.9730224609375
2002-09-26,27.159841537475586,55.872398376464844
2002-09-27,26.494260787963867,53.93026351928711
2002-09-30,26.31038475036621,53.304588317871094
2002-10-01,27.156156539916992,55.86587142944336
2002-10-02,26.494260787963867,54.19095230102539
2002-10-03,26.207426071166992,53.64349365234375
2002-10-04,25.4830265045166,52.65938949584961
2002-10-07,24.799070358276367,51.571022033691406
2002-10-08,24.986597061157227,52.379150390625
2002-10-09,23.9386043548584,50.89973068237305
2002-10-10,24.63726806640625,52.54861831665039
2002-10-11,25.262399673461914,54.84921646118164
2002-10-14,25.431541442871094,55.15550994873047
2002-10-15,26.457490921020508,57.80802917480469
2002-10-16,25.795591354370117,56.40682601928711
2002-10-17,26.56780433654785,57.527774810791016
2002-10-18,26.62297248840332,57.768924713134766
2002-10-21,26.9722957611084,58.766056060791016
2002-10-22,26.62664222717285,58.34247589111328
2002-10-23,27.04951286315918,58.785614013671875
2002-10-24,26.788433074951172,57.58647918701172
2002-10-25,27.37310028076172,58.785614013671875
2002-10-28,27.064224243164062,58.401100158691406
2002-10-29,26.986997604370117,57.72330856323242
2002-10-30,27.45033073425293,58.28376770019531
2002-10-31,27.395183563232422,57.69071578979492
2002-11-01,28.038692474365234,58.831233978271484
2002-11-04,28.281375885009766,59.39174270629883
2002-11-05,28.329179763793945,59.860958099365234
2002-11-06,28.81089973449707,60.636531829833984
2002-11-07,28.12694549560547,59.15056610107422
2002-11-08,27.744510650634766,58.42717742919922
2002-11-11,27.07158851623535,57.52126693725586
2002-11-12,27.5054874420166,57.97749328613281
2002-11-13,27.65257453918457,58.03612518310547
2002-11-14,28.251968383789062,59.13103485107422
2002-11-15,28.240928649902344,59.567684173583984
2002-11-18,28.02397346496582,58.968109130859375
2002-11-19,27.9246826171875,58.88991165161133
2002-11-20,28.663808822631836,60.19989013671875
2002-11-21,29.222726821899414,61.32084274291992
2002-11-22,29.424991607666016,60.8841667175293
2002-11-25,29.61989974975586,60.92328643798828
2002-11-26,29.288923263549805,59.763187408447266
2002-11-27,30.086885452270508,61.444664001464844
2002-11-29,29.715482711791992,61.2491455078125
2002-12-02,29.94347381591797,61.346893310546875
2002-12-03,29.417638778686523,60.525733947753906
2002-12-04,29.12713623046875,60.25200653076172
2002-12-05,28.991069793701172,59.587242126464844
2002-12-06,29.1087646484375,59.978275299072266
2002-12-09,28.33654022216797,58.32939529418945
2002-12-10,28.88811492919922,59.1114501953125
2002-12-11,28.921222686767578,59.16362762451172
2002-12-12,29.038883209228516,59.157073974609375
2002-12-13,28.46985626220703,58.22511291503906
2002-12-16,28.97977066040039,59.73060989379883
2002-12-17,28.673078536987305,59.20921325683594
2002-12-18,28.21489715576172,58.524940490722656
2002-12-19,28.14468765258789,58.10783767700195
2002-12-20,28.462461471557617,58.93696594238281
2002-12-23,28.654617309570312,58.956600189208984
2002-12-24,28.599185943603516,58.517822265625
2002-12-26,28.599185943603516,58.544029235839844
2002-12-27,28.133615493774414,57.22761535644531
2002-12-30,28.044925689697266,57.7056999206543
2002-12-31,28.011659622192383,57.7842903137207
2003-01-02,28.783935546875,59.644287109375
2003-01-03,28.73589515686035,59.82769012451172
2003-01-06,29.072154998779297,60.88211441040039
2003-01-07,28.9206485748291,60.73146057128906
2003-01-08,28.63243865966797,59.85385513305664
2003-01-09,29.053668975830078,60.783843994140625
2003-01-10,29.116479873657227,60.947593688964844
2003-01-13,29.18299102783203,60.927955627441406
2003-01-14,29.20147132873535,61.12440872192383
2003-01-15,29.13495445251465,60.515350341796875
2003-01-16,29.094303131103516,60.266441345214844
2003-01-17,28.547454833984375,59.37574005126953
2003-01-21,28.133615493774414,58.452327728271484
2003-01-22,27.889728546142578,57.7449951171875
2003-01-23,28.06340217590332,58.098663330078125
2003-01-24,27.483287811279297,56.572662353515625
2003-01-27,27.06575584411621,55.799869537353516
2003-01-28,27.28746795654297,56.21244812011719
2003-01-29,27.494386672973633,56.63817596435547
2003-01-30,27.047286987304688,55.29555892944336
2003-01-31,27.43156623840332,56.363128662109375
2003-02-03,27.19508934020996,56.47441864013672
2003-02-04,27.19508934020996,55.917720794677734
2003-02-05,26.991863250732422,55.57063293457031
2003-02-06,26.844064712524414,55.30863571166992
2003-02-07,26.35262680053711,54.63410186767578
2003-02-10,26.626049041748047,55.020503997802734
2003-02-11,26.552165985107422,54.64067077636719
2003-02-12,26.178964614868164,53.76958465576172
2003-02-13,26.108766555786133,53.933292388916016
2003-02-14,26.345237731933594,55.112186431884766
2003-02-18,26.873619079589844,56.08146286010742
2003-02-19,26.548471450805664,55.78676223754883
2003-02-20,26.4930419921875,55.230072021484375
2003-02-21,26.722131729125977,55.78676223754883
2003-02-24,26.311981201171875,54.88300323486328
2003-02-25,26.552165985107422,55.32174301147461
2003-02-26,26.41913414001465,54.516197204589844
2003-02-27,26.5632266998291,55.23660659790039
2003-02-28,26.607585906982422,55.603370666503906
2003-03-03,26.526288986206055,55.07289505004883
2003-03-04,26.18265724182129,54.195281982421875
2003-03-05,26.234397888183594,54.65372085571289
2003-03-06,26.020065307617188,54.195281982421875
2003-03-07,26.09044647216797,54.568603515625
2003-03-10,25.6423282623291,53.25875473022461
2003-03-11,25.46086311340332,52.734798431396484
2003-03-12,25.51641845703125,53.08845138549805
2003-03-13,26.205259323120117,54.9222412109375
2003-03-14,26.238574981689453,55.099098205566406
2003-03-17,26.84593391418457,56.834625244140625
2003-03-18,27.197769165039062,57.16863250732422
2003-03-19,27.13109588623047,57.60747528076172
2003-03-20,27.308870315551758,57.73188400268555
2003-03-21,27.690305709838867,58.96416091918945
2003-03-24,27.097774505615234,57.00463104248047
2003-03-25,27.38664436340332,57.55043029785156
2003-03-26,27.049623489379883,57.26108169555664
2003-03-27,27.231088638305664,57.30708694458008
2003-03-28,27.219982147216797,57.01776885986328
2003-03-31,26.664466857910156,55.722354888916016
2003-04-01,27.12738800048828,56.57720184326172
2003-04-02,27.668094635009766,57.944950103759766
2003-04-03,27.682899475097656,57.668766021728516
2003-04-04,27.601430892944336,58.010704040527344
2003-04-07,27.619951248168945,57.8989143371582
2003-04-08,27.64215850830078,57.990962982177734
2003-04-09,27.490325927734375,57.22818374633789
2003-04-10,27.49773597717285,57.54383087158203
2003-04-11,27.345897674560547,57.30708694458008
2003-04-14,27.8421573638916,58.490726470947266
2003-04-15,28.14211654663086,59.036521911621094
2003-04-16,27.849563598632812,58.03044891357422
2003-04-17,28.275455474853516,58.89185333251953
2003-04-21,28.468029022216797,58.95103454589844
2003-04-22,28.86058807373047,60.06232452392578
2003-04-23,29.164270401000977,60.61467742919922
2003-04-24,29.016132354736328,60.075477600097656
2003-04-25,28.60875129699707,59.332435607910156
2003-04-28,29.116121292114258,60.35824203491211
2003-04-29,29.312395095825195,60.568668365478516
2003-04-30,29.404987335205078,60.4371452331543
2003-05-01,29.36795425415039,60.4305419921875
2003-05-02,30.108638763427734,61.29196548461914
2003-05-05,30.24565315246582,61.173606872558594
2003-05-06,30.534521102905273,61.75224304199219
2003-05-07,30.349367141723633,61.41035079956055
2003-05-08,30.097509384155273,60.792213439941406
2003-05-09,30.530820846557617,61.63392639160156
2003-05-12,30.8641357421875,62.390113830566406
2003-05-13,31.045583724975586,62.27832794189453
2003-05-14,31.02707862854004,62.14681625366211
2003-05-15,31.14928436279297,62.54135513305664
2003-05-16,30.764131546020508,62.3835334777832
2003-05-19,30.2308349609375,60.92373275756836
2003-05-20,30.223426818847656,60.798797607421875
2003-05-21,30.33824348449707,60.92373275756836
2003-05-22,30.645626068115234,61.52870178222656
2003-05-23,30.8863468170166,61.65362548828125
2003-05-27,31.612224578857422,62.7320671081543
2003-05-28,31.827024459838867,62.909576416015625
2003-05-29,32.03070831298828,62.745182037353516
2003-05-30,32.60103988647461,63.751285552978516
2003-06-02,32.7713737487793,64.0143051147461
2003-06-03,32.87506866455078,64.27735137939453
2003-06-04,33.323177337646484,65.20449829101562
2003-06-05,33.86758804321289,65.52669525146484
2003-06-06,33.478721618652344,65.27024841308594
2003-06-09,32.85657501220703,64.60613250732422
2003-06-10,33.3491096496582,65.26361846923828
2003-06-11,33.66389846801758,65.9541015625
2003-06-12,33.85276794433594,66.15797424316406
2003-06-13,33.251834869384766,65.4675521850586
2003-06-16,33.811946868896484,66.84843444824219
2003-06-17,33.88243865966797,66.84843444824219
2003-06-18,33.86018753051758,66.78923034667969
2003-06-19,33.400211334228516,65.77002716064453
2003-06-20,33.11457824707031,65.62480163574219
2003-06-23,32.5247802734375,64.95166015625
2003-06-24,32.513641357421875,65.01766967773438
2003-06-25,32.732505798339844,64.36431121826172
2003-06-26,33.292625427246094,65.20249938964844
2003-06-27,33.081180572509766,64.45011901855469
2003-06-30,32.977325439453125,64.4303207397461
2003-07-01,33.20361328125,65.02428436279297
2003-07-02,34.03453063964844,65.84260559082031
2003-07-03,33.74148941040039,65.16289520263672
2003-07-07,34.442569732666016,66.45638275146484
2003-07-08,35.05463409423828,66.75334167480469
2003-07-09,35.3143196105957,66.37718200683594
2003-07-10,34.62434768676758,65.53241729736328
2003-07-11,35.10286331176758,66.15275573730469
2003-07-14,35.39220428466797,66.47615051269531
2003-07-15,35.2957649230957,66.33097076416016
2003-07-16,35.10286331176758,65.94158172607422
2003-07-17,33.99001693725586,65.00447082519531
2003-07-18,34.220008850097656,65.6710205078125
2003-07-21,33.923255920410156,64.85929107666016
2003-07-22,34.320152282714844,65.44664764404297
2003-07-23,34.553871154785156,65.49282836914062
2003-07-24,34.48710632324219,64.99784088134766
2003-07-25,34.739341735839844,66.14619445800781
2003-07-28,35.16592788696289,65.90198516845703
2003-07-29,35.18446731567383,65.59842681884766
2003-07-30,35.050941467285156,65.4400405883789
2003-07-31,35.121402740478516,65.59180450439453
2003-08-01,34.628055572509766,65.01105499267578
2003-08-04,34.27936553955078,65.01105499267578
2003-08-05,33.68583679199219,63.63178253173828
2003-08-06,33.53374481201172,64.00137329101562
2003-08-07,33.6450309753418,64.67452239990234
2003-08-08,33.57084655761719,64.85929107666016
2003-08-11,34.03453063964844,65.10346984863281
2003-08-12,34.60579299926758,65.69741821289062
2003-08-13,34.72077941894531,65.36083221435547
2003-08-14,34.947059631347656,65.5390625
2003-08-15,34.95821762084961,65.74361419677734
2003-08-18,35.6518669128418,66.31114959716797
2003-08-19,36.319576263427734,66.56195068359375
2003-08-20,36.301025390625,66.29133605957031
2003-08-21,36.597801208496094,66.50257873535156
2003-08-22,35.952327728271484,65.84260559082031
2003-08-25,35.9189453125,65.94818878173828
2003-08-26,36.05619812011719,66.06698608398438
2003-08-27,36.40857696533203,66.0867691040039
2003-08-28,36.64973831176758,66.49596405029297
2003-08-29,36.80180358886719,66.94470977783203
2003-09-02,37.65126037597656,67.84223175048828
2003-09-03,37.81079864501953,68.21182250976562
2003-09-04,37.96659469604492,68.24478149414062
2003-09-05,37.7254638671875,67.86204528808594
2003-09-08,38.248512268066406,68.42296600341797
2003-09-09,37.96659469604492,67.97425079345703
2003-09-10,37.2172737121582,67.28788757324219
2003-09-11,37.54000473022461,67.48587036132812
2003-09-12,37.70621109008789,67.61125183105469
2003-09-15,37.61324691772461,67.37370300292969
2003-09-16,38.17469024658203,68.35700225830078
2003-09-17,38.16352844238281,68.2249755859375
2003-09-18,38.5614013671875,69.03012084960938
2003-09-19,38.52048110961914,68.67902374267578
2003-09-22,37.99250793457031,67.93705749511719
2003-09-23,38.50932693481445,68.1954345703125
2003-09-24,37.55747604370117,66.98304748535156
2003-09-25,36.542396545410156,66.43318939208984
2003-09-26,35.917762756347656,66.21458435058594
2003-09-29,36.560997009277344,66.86381530761719
2003-09-30,36.085052490234375,66.21458435058594
2003-10-01,37.05923080444336,67.62565612792969
2003-10-02,37.41617202758789,67.87081146240234
2003-10-03,38.007389068603516,68.49354553222656
2003-10-06,38.3345947265625,68.8049087524414
2003-10-07,38.55022430419922,69.06990814208984
2003-10-08,38.249053955078125,68.89763641357422
2003-10-09,38.65060806274414,69.08311462402344
2003-10-10,38.6022834777832,69.27526092529297
2003-10-13,39.208335876464844,69.49388885498047
2003-10-14,39.46491622924805,69.73897552490234
2003-10-15,38.97039031982422,69.55347442626953
2003-10-16,39.31989669799805,69.83172607421875
2003-10-17,38.55767822265625,69.06990814208984
2003-10-20,38.75101852416992,69.5866470336914
2003-10-21,38.925777435302734,69.46736145019531
2003-10-22,38.074302673339844,68.59290313720703
2003-10-23,37.73965072631836,68.46702575683594
2003-10-24,37.64669418334961,68.61942291259766
2003-10-27,38.19701385498047,68.65250396728516
2003-10-28,39.11540222167969,69.5866470336914
2003-10-29,39.37565994262695,69.67938232421875
2003-10-30,39.48720932006836,69.82508087158203
2003-10-31,39.226959228515625,69.75886535644531
2003-11-03,39.89248275756836,70.2159652709961
2003-11-04,39.94829177856445,70.06358337402344
2003-11-05,40.14533996582031,70.11661529541016
2003-11-06,40.461387634277344,70.48759460449219
2003-11-07,40.15275573730469,69.9642562866211
2003-11-10,39.50581359863281,69.67938232421875
2003-11-11,39.234378814697266,69.65946197509766
2003-11-12,40.14161682128906,70.44121551513672
2003-11-13,40.24943923950195,70.46111297607422
2003-11-14,39.48720932006836,69.86485290527344
2003-11-17,39.00756072998047,69.51374816894531
2003-11-18,38.579959869384766,68.79167175292969
2003-11-19,38.98526382446289,69.3746337890625
2003-11-20,38.72126388549805,68.75189971923828
2003-11-21,39.148860931396484,69.03678894042969
2003-11-24,40.04494094848633,69.95098114013672
2003-11-25,40.28663635253906,70.2159652709961
2003-11-26,40.50228500366211,70.46774291992188
2003-11-28,40.695640563964844,70.5207290649414
2003-12-01,41.219905853271484,71.28254699707031
2003-12-02,41.15668487548828,71.10370635986328
2003-12-03,40.41676330566406,70.99107360839844
2003-12-04,40.50971603393555,71.28254699707031
2003-12-05,40.00775909423828,70.78567504882812
2003-12-08,40.30521011352539,71.2626953125
2003-12-09,39.624794006347656,70.7127914428711
2003-12-10,39.267852783203125,70.7061996459961
2003-12-11,40.364715576171875,71.50115203857422
2003-12-12,40.65386962890625,71.64028930664062
2003-12-15,39.70244598388672,71.28254699707031
2003-12-16,40.05392837524414,71.653564453125
2003-12-17,40.04643630981445,71.8787841796875
2003-12-18,40.66340637207031,72.68701934814453
2003-12-19,40.532535552978516,72.48468780517578
2003-12-22,40.9849853515625,72.99057006835938
2003-12-23,41.209320068359375,73.037109375
2003-12-24,41.16072082519531,72.96391296386719
2003-12-26,41.30654525756836,73.01717376708984
2003-12-29,41.934749603271484,73.98892211914062
2003-12-30,42.04316711425781,74.00228118896484
2003-12-31,41.4299430847168,74.0688247680664
2004-01-02,41.87489700317383,74.0355453491211
2004-01-05,42.3647346496582,74.8409194946289
2004-01-06,42.30865478515625,74.91413116455078
2004-01-07,42.75734329223633,75.16704559326172
2004-01-08,43.0826416015625,75.46656036376953
2004-01-09,42.738643646240234,74.80760192871094
2004-01-12,43.53882598876953,75.36011505126953
2004-01-13,43.35560607910156,74.92076110839844
2004-01-14,43.57994842529297,75.54645538330078
2004-01-15,43.69213104248047,75.73284149169922
2004-01-16,43.93518829345703,76.03237915039062
2004-01-20,44.462398529052734,76.01240539550781
2004-01-21,44.402584075927734,76.61141967773438
2004-01-22,44.15205764770508,76.41172790527344
2004-01-23,44.39137649536133,76.16546630859375
2004-01-26,44.83256912231445,77.12393188476562
2004-01-27,44.27170944213867,76.33189392089844
2004-01-28,43.57994842529297,75.45992279052734
2004-01-29,43.168636322021484,75.53312683105469
2004-01-30,43.22473907470703,75.53312683105469
2004-02-02,43.336917877197266,75.85928344726562
2004-02-03,43.09385681152344,75.73284149169922
2004-02-04,42.028202056884766,75.11380767822266
2004-02-05,42.42082977294922,75.33346557617188
2004-02-06,43.49393844604492,76.17878723144531
2004-02-09,43.57994842529297,76.1987533569336
2004-02-10,44.10342025756836,76.44502258300781
2004-02-11,44.372642517089844,77.25707244873047
2004-02-12,44.06977844238281,76.97753143310547
2004-02-13,43.61733627319336,76.63140106201172
2004-02-17,44.383888244628906,77.32362365722656
2004-02-18,44.058563232421875,76.98418426513672
2004-02-19,43.280826568603516,76.69796752929688
2004-02-20,43.20603942871094,76.46500396728516
2004-02-23,42.5554313659668,76.27197265625
2004-02-24,42.551692962646484,76.13886260986328
2004-02-25,43.14994812011719,76.45834350585938
2004-02-26,43.41169357299805,76.50496673583984
2004-02-27,43.636051177978516,76.55815124511719
2004-03-01,44.327789306640625,77.31700897216797
2004-03-02,43.97631072998047,76.86434936523438
2004-03-03,44.02117156982422,77.00411987304688
2004-03-04,44.57832336425781,77.20381927490234
2004-03-05,44.67926788330078,77.46339416503906
2004-03-08,44.047367095947266,76.51823425292969
2004-03-09,43.6734504699707,76.21208190917969
2004-03-10,42.75734329223633,74.93411254882812
2004-03-11,42.32734298706055,73.96231842041016
2004-03-12,43.467777252197266,74.93411254882812
2004-03-15,42.34604263305664,74.01556396484375
2004-03-16,42.3647346496582,74.40828704833984
2004-03-17,43.14994812011719,75.24029541015625
2004-03-18,42.88820266723633,75.26029205322266
2004-03-19,42.51428985595703,74.18153381347656
2004-03-22,41.69542694091797,73.23974609375
2004-03-23,41.766448974609375,73.11280822753906
2004-03-24,41.71037673950195,73.17290496826172
2004-03-25,42.67135238647461,74.14144134521484
2004-03-26,42.77961349487305,74.16146850585938
2004-03-29,43.59998321533203,75.20346069335938
2004-03-30,43.955848693847656,75.45726776123047
2004-03-31,44.05324935913086,75.54414367675781
2004-04-01,44.536502838134766,75.99832153320312
2004-04-02,45.102134704589844,76.57276916503906
2004-04-05,45.233245849609375,76.99356842041016
2004-04-06,44.68260192871094,76.74642181396484
2004-04-07,45.019737243652344,76.56610107421875
2004-04-08,44.61891174316406,76.39244842529297
2004-04-12,44.735023498535156,76.6929931640625
2004-04-13,43.693641662597656,75.61760711669922
2004-04-14,43.558780670166016,75.73783111572266
2004-04-15,43.221641540527344,75.45060729980469
2004-04-16,43.55128479003906,76.03174591064453
2004-04-19,43.873443603515625,76.03174591064453
2004-04-20,42.903228759765625,74.7559814453125
2004-04-21,43.603721618652344,75.25692749023438
2004-04-22,44.20309066772461,76.31227111816406
2004-04-23,44.109439849853516,76.3857192993164
2004-04-26,44.20309066772461,76.27889251708984
2004-04-27,44.0907096862793,76.34564971923828
2004-04-28,43.1691780090332,75.35712432861328
2004-04-29,42.31133270263672,74.69585418701172
2004-04-30,41.622074127197266,74.11471557617188
2004-05-03,42.16899871826172,74.90959930419922
2004-05-04,42.405006408691406,74.84947967529297
2004-05-05,42.59229278564453,75.33038330078125
2004-05-06,41.9704704284668,74.68247985839844
2004-05-07,40.77546310424805,73.44681549072266
2004-05-10,40.05247497558594,72.69203186035156
2004-05-11,40.92531204223633,73.30652618408203
2004-05-12,41.236244201660156,73.77410125732422
2004-05-13,40.67057800292969,73.46684265136719
2004-05-14,40.51325607299805,73.500244140625
2004-05-17,40.12742233276367,72.87235260009766
2004-05-18,40.5806884765625,73.23974609375
2004-05-19,40.2922477722168,72.98593139648438
2004-05-20,40.37464904785156,73.2197036743164
2004-05-21,40.75299835205078,73.34661865234375
2004-05-24,41.28118133544922,73.65383911132812
2004-05-25,42.142791748046875,74.70919036865234
2004-05-26,42.431217193603516,74.96971893310547
2004-05-27,42.44246292114258,75.3905258178711
2004-05-28,42.517391204833984,75.38385009765625
2004-06-01,42.92194747924805,75.28364562988281
2004-06-02,42.77961349487305,75.56417083740234
2004-06-03,41.95547866821289,74.86951446533203
2004-06-04,42.47990798950195,75.4639663696289
2004-06-07,43.24784469604492,76.6128158569336
2004-06-08,43.20665740966797,76.71967315673828
2004-06-09,42.423736572265625,76.00501251220703
2004-06-10,42.59229278564453,76.3790512084961
2004-06-14,41.756935119628906,75.62429809570312
2004-06-15,42.517391204833984,76.15864562988281
2004-06-16,42.599788665771484,76.14529418945312
2004-06-17,42.491146087646484,76.03174591064453
2004-06-18,42.63725280761719,76.17520141601562
2004-06-21,42.46867752075195,75.88690185546875
2004-06-22,42.79833221435547,76.2690658569336
2004-06-23,43.44265365600586,76.92601776123047
2004-06-24,43.285308837890625,76.6846923828125
2004-06-25,43.794246673583984,76.31596374511719
2004-06-28,43.704097747802734,76.05448913574219
2004-06-29,44.06843185424805,76.36959838867188
2004-06-30,44.31630325317383,76.77853393554688
2004-07-01,43.50878143310547,75.71263122558594
2004-07-02,43.64401626586914,75.67241668701172
2004-07-06,42.86278533935547,75.00871276855469
2004-07-07,42.81018829345703,75.22994995117188
2004-07-08,42.0327033996582,74.70706176757812
2004-07-09,42.310646057128906,74.90148162841797
2004-07-12,42.06652069091797,74.93497467041016
2004-07-13,42.12287139892578,74.98861694335938
2004-07-14,41.87872314453125,74.76069641113281
2004-07-15,41.97261047363281,74.27801513671875
2004-07-16,41.50311279296875,74.21768951416016
2004-07-19,41.45051956176758,73.90259552001953
2004-07-20,42.27308654785156,74.84114074707031
2004-07-21,40.94725036621094,73.46013641357422
2004-07-22,41.01483917236328,73.6612548828125
2004-07-23,40.42892074584961,73.04451751708984
2004-07-26,39.89933776855469,72.90369415283203
2004-07-27,40.64301681518555,73.58751678466797
2004-07-28,40.609188079833984,73.8087158203125
2004-07-29,41.08998107910156,74.12385559082031
2004-07-30,41.31532669067383,74.3048324584961
2004-08-02,41.16508865356445,74.45901489257812
2004-08-03,40.575401306152344,73.8824691772461
2004-08-04,40.541595458984375,73.87576293945312
2004-08-05,39.79417419433594,72.66913604736328
2004-08-06,38.96034240722656,71.62999725341797
2004-08-09,38.83640670776367,71.73056030273438
2004-08-10,39.44485855102539,72.65569305419922
2004-08-11,39.392276763916016,72.50822448730469
2004-08-12,38.82514953613281,71.7171630859375
2004-08-13,38.817626953125,71.85796356201172
2004-08-16,39.482418060302734,72.60208129882812
2004-08-17,39.730316162109375,73.010986328125
2004-08-18,40.579166412353516,73.76182556152344
2004-08-19,40.233619689941406,73.54729461669922
2004-08-20,40.94725036621094,74.0634994506836
2004-08-23,40.79701232910156,73.87576293945312
2004-08-24,40.9096794128418,73.9763412475586
2004-08-25,41.142547607421875,74.4791030883789
2004-08-26,40.902183532714844,74.4791030883789
2004-08-27,41.22518539428711,74.71373748779297
2004-08-30,40.75569152832031,74.09698486328125
2004-08-31,40.69184875488281,74.48582458496094
2004-09-01,41.40924072265625,74.62664031982422
2004-09-02,42.137874603271484,75.47128295898438
2004-09-03,41.6721305847168,75.1628646850586
2004-09-07,42.1979866027832,75.6590347290039
2004-09-08,41.97261047363281,75.47128295898438
2004-09-09,42.3219108581543,75.40425872802734
2004-09-10,42.7125358581543,75.79303741455078
2004-09-13,42.94164276123047,76.04112243652344
2004-09-14,42.85525131225586,76.19529724121094
2004-09-15,42.596107482910156,75.6187973022461
2004-09-16,43.054317474365234,75.8467025756836
2004-09-17,42.97920227050781,76.16914367675781
2004-09-20,42.787662506103516,75.71141815185547
2004-09-21,43.11066818237305,76.041259765625
2004-09-22,42.38199234008789,75.09210205078125
2004-09-23,42.34070587158203,74.68817901611328
2004-09-24,42.417869567871094,75.03150939941406
2004-09-27,41.96611404418945,74.55351257324219
2004-09-28,42.466796875,74.9103012084961
2004-09-29,42.862125396728516,75.28733825683594
2004-09-30,42.862125396728516,75.2334213256836
2004-10-01,43.942604064941406,76.50572967529297
2004-10-04,44.19108581542969,76.63361358642578
2004-10-05,44.14967346191406,76.67403411865234
2004-10-06,44.4358024597168,77.19908142089844
2004-10-07,43.69414138793945,76.37113189697266
2004-10-08,43.14448547363281,75.73833465576172
2004-10-11,43.34778594970703,76.04798889160156
2004-10-12,43.246124267578125,75.75181579589844
2004-10-13,42.61739730834961,75.08534240722656
2004-10-14,42.33882522583008,74.47949981689453
2004-10-15,42.775535583496094,74.89685821533203
2004-10-18,42.956214904785156,75.17961883544922
2004-10-19,42.511993408203125,74.54683685302734
2004-10-20,42.7341194152832,74.39873504638672
2004-10-21,43.27623748779297,74.88338470458984
2004-10-22,42.538333892822266,74.04191589355469
2004-10-25,42.9938850402832,73.95442199707031
2004-10-26,43.5586051940918,75.08534240722656
2004-10-27,43.984046936035156,75.9874038696289
2004-10-28,43.82212448120117,76.21627044677734
2004-10-29,43.743064880371094,76.20279693603516
2004-11-01,44.08943176269531,76.41150665283203
2004-11-02,43.9162483215332,76.43843078613281
2004-11-03,44.62403106689453,77.40103912353516
2004-11-04,45.169944763183594,78.45792388916016
2004-11-05,45.373233795166016,78.94934844970703
2004-11-08,45.215110778808594,78.83489990234375
2004-11-09,45.377010345458984,78.68006134033203
2004-11-10,45.70453643798828,78.74065399169922
2004-11-11,46.15630340576172,79.33977508544922
2004-11-12,46.62690734863281,79.96583557128906
2004-11-15,46.890445709228516,80.16230010986328
2004-11-16,46.476318359375,79.58842468261719
2004-11-17,46.724788665771484,80.06104278564453
2004-11-18,46.653263092041016,80.16905212402344
2004-11-19,46.15630340576172,79.27782440185547
2004-11-22,46.64573669433594,79.65593719482422
2004-11-23,46.935630798339844,79.77745819091797
2004-11-24,47.21797180175781,79.96648406982422
2004-11-26,47.24808883666992,79.90571594238281
2004-11-29,47.41752243041992,79.54113006591797
2004-11-30,47.76763916015625,79.59516143798828
2004-12-01,48.211883544921875,80.49991607666016
2004-12-02,48.14411544799805,80.5673828125
2004-12-03,48.05376434326172,80.51338195800781
2004-12-06,47.827880859375,80.48638916015625
2004-12-07,46.98834228515625,79.73696899414062
2004-12-08,47.511634826660156,80.20281219482422
2004-12-09,47.15021514892578,80.48638916015625
2004-12-10,47.511634826660156,80.5673828125
2004-12-13,48.03118896484375,81.26958465576172
2004-12-14,48.290950775146484,81.55315399169922
2004-12-15,48.69377899169922,81.6138916015625
2004-12-16,48.31352233886719,81.56664276123047
2004-12-17,48.11777877807617,81.02259063720703
2004-12-20,48.0612907409668,81.0429458618164
2004-12-21,48.56953430175781,81.66705322265625
2004-12-22,48.66364288330078,81.86373138427734
2004-12-23,48.788658142089844,81.9248046875
2004-12-27,48.475196838378906,81.75521087646484
2004-12-28,49.11723709106445,82.20293426513672
2004-12-29,49.11347961425781,82.32502746582031
2004-12-30,48.93974685668945,82.16903686523438
2004-12-31,48.909523010253906,81.99263763427734
2005-01-03,48.2750244140625,81.60601043701172
2005-01-04,47.24017333984375,80.60881805419922
2005-01-05,46.29597854614258,80.05257415771484
2005-01-06,46.54146957397461,80.4595718383789
2005-01-07,46.02406692504883,80.34423065185547
2005-01-10,46.492374420166016,80.72410583496094
2005-01-11,45.92585754394531,80.16789245605469
2005-01-12,46.11469650268555,80.43243408203125
2005-01-13,45.97495651245117,79.78799438476562
2005-01-14,46.41307067871094,80.20860290527344
2005-01-18,46.9644660949707,81.0429458618164
2005-01-19,46.292198181152344,80.19499206542969
2005-01-20,46.01651382446289,79.70658874511719
2005-01-21,45.91075134277344,79.21822357177734
2005-01-24,45.55950164794922,79.06214904785156
2005-01-25,45.67660140991211,79.2860107421875
2005-01-26,46.2846565246582,79.5234603881836
2005-01-27,46.41682815551758,79.65909576416016
2005-01-28,46.37909698486328,79.65909576416016
2005-01-31,46.922935485839844,80.15431213378906
2005-02-01,47.187320709228516,80.6630859375
2005-02-02,47.546104431152344,80.90730285644531
2005-02-03,47.28548812866211,80.69698333740234
2005-02-04,47.88223648071289,81.55850219726562
2005-02-07,47.87092208862305,81.44998931884766
2005-02-08,47.98799133300781,81.54495239257812
2005-02-09,46.9644660949707,80.93440246582031
2005-02-10,47.04756164550781,81.22611999511719
2005-02-11,47.81425857543945,81.9248046875
2005-02-14,47.7727165222168,81.86373138427734
2005-02-15,47.81425857543945,82.16903686523438
2005-02-16,47.95777130126953,82.22329711914062
2005-02-17,47.53477096557617,81.55850219726562
2005-02-18,47.41768264770508,81.66705322265625
2005-02-22,46.492374420166016,80.4527816772461
2005-02-23,46.76808166503906,81.02936553955078
2005-02-24,47.2061882019043,81.56527709960938
2005-02-25,47.99174499511719,82.37255859375
2005-02-28,47.693416595458984,81.8298568725586
2005-03-01,48.05974197387695,82.2368392944336
2005-03-02,47.97288131713867,82.1961669921875
2005-03-03,48.014434814453125,82.23009490966797
2005-03-04,48.603599548339844,83.25438690185547
2005-03-07,48.48274230957031,83.29508972167969
2005-03-08,48.02198028564453,82.98306274414062
2005-03-09,47.47812271118164,82.06047821044922
2005-03-10,47.2741584777832,82.24362182617188
2005-03-11,47.24017333984375,81.66705322265625
2005-03-14,47.5952033996582,82.17581939697266
2005-03-15,47.2741584777832,81.4974594116211
2005-03-16,47.009788513183594,80.8055191040039
2005-03-17,47.009788513183594,80.9683609008789
2005-03-18,46.75676345825195,80.72794342041016
2005-03-21,46.81340408325195,80.42830657958984
2005-03-22,46.492374420166016,79.6110610961914
2005-03-23,46.1524658203125,79.67916107177734
2005-03-24,46.322425842285156,79.77452850341797
2005-03-28,46.341400146484375,79.8902816772461
2005-03-29,45.67746353149414,79.35912322998047
2005-03-30,46.34897994995117,80.48277282714844
2005-03-31,46.341400146484375,80.33293914794922
2005-04-01,46.147911071777344,79.97200775146484
2005-04-04,46.318634033203125,80.10820770263672
2005-04-05,46.40210723876953,80.48959350585938
2005-04-06,46.54625701904297,80.768798828125
2005-04-07,46.72836685180664,81.20466613769531
2005-04-08,46.01891326904297,80.36016082763672
2005-04-11,45.791282653808594,80.42145538330078
2005-04-12,46.21999740600586,80.83688354492188
2005-04-13,45.3929443359375,79.88346862792969
2005-04-14,44.482421875,78.84147644042969
2005-04-15,43.87163543701172,77.73823547363281
2005-04-18,44.15236282348633,77.97662353515625
2005-04-19,44.880794525146484,78.5963363647461
2005-04-20,44.17892837524414,77.49991607666016
2005-04-21,45.26016616821289,79.00495910644531
2005-04-22,44.5279541015625,78.7052993774414
2005-04-25,44.93767547607422,79.22290802001953
2005-04-26,44.30413055419922,78.45333099365234
2005-04-27,44.28516387939453,78.75977325439453
2005-04-28,43.15459060668945,77.77230834960938
2005-04-29,43.719879150390625,78.82789611816406
2005-05-02,44.167545318603516,79.27054595947266
2005-05-03,44.387577056884766,79.40676879882812
2005-05-04,44.880794525146484,80.01966094970703
2005-05-05,44.87317657470703,79.99242401123047
2005-05-06,45.03253173828125,79.74044036865234
2005-05-09,45.465023040771484,80.23759460449219
2005-05-10,44.92251205444336,79.40676879882812
2005-05-11,44.94526290893555,79.8426284790039
2005-05-12,44.23582077026367,78.96405029296875
2005-05-13,44.076480865478516,78.80746459960938
2005-05-16,44.755584716796875,79.54297637939453
2005-05-17,45.021148681640625,80.07417297363281
2005-05-18,45.924072265625,80.898193359375
2005-05-19,46.03790283203125,81.23870849609375
2005-05-20,45.98098373413086,81.12291717529297
2005-05-23,46.28450012207031,81.57238006591797
2005-05-24,46.09479522705078,81.38172149658203
2005-05-25,45.74953842163086,81.3204116821289
2005-05-26,46.38692855834961,81.75627136230469
2005-05-27,46.644901275634766,81.89244842529297
2005-05-31,46.54625701904297,81.36807250976562
2005-06-01,47.0736083984375,82.06271362304688
2005-06-02,47.202579498291016,82.23979949951172
2005-06-03,46.85736083984375,81.82440185546875
2005-06-06,47.0318717956543,81.74944305419922
2005-06-07,47.12672424316406,81.810791015625
2005-06-08,46.826988220214844,81.6609115600586
2005-06-09,47.28605270385742,82.04910278320312
2005-06-10,47.38468933105469,81.85843658447266
2005-06-13,47.597145080566406,82.11721801757812
2005-06-14,48.006874084472656,82.30786895751953
2005-06-15,48.135868072509766,82.46451568603516
2005-06-16,48.60631561279297,82.6756591796875
2005-06-17,48.57596206665039,82.9819564819336
2005-06-20,48.42840576171875,83.0093002319336
2005-06-21,48.565303802490234,83.05721282958984
2005-06-22,48.67938232421875,83.12556457519531
2005-06-23,47.820011138916016,81.95635223388672
2005-06-24,47.31047439575195,81.35465240478516
2005-06-27,47.43216323852539,81.47085571289062
2005-06-28,48.16985321044922,82.15463256835938
2005-06-29,48.55010223388672,81.93579864501953
2005-06-30,48.44363021850586,81.49136352539062
2005-07-01,48.65656661987305,81.73069763183594
2005-07-05,49.42469024658203,82.38709259033203
2005-07-06,48.975982666015625,81.69650268554688
2005-07-07,49.11285400390625,82.01787567138672
2005-07-08,50.16996383666992,82.95464324951172
2005-07-11,50.78595733642578,83.37859344482422
2005-07-12,50.626243591308594,83.59735107421875
2005-07-13,50.51216125488281,83.71357727050781
2005-07-14,50.14712142944336,84.04180908203125
2005-07-15,50.19275665283203,83.99393463134766
2005-07-18,49.90379333496094,83.65886688232422
2005-07-19,50.60343933105469,84.1170425415039
2005-07-20,51.219444274902344,84.40423583984375
2005-07-21,50.420902252197266,83.91190338134766
2005-07-22,51.196617126464844,84.47260284423828
2005-07-25,50.86201095581055,84.23328399658203
2005-07-26,51.01408004760742,84.33582305908203
2005-07-27,51.15861129760742,84.64353942871094
2005-07-28,51.68332290649414,85.1768798828125
2005-07-29,51.6301155090332,84.60934448242188
2005-08-01,51.60729217529297,84.54781341552734
2005-08-02,51.995140075683594,85.05380249023438
2005-08-03,51.736572265625,85.2794418334961
2005-08-04,50.86962127685547,84.59567260742188
2005-08-05,50.16996383666992,84.02127838134766
2005-08-08,49.99504852294922,83.86402130126953
2005-08-09,50.0710563659668,84.3700180053711
2005-08-10,50.00263977050781,84.32902526855469
2005-08-11,50.436126708984375,84.6640853881836
2005-08-12,49.82773208618164,84.14439392089844
2005-08-15,50.36006164550781,84.6640853881836
2005-08-16,49.47789001464844,83.56317138671875
2005-08-17,49.417057037353516,83.55634307861328
2005-08-18,49.25735092163086,83.54949188232422
2005-08-19,49.51591873168945,83.74098205566406
2005-08-22,49.797306060791016,83.74098205566406
2005-08-23,49.789703369140625,83.58367156982422
2005-08-24,49.59197998046875,82.83834838867188
2005-08-25,49.865760803222656,83.13919830322266
2005-08-26,49.052032470703125,82.57170104980469
2005-08-29,49.71365737915039,83.20765686035156
2005-08-30,49.493125915527344,82.7700424194336
2005-08-31,50.59584426879883,83.81614685058594
2005-09-01,50.59584426879883,83.75460815429688
2005-09-02,50.32205581665039,83.60418701171875
2005-09-06,51.07493591308594,84.58198547363281
2005-09-07,51.2270393371582,84.72560119628906
2005-09-08,50.93806076049805,84.44523620605469
2005-09-09,51.24986267089844,85.19738006591797
2005-09-12,51.478023529052734,85.02645874023438
2005-09-13,51.08254623413086,84.5546646118164
2005-09-14,50.49696731567383,84.24697875976562
2005-09-15,50.32205581665039,84.20591735839844
2005-09-16,50.90763854980469,84.80469512939453
2005-09-19,50.66426467895508,84.52315521240234
2005-09-20,49.93419647216797,83.80905151367188
2005-09-21,49.12807083129883,83.02619934082031
2005-09-22,49.37904739379883,83.32149505615234
2005-09-23,49.72077178955078,83.39016723632812
2005-09-26,50.05644989013672,83.48628234863281
2005-09-27,49.88859939575195,83.4656982421875
2005-09-28,49.8199348449707,83.54806518554688
2005-09-29,50.36917495727539,84.22789764404297
2005-09-30,50.643802642822266,84.48883056640625
2005-10-03,50.948917388916016,84.18672180175781
2005-10-04,50.17845916748047,83.23905181884766
2005-10-05,48.89692306518555,82.1472396850586
2005-10-06,48.462120056152344,81.85197448730469
2005-10-07,48.89692306518555,82.1335220336914
2005-10-10,48.347694396972656,81.43995666503906
2005-10-11,47.67642593383789,81.32323455810547
2005-10-12,47.005126953125,80.68460845947266
2005-10-13,47.195823669433594,80.63658142089844
2005-10-14,47.98917007446289,81.4880599975586
2005-10-17,48.07307052612305,81.79020690917969
2005-10-18,47.42469024658203,80.90437316894531
2005-10-19,48.446868896484375,82.2502670288086
2005-10-20,47.54673767089844,80.80135345458984
2005-10-21,48.07307052612305,81.11723327636719
2005-10-24,49.12579345703125,82.3738784790039
2005-10-25,48.706233978271484,82.20905303955078
2005-10-26,48.45448684692383,81.96874237060547
2005-10-27,47.439937591552734,81.09663391113281
2005-10-28,48.10358810424805,82.26399230957031
2005-10-31,48.65283203125,82.49060821533203
2005-11-01,48.89692306518555,82.73782348632812
2005-11-02,49.88097381591797,83.60301971435547
2005-11-03,50.05644989013672,83.96006774902344
2005-11-04,49.949623107910156,83.85021209716797
2005-11-07,50.132713317871094,83.93263244628906
2005-11-08,49.949623107910156,83.93263244628906
2005-11-09,50.1174430847168,84.04248046875
2005-11-10,50.3844108581543,84.69483184814453
2005-11-11,50.67431640625,84.98326110839844
2005-11-14,50.49124526977539,84.93515014648438
2005-11-15,49.758949279785156,84.6261978149414
2005-11-16,49.77417755126953,84.7978286743164
2005-11-17,50.63616943359375,85.58753967285156
2005-11-18,51.02521514892578,85.92396545410156
2005-11-21,51.54391860961914,86.35658264160156
2005-11-22,51.81855392456055,86.72740936279297
2005-11-23,51.87956619262695,87.22868347167969
2005-11-25,51.841407775878906,87.2973403930664
2005-11-28,51.15488815307617,86.67932891845703
2005-11-29,51.23115921020508,86.58321380615234
2005-11-30,51.4523811340332,86.11624908447266
2005-12-01,52.29149627685547,86.99522399902344
2005-12-02,52.4974479675293,87.10507202148438
2005-12-05,52.123661041259766,86.919677734375
2005-12-06,52.28387451171875,87.0844497680664
2005-12-07,51.963478088378906,86.57634735107422
2005-12-08,52.10078811645508,86.5213851928711
2005-12-09,52.36016082763672,86.74799346923828
2005-12-12,52.52032470703125,86.83037567138672
2005-12-13,52.52796936035156,87.42094421386719
2005-12-14,52.4669303894043,87.76427459716797
2005-12-15,51.93297576904297,87.51022338867188
2005-12-16,51.7498779296875,87.22857666015625
2005-12-19,51.10911560058594,86.77986907958984
2005-12-20,51.093868255615234,86.8626937866211
2005-12-21,51.71175003051758,87.0007553100586
2005-12-22,52.04945755004883,87.45638275146484
2005-12-23,52.171974182128906,87.50468444824219
2005-12-27,51.39089584350586,86.61416625976562
2005-12-28,51.69719314575195,86.80747985839844
2005-12-29,51.421512603759766,86.42091369628906
2005-12-30,51.09223556518555,85.95147705078125
2006-01-03,52.110721588134766,87.46324920654297
2006-01-04,52.394046783447266,87.87744903564453
2006-01-05,52.67738342285156,87.93265533447266
2006-01-06,53.30533981323242,88.6644058227539
2006-01-09,53.657562255859375,88.89220428466797
2006-01-10,54.1400032043457,88.98194122314453
2006-01-11,54.048126220703125,89.26504516601562
2006-01-12,53.85664367675781,88.91294860839844
2006-01-13,53.879642486572266,88.83012390136719
2006-01-17,53.62693786621094,88.58849334716797
2006-01-18,53.51207733154297,88.23644256591797
2006-01-19,54.36973190307617,88.57467651367188
2006-01-20,53.74947738647461,86.9593505859375
2006-01-23,53.91794204711914,87.26997375488281
2006-01-24,54.52287673950195,87.3597412109375
2006-01-25,54.660728454589844,87.4356689453125
2006-01-26,55.44951248168945,87.91885375976562
2006-01-27,55.72515106201172,88.73342895507812
2006-01-30,55.5643424987793,88.6644058227539
2006-01-31,55.40352249145508,88.01554107666016
2006-02-01,55.977840423583984,88.62992858886719
2006-02-02,55.135494232177734,87.6013412475586
2006-02-03,54.96702194213867,87.16641998291016
2006-02-06,55.45710372924805,87.39423370361328
2006-02-07,54.56118392944336,86.62109375
2006-02-08,54.905784606933594,87.40802764892578
2006-02-09,54.62245559692383,87.2630844116211
2006-02-10,54.50756072998047,87.4218521118164
2006-02-13,54.147647857666016,87.2630844116211
2006-02-14,54.77558517456055,88.18810272216797
2006-02-15,55.258052825927734,88.4987564086914
2006-02-16,55.74812316894531,89.16145324707031
2006-02-17,55.63323974609375,88.91986083984375
2006-02-21,55.38822555541992,88.69890594482422
2006-02-22,55.76345443725586,89.23738861083984
2006-02-23,55.72515106201172,89.10621643066406
2006-02-24,56.169315338134766,89.33406829833984
2006-02-27,56.32245635986328,89.36853790283203
2006-02-28,55.579647064208984,88.5194320678711
2006-03-01,56.5904541015625,89.30642700195312
2006-03-02,56.35306930541992,89.29951477050781
2006-03-03,56.06975555419922,88.88532257080078
2006-03-06,55.63323974609375,88.47801971435547
2006-03-07,54.829193115234375,88.3399658203125
2006-03-08,55.020591735839844,88.52633666992188
2006-03-09,54.53822708129883,87.93265533447266
2006-03-10,55.38054275512695,88.76795959472656
2006-03-13,55.49542236328125,88.93366241455078
2006-03-14,56.1080207824707,89.86557006835938
2006-03-15,56.621070861816406,90.26594543457031
2006-03-16,56.49091339111328,90.45235443115234
2006-03-17,56.720645904541016,90.52789306640625
2006-03-20,56.69001770019531,90.38233947753906
2006-03-21,55.90129852294922,89.81402587890625
2006-03-22,56.76658248901367,90.36155700683594
2006-03-23,57.01164627075195,90.17440795898438
2006-03-24,57.486759185791016,90.2437515258789
2006-03-27,57.494407653808594,90.11206817626953
2006-03-28,57.1950798034668,89.55760192871094
2006-03-29,58.25423812866211,90.11897277832031
2006-03-30,58.10074996948242,89.95955657958984
2006-03-31,58.30799102783203,89.9803466796875
2006-04-03,57.824432373046875,89.9110336303711
2006-04-04,58.08537673950195,90.4863052368164
2006-04-05,58.384700775146484,90.79813385009766
2006-04-06,58.50754165649414,90.70115661621094
2006-04-07,57.5711669921875,89.77938842773438
2006-04-10,57.509765625,89.91798400878906
2006-04-11,56.48897171020508,89.15562438964844
2006-04-12,57.07996368408203,89.32196044921875
2006-04-13,57.22579574584961,89.20414733886719
2006-04-17,57.264156341552734,89.16949462890625
2006-04-18,58.868255615234375,90.58332824707031
2006-04-19,59.29804611206055,90.75659942626953
2006-04-20,58.983375549316406,90.8813705444336
2006-04-21,58.8529167175293,90.89522552490234
2006-04-24,58.384700775146484,90.72886657714844
2006-04-25,58.42310333251953,90.3546371459961
2006-04-26,58.37705993652344,90.37540435791016
2006-04-27,57.89352798461914,90.81204223632812
2006-04-28,58.4845085144043,91.11699676513672
2006-05-01,57.763031005859375,90.37540435791016
2006-05-02,58.5535888671875,91.05457305908203
2006-05-03,58.45384216308594,90.7149887084961
2006-05-04,59.16757583618164,91.04075622558594
2006-05-05,59.497596740722656,91.84471130371094
2006-05-08,59.58205032348633,91.73382568359375
2006-05-09,59.497596740722656,91.91400146484375
2006-05-10,59.13687515258789,91.86547088623047
2006-05-11,57.80141830444336,90.75659942626953
2006-05-12,56.412193298339844,89.57146453857422
2006-05-15,56.1589469909668,89.75166320800781
2006-05-16,56.251014709472656,89.61998748779297
2006-05-17,55.22257614135742,87.9150619506836
2006-05-18,54.700660705566406,87.47146606445312
2006-05-19,55.1841926574707,88.08831787109375
2006-05-22,54.57017135620117,87.416015625
2006-05-23,53.86407470703125,86.75071716308594
2006-05-24,54.27851867675781,87.4437484741211
2006-05-25,55.42213439941406,88.5249252319336
2006-05-26,55.752159118652344,88.97543334960938
2006-05-30,54.21712875366211,87.39523315429688
2006-05-31,55.161170959472656,88.3724594116211
2006-06-01,56.23566818237305,89.21800231933594
2006-06-02,56.19734191894531,89.40514373779297
2006-06-05,54.5625114440918,88.10218048095703
2006-06-06,54.332275390625,87.88733673095703
2006-06-07,53.80268859863281,87.22889709472656
2006-06-08,53.848751068115234,87.15266418457031
2006-06-09,53.372859954833984,86.87545013427734
2006-06-12,52.14483642578125,85.93286895751953
2006-06-13,51.154754638671875,84.93488311767578
2006-06-14,51.76875305175781,85.5932846069336
2006-06-15,53.54173278808594,87.40911865234375
2006-06-16,52.843265533447266,86.77214050292969
2006-06-19,51.8071174621582,86.08992767333984
2006-06-20,51.74573516845703,86.38233184814453
2006-06-21,52.651405334472656,87.02274322509766
2006-06-22,52.45537567138672,86.639892578125
2006-06-23,52.77054977416992,86.62594604492188
2006-06-26,53.42393112182617,87.00885009765625
2006-06-27,52.50150680541992,86.25704193115234
2006-06-28,52.73210906982422,86.84175872802734
2006-06-29,54.769142150878906,88.59598541259766
2006-06-30,55.138092041015625,88.60296630859375
2006-07-03,55.82993698120117,88.96495819091797
2006-07-05,55.01512908935547,88.45674896240234
2006-07-06,54.99973678588867,88.71435546875
2006-07-07,54.18494415283203,88.13655853271484
2006-07-10,54.192626953125,88.30364990234375
2006-07-11,54.669219970703125,88.69343566894531
2006-07-12,53.53922653198242,87.74668884277344
2006-07-13,52.32470703125,86.31967163085938
2006-07-14,51.90961456298828,85.98554229736328
2006-07-17,51.84043502807617,85.86022186279297
2006-07-18,52.194034576416016,86.29881286621094
2006-07-19,53.42393112182617,87.49610137939453
2006-07-20,52.0556526184082,86.89744567871094
2006-07-21,51.31004333496094,86.28482055664062
2006-07-24,52.94735336303711,87.85809326171875
2006-07-25,53.078033447265625,88.17140197753906
2006-07-26,52.96270751953125,88.28971099853516
2006-07-27,52.45537567138672,88.20616912841797
2006-07-28,53.55461883544922,89.09022521972656
2006-07-31,53.56227111816406,88.9997329711914
2006-08-01,52.72443389892578,88.5611801147461
2006-08-02,53.42393112182617,89.15988159179688
2006-08-03,54.06964111328125,89.39656066894531
2006-08-04,53.516170501708984,89.24339294433594
2006-08-07,53.30864715576172,89.03456115722656
2006-08-08,52.57068634033203,88.69343566894531
2006-08-09,52.04029846191406,88.39412689208984
2006-08-10,52.50150680541992,88.6656265258789
2006-08-11,51.96342849731445,88.41500091552734
2006-08-14,52.270904541015625,88.48464965820312
2006-08-15,53.362449645996094,89.54270935058594
2006-08-16,54.1311149597168,90.28759002685547
2006-08-17,54.21569061279297,90.51730346679688
2006-08-18,54.53085708618164,90.97677612304688
2006-08-21,53.946659088134766,90.58692169189453
2006-08-22,54.12346649169922,90.57994842529297
2006-08-23,53.500831604003906,90.32936096191406
2006-08-24,53.408546447753906,90.25276184082031
2006-08-25,53.500831604003906,90.36417388916016
2006-08-28,54.06964111328125,90.79576873779297
2006-08-29,54.769142150878906,90.90017700195312
2006-08-30,55.19194793701172,90.95590209960938
2006-08-31,55.168853759765625,90.94195556640625
2006-09-01,55.207279205322266,91.48491668701172
2006-09-05,55.70693588256836,91.65894317626953
2006-09-06,54.52315902709961,90.8514404296875
2006-09-07,54.038909912109375,90.43378448486328
2006-09-08,54.24643325805664,90.69136047363281
2006-09-11,54.177249908447266,90.78182983398438
2006-09-12,55.45326232910156,91.6728744506836
2006-09-13,55.922183990478516,92.04182434082031
2006-09-14,55.72230911254883,92.0488052368164
2006-09-15,55.85298156738281,92.26483917236328
2006-09-18,55.837623596191406,92.3906478881836
2006-09-19,55.591636657714844,92.15994262695312
2006-09-20,56.337257385253906,92.64939880371094
2006-09-21,55.730018615722656,92.201904296875
2006-09-22,54.99207305908203,91.92222595214844
2006-09-25,55.645450592041016,92.6283950805664
2006-09-26,55.82358932495117,93.39751434326172
2006-09-27,56.2322883605957,93.50938415527344
2006-09-28,56.0086669921875,93.47443389892578
2006-09-29,55.52281188964844,93.39751434326172
2006-10-02,54.99843215942383,93.04793548583984
2006-10-03,54.92133331298828,93.24369812011719
2006-10-04,56.25544738769531,94.3344497680664
2006-10-05,56.97258377075195,94.51624298095703
2006-10-06,56.6795539855957,94.39735412597656
2006-10-09,57.11141586303711,94.45327758789062
2006-10-10,57.14225387573242,94.57913970947266
2006-10-11,56.91859817504883,94.46725463867188
2006-10-12,58.067626953125,95.28532409667969
2006-10-13,58.530296325683594,95.53003692626953
2006-10-16,58.8773307800293,95.6768798828125
2006-10-17,58.584320068359375,95.37622833251953
2006-10-18,58.59200668334961,95.50209045410156
2006-10-19,58.8773307800293,95.65591430664062
2006-10-20,58.29896545410156,95.6768798828125
2006-10-23,58.41463851928711,96.11737823486328
2006-10-24,58.530296325683594,96.40406036376953
2006-10-25,58.9158821105957,96.73265075683594
2006-10-26,59.40941619873047,97.03329467773438
2006-10-27,58.715423583984375,96.42498779296875
2006-10-30,58.9698600769043,96.35509490966797
2006-10-31,58.78481674194336,96.34110260009766
2006-11-01,57.51240158081055,95.69086456298828
2006-11-02,57.42759323120117,95.63493347167969
2006-11-03,57.70518493652344,95.46710205078125
2006-11-06,58.376102447509766,96.54390716552734
2006-11-07,58.76167678833008,96.91442108154297
2006-11-08,59.06239700317383,97.12418365478516
2006-11-09,58.52262878417969,96.6137924194336
2006-11-10,59.0084342956543,96.6557388305664
2006-11-13,59.0932731628418,96.89344787597656
2006-11-14,60.23457717895508,97.6206283569336
2006-11-15,60.689544677734375,97.90028381347656
2006-11-16,60.64324951171875,98.15201568603516
2006-11-17,60.604698181152344,98.17996215820312
2006-11-20,60.689544677734375,98.23588562011719
2006-11-21,60.78981018066406,98.33380126953125
2006-11-22,60.859195709228516,98.5295639038086
2006-11-24,60.58156967163086,98.13104248046875
2006-11-27,59.22438049316406,96.78157043457031
2006-11-28,59.424869537353516,97.20111083984375
2006-11-29,60.19601058959961,98.21493530273438
2006-11-30,60.20370864868164,98.25688171386719
2006-12-01,59.98009490966797,98.04014587402344
2006-12-04,61.16764450073242,98.78823852539062
2006-12-05,61.21392059326172,99.21479034423828
2006-12-06,61.005706787109375,99.13086700439453
2006-12-07,60.743526458740234,98.69740295410156
2006-12-08,60.7512321472168,98.87914276123047
2006-12-11,60.90548324584961,99.16583251953125
2006-12-12,60.57386016845703,99.08893585205078
2006-12-13,60.6510009765625,99.19379425048828
2006-12-14,60.89773941040039,100.06776428222656
2006-12-15,60.843780517578125,100.07688903808594
2006-12-18,60.08034133911133,99.8027114868164
2006-12-19,60.04179382324219,99.99251556396484
2006-12-20,60.389488220214844,99.93629455566406
2006-12-21,60.11071014404297,99.57072448730469
2006-12-22,59.71572494506836,98.958984375
2006-12-26,60.56759262084961,99.54257202148438
2006-12-27,61.287803649902344,100.1964340209961
2006-12-28,61.0090446472168,99.98552703857422
2006-12-29,60.42820739746094,99.57072448730469
2007-01-03,60.52890396118164,99.39488220214844
2007-01-04,60.691551208496094,99.6058349609375
2007-01-05,59.42148208618164,98.81138610839844
2007-01-08,59.189151763916016,99.26837158203125
2007-01-09,59.746734619140625,99.18401336669922
2007-01-10,60.21133041381836,99.51446533203125
2007-01-11,60.58308792114258,99.9503173828125
2007-01-12,61.1639289855957,100.70972442626953
2007-01-16,60.75347900390625,100.5128173828125
2007-01-17,60.49018096923828,100.55499267578125
2007-01-18,59.986793518066406,100.2175064086914
2007-01-19,60.21913146972656,100.41441345214844
2007-01-22,59.77772521972656,100.10504150390625
2007-01-23,60.343021392822266,100.40031433105469
2007-01-24,61.00127410888672,101.20887756347656
2007-01-25,60.2346076965332,100.02064514160156
2007-01-26,60.45919418334961,99.92929077148438
2007-01-29,60.985809326171875,99.87303161621094
2007-01-30,61.31879806518555,100.39332580566406
2007-01-31,61.450443267822266,101.06826782226562
2007-02-01,62.10874557495117,101.67288208007812
2007-02-02,62.14744567871094,101.81350708007812
2007-02-05,62.13971710205078,101.84162902832031
2007-02-06,62.29458236694336,101.86978912353516
2007-02-07,62.86766052246094,102.09477233886719
2007-02-08,62.76698303222656,101.96112060546875
2007-02-09,62.19388961791992,101.20185852050781
2007-02-12,62.023521423339844,100.8573226928711
2007-02-13,62.48043441772461,101.70808410644531
2007-02-14,62.573368072509766,102.37596130371094
2007-02-15,62.61983108520508,102.50959777832031
2007-02-16,62.85990524291992,102.46037292480469
2007-02-20,63.463966369628906,102.67831420898438
2007-02-21,63.580116271972656,102.63614654541016
2007-02-22,63.8046760559082,102.55877685546875
2007-02-23,63.463966369628906,102.15805053710938
2007-02-26,63.417484283447266,102.06664276123047
2007-02-27,60.443721771240234,98.0801773071289
2007-02-28,61.04777908325195,99.08550262451172
2007-03-01,60.730228424072266,98.7902603149414
2007-03-02,59.522159576416016,97.49658203125
2007-03-05,58.21337890625,96.56855773925781
2007-03-06,59.800926208496094,98.22076416015625
2007-03-07,59.60732650756836,98.1223373413086
2007-03-08,60.05649185180664,98.95198822021484
2007-03-09,60.54438781738281,98.98011779785156
2007-03-12,60.71473693847656,99.12773132324219
2007-03-13,59.158164978027344,97.20130157470703
2007-03-14,59.78543472290039,97.92552185058594
2007-03-15,60.2501106262207,98.05904388427734
2007-03-16,59.83965301513672,97.78447723388672
2007-03-19,60.58308792114258,98.96328735351562
2007-03-20,61.06324768066406,99.5068130493164
2007-03-21,62.162925720214844,101.14441680908203
2007-03-22,62.162925720214844,101.0667724609375
2007-03-23,62.259159088134766,101.21497344970703
2007-03-26,62.12726593017578,101.08087921142578
2007-03-27,61.84014892578125,100.84088897705078
2007-03-28,61.41339874267578,100.10681915283203
2007-03-29,61.49100875854492,100.21270751953125
2007-03-30,61.64617156982422,100.23382568359375
2007-04-02,61.801361083984375,100.34674072265625
2007-04-03,62.460880279541016,101.42677307128906
2007-04-04,62.453102111816406,101.5396957397461
2007-04-05,62.41434097290039,101.81504821777344
2007-04-09,62.49968719482422,101.95616149902344
2007-04-10,62.693641662597656,102.07614135742188
2007-04-11,62.30574417114258,101.65972900390625
2007-04-12,62.72469711303711,102.11146545410156
2007-04-13,63.128143310546875,102.57733917236328
2007-04-16,63.9971809387207,103.55145263671875
2007-04-17,63.803226470947266,103.82674407958984
2007-04-18,63.430789947509766,103.95380401611328
2007-04-19,63.128143310546875,103.92554473876953
2007-04-20,63.86528015136719,104.90672302246094
2007-04-23,63.795440673828125,104.51145935058594
2007-04-24,63.76441192626953,104.55377197265625
2007-04-25,63.942867279052734,105.51380920410156
2007-04-26,64.2997817993164,105.63375854492188
2007-04-27,64.0281982421875,105.549072265625
2007-04-30,62.64706039428711,104.67377471923828
2007-05-01,62.903106689453125,104.9420166015625
2007-05-02,63.74115753173828,105.55612182617188
2007-05-03,63.85750961303711,106.12789916992188
2007-05-04,64.26099395751953,106.53022766113281
2007-05-07,64.07479095458984,106.5513687133789
2007-05-08,63.849754333496094,106.41020965576172
2007-05-09,64.10581970214844,106.69966888427734
2007-05-10,63.31441116333008,105.58439636230469
2007-05-11,63.88853454589844,106.48787689208984
2007-05-14,63.32987976074219,106.25496673583984
2007-05-15,62.82553482055664,106.28316497802734
2007-05-16,63.166969299316406,107.01018524169922
2007-05-17,62.67812728881836,106.79847717285156
2007-05-18,63.415279388427734,107.73020935058594
2007-05-21,64.21446990966797,107.67374420166016
2007-05-22,64.61013793945312,107.58903503417969
2007-05-23,64.439453125,107.60314178466797
2007-05-24,63.593692779541016,106.62907409667969
2007-05-25,64.00494384765625,107.07373809814453
2007-05-29,64.5946273803711,107.46198272705078
2007-05-30,65.02913665771484,108.33721923828125
2007-05-31,65.38606262207031,108.22428131103516
2007-06-01,65.71968078613281,108.7607421875
2007-06-04,65.78953552246094,108.77494049072266
2007-06-05,65.52574157714844,108.34429931640625
2007-06-06,64.79634857177734,107.17964172363281
2007-06-07,63.45400619506836,105.24551391601562
2007-06-08,64.28424835205078,106.61487579345703
2007-06-11,64.2997817993164,106.79847717285156
2007-06-12,63.23677444458008,105.63375854492188
2007-06-13,64.08252716064453,107.21498107910156
2007-06-14,64.6644515991211,107.89961242675781
2007-06-15,65.43260192871094,108.5135726928711
2007-06-18,65.30848693847656,108.38595581054688
2007-06-19,65.4791488647461,108.65531158447266
2007-06-20,64.34632110595703,107.14529418945312
2007-06-21,64.85063934326172,107.74082946777344
2007-06-22,64.33858489990234,106.72708892822266
2007-06-25,64.00494384765625,106.21666717529297
2007-06-26,63.531646728515625,105.1249008178711
2007-06-27,64.85844421386719,106.62073516845703
2007-06-28,64.8498764038086,106.60655212402344
2007-06-29,64.4456558227539,106.64200592041016
2007-07-02,65.2774887084961,107.60610961914062
2007-07-03,65.58845520019531,107.99604797363281
2007-07-05,65.69725799560547,107.88260650634766
2007-07-06,65.92266845703125,108.44978332519531
2007-07-09,65.86048889160156,108.53478240966797
2007-07-10,64.77994537353516,106.98934173583984
2007-07-11,65.16865539550781,107.7479019165039
2007-07-12,65.93824768066406,109.4493637084961
2007-07-13,66.00043487548828,109.77540588378906
2007-07-16,65.67396545410156,109.76124572753906
2007-07-17,65.72057342529297,109.70457458496094
2007-07-18,65.51065826416016,109.50597381591797
2007-07-19,65.69725799560547,109.93136596679688
2007-07-20,64.7177505493164,108.81835174560547
2007-07-23,64.47671508789062,109.15155792236328
2007-07-24,62.96860885620117,107.25877380371094
2007-07-25,62.73539352416992,107.478515625
2007-07-26,61.05622863769531,104.93350982666016
2007-07-27,59.571407318115234,102.87059020996094
2007-07-30,60.60533905029297,104.47980499267578
2007-07-31,59.936798095703125,103.30303955078125
2007-08-01,60.26325607299805,103.80633544921875
2007-08-02,60.737483978271484,104.63583374023438
2007-08-03,58.57634735107422,101.94190216064453
2007-08-06,59.10497283935547,103.65045928955078
2007-08-07,60.01449966430664,104.75630950927734
2007-08-08,61.81808853149414,106.21666717529297
2007-08-09,60.39545440673828,103.06905364990234
2007-08-10,60.683101654052734,102.58702087402344
2007-08-13,60.35655975341797,102.95563507080078
2007-08-14,59.32264709472656,101.38186645507812
2007-08-15,58.459739685058594,99.9853286743164
2007-08-16,59.75798416137695,100.73677062988281
2007-08-17,60.955177307128906,102.58702087402344
2007-08-20,61.00180435180664,102.53744506835938
2007-08-21,61.17283630371094,102.74296569824219
2007-08-22,61.903602600097656,103.9622573852539
2007-08-23,61.110626220703125,103.87012481689453
2007-08-24,61.903602600097656,105.15331268310547
2007-08-27,61.048431396484375,104.17498016357422
2007-08-28,59.509246826171875,101.88518524169922
2007-08-29,61.07177734375,103.88432312011719
2007-08-30,60.65976333618164,103.60785675048828
2007-08-31,61.211708068847656,104.62866973876953
2007-09-04,61.996849060058594,105.68497467041016
2007-09-05,61.42162322998047,104.77042388916016
2007-09-06,61.4371223449707,105.01152038574219
2007-09-07,60.426544189453125,103.5511474609375
2007-09-10,59.586944580078125,103.35265350341797
2007-09-11,60.628631591796875,104.55780029296875
2007-09-12,60.24774932861328,104.82722473144531
2007-09-13,60.39545440673828,105.56446838378906
2007-09-14,60.70640182495117,105.557373046875
2007-09-17,60.03785705566406,104.99024963378906
2007-09-18,62.59548568725586,108.08111572265625
2007-09-19,63.43503952026367,108.71914672851562
2007-09-20,62.80537414550781,107.95347595214844
2007-09-21,62.93751907348633,108.24481201171875
2007-09-24,62.455509185791016,108.04535675048828
2007-09-25,62.20226287841797,107.83174133300781
2007-09-26,62.74778747558594,108.4014892578125
2007-09-27,63.12181854248047,109.04259490966797
2007-09-28,62.37371826171875,108.67926025390625
2007-10-01,63.92444610595703,109.9044418334961
2007-10-02,64.33748626708984,109.75483703613281
2007-10-03,64.15827941894531,109.53404235839844
2007-10-04,64.25957489013672,109.7050552368164
2007-10-05,65.56094360351562,111.00851440429688
2007-10-08,65.07000732421875,110.41724395751953
2007-10-09,65.59992980957031,111.45720672607422
2007-10-10,65.5453872680664,111.27204132080078
2007-10-11,64.8050537109375,110.73782348632812
2007-10-12,65.31939697265625,111.35037994384766
2007-10-15,64.56349182128906,110.41017150878906
2007-10-16,63.82310104370117,109.53404235839844
2007-10-17,64.07256317138672,109.86883544921875
2007-10-18,63.91666793823242,109.4699478149414
2007-10-19,61.633384704589844,106.60660552978516
2007-10-22,62.93477249145508,107.22624206542969
2007-10-23,63.417945861816406,108.09521484375
2007-10-24,63.01271438598633,107.89579010009766
2007-10-25,62.85686111450195,108.15218353271484
2007-10-26,63.908870697021484,109.42008972167969
2007-10-29,63.83872604370117,109.7833480834961
2007-10-30,63.33222579956055,109.02116394042969
2007-10-31,64.1504898071289,110.15373992919922
2007-11-01,61.672332763671875,107.57528686523438
2007-11-02,61.976261138916016,107.69632720947266
2007-11-05,61.15801239013672,106.87727355957031
2007-11-06,62.311344146728516,108.31604766845703
2007-11-07,60.37872314453125,105.35299682617188
2007-11-08,60.557979583740234,104.8187255859375
2007-11-09,59.887786865234375,103.37995147705078
2007-11-12,59.3111572265625,102.35424041748047
2007-11-13,61.17362976074219,105.47406768798828
2007-11-14,60.82295608520508,105.1820297241211
2007-11-15,59.95793533325195,103.66483306884766
2007-11-16,59.451385498046875,103.84294891357422
2007-11-19,58.16558837890625,102.3969955444336
2007-11-20,58.50067138671875,103.02387237548828
2007-11-21,57.27720260620117,100.91545104980469
2007-11-23,58.49287414550781,102.66057586669922
2007-11-26,56.96549606323242,100.3955078125
2007-11-27,57.627864837646484,101.54939270019531
2007-11-28,59.90338134765625,104.79740142822266
2007-11-29,59.389068603515625,104.83297729492188
2007-11-30,59.7319221496582,105.88717651367188
2007-12-03,59.03053283691406,105.18916320800781
2007-12-04,58.40718460083008,104.24895477294922
2007-12-05,59.56829071044922,105.99398803710938
2007-12-06,60.97878646850586,107.51117706298828
2007-12-07,61.165802001953125,107.48982238769531
2007-12-10,61.64899444580078,108.32312774658203
2007-12-11,59.49812316894531,105.35299682617188
2007-12-12,59.9345817565918,106.39286804199219
2007-12-13,59.607242584228516,106.172119140625
2007-12-14,58.44611358642578,104.82584381103516
2007-12-17,57.5499382019043,103.33006286621094
2007-12-18,58.57857894897461,103.90707397460938
2007-12-19,58.99163055419922,103.90707397460938
2007-12-20,59.88002395629883,104.56231689453125
2007-12-21,61.25153350830078,106.06966400146484
2007-12-24,61.69574737548828,106.85733795166016
2007-12-26,61.98408126831055,107.0864486694336
2007-12-27,60.511722564697266,105.74026489257812
2007-12-28,59.86273193359375,105.47532653808594
2007-12-31,59.3466796875,104.69481658935547
2008-01-02,58.768062591552734,103.77825927734375
2008-01-03,58.11909103393555,103.72816467285156
2008-01-04,56.36764144897461,101.18612670898438
2008-01-07,56.49274444580078,101.10020446777344
2008-01-08,54.74909591674805,99.46758270263672
2008-01-09,55.30424880981445,100.51300811767578
2008-01-10,56.06269073486328,101.17179870605469
2008-01-11,54.90549087524414,100.35548400878906
2008-01-14,55.358970642089844,101.16465759277344
2008-01-15,54.34248733520508,98.93772888183594
2008-01-16,54.397239685058594,98.08560180664062
2008-01-17,53.0758171081543,95.54358673095703
2008-01-18,52.55972671508789,94.56260681152344
2008-01-22,52.18442916870117,93.60311126708984
2008-01-23,53.96717071533203,95.85152435302734
2008-01-24,53.928096771240234,96.66062927246094
2008-01-25,53.53713607788086,95.26435852050781
2008-01-28,54.670902252197266,96.83964538574219
2008-01-29,54.81162643432617,97.31941986083984
2008-01-30,54.12355041503906,96.6033706665039
2008-01-31,55.46844482421875,98.36485290527344
2008-02-01,56.77421188354492,99.94738006591797
2008-02-04,56.13304138183594,98.68710327148438
2008-02-05,54.6943473815918,96.04489135742188
2008-02-06,53.96717071533203,95.27149963378906
2008-02-07,54.819454193115234,95.90165710449219
2008-02-08,54.475399017333984,95.28580474853516
2008-02-11,54.49887466430664,95.77271270751953
2008-02-12,54.92893981933594,96.66062927246094
2008-02-13,56.17217254638672,97.64878845214844
2008-02-14,54.874202728271484,96.7895278930664
2008-02-15,54.63179016113281,96.76807403564453
2008-02-19,55.30424880981445,97.04019165039062
2008-02-20,55.33550262451172,97.32660675048828
2008-02-21,54.279930114746094,96.51744079589844
2008-02-22,54.279930114746094,97.11174011230469
2008-02-25,55.33550262451172,98.33625030517578
2008-02-26,55.8515625,99.0737533569336
2008-02-27,55.82810974121094,98.9735336303711
2008-02-28,54.98366165161133,98.00685119628906
2008-02-29,53.84206008911133,95.82286071777344
2008-03-03,53.326011657714844,95.59369659423828
2008-03-04,53.01322937011719,95.22854614257812
2008-03-05,53.521484375,95.83002471923828
2008-03-06,51.738746643066406,93.8465576171875
2008-03-07,51.574546813964844,92.87991333007812
2008-03-10,50.43294906616211,91.6553955078125
2008-03-11,52.622291564941406,94.94928741455078
2008-03-12,52.01239776611328,94.06134796142578
2008-03-13,53.05234909057617,94.26898956298828
2008-03-14,51.71528625488281,92.80823516845703
2008-03-17,50.870826721191406,91.8702163696289
2008-03-18,53.208717346191406,95.68682861328125
2008-03-19,51.87947463989258,93.31665802001953
2008-03-20,52.763065338134766,95.04513549804688
2008-03-24,54.81496810913086,96.94489288330078
2008-03-25,54.99513626098633,97.03844451904297
2008-03-26,54.54086685180664,95.85106658935547
2008-03-27,54.03961181640625,95.54882049560547
2008-03-28,53.40524673461914,94.63497161865234
2008-03-31,53.48355484008789,94.96600341796875
2008-04-01,55.44155502319336,98.304931640625
2008-04-02,55.57468032836914,98.36970520019531
2008-04-03,55.746978759765625,98.61434936523438
2008-04-04,55.7313117980957,98.50643157958984
2008-04-07,55.6373405456543,98.55681610107422
2008-04-08,55.5825080871582,98.45610046386719
2008-04-09,54.674007415771484,97.74364471435547
2008-04-10,55.25358963012695,97.88038635253906
2008-04-11,53.83599090576172,95.98062896728516
2008-04-14,53.67152786254883,95.65679168701172
2008-04-15,54.01614761352539,95.87992858886719
2008-04-16,55.762638092041016,98.47765350341797
2008-04-17,55.543357849121094,98.62157440185547
2008-04-18,56.13072204589844,99.6506118774414
2008-04-21,56.1385612487793,99.7009506225586
2008-04-22,55.112606048583984,99.26200866699219
2008-04-23,55.25358963012695,99.10369873046875
2008-04-24,55.786136627197266,99.53548431396484
2008-04-25,56.31085968017578,100.45655059814453
2008-04-28,56.6867790222168,100.47813415527344
2008-04-29,56.1855354309082,100.0823974609375
2008-04-30,55.91926956176758,99.4922866821289
2008-05-01,56.8825798034668,101.55037689208984
2008-05-02,56.81993865966797,101.83098602294922
2008-05-05,56.600643157958984,101.34169006347656
2008-05-06,57.062705993652344,102.21961212158203
2008-05-07,56.044578552246094,100.39893341064453
2008-05-08,56.16206359863281,100.1399154663086
2008-05-09,55.99757385253906,99.95281982421875
2008-05-12,57.22718048095703,101.07542419433594
2008-05-13,57.55614471435547,101.08983612060547
2008-05-14,57.485633850097656,101.2984848022461
2008-05-15,57.60311508178711,102.56499481201172
2008-05-16,57.91636657714844,102.65853881835938
2008-05-19,57.93205261230469,102.93921661376953
2008-05-20,57.7205924987793,102.10443115234375
2008-05-21,56.89824295043945,100.3774185180664
2008-05-22,57.30548858642578,100.39178466796875
2008-05-23,56.553646087646484,99.046142578125
2008-05-27,57.42296600341797,99.7801513671875
2008-05-28,57.68926239013672,100.24069213867188
2008-05-29,58.27667236328125,100.7444076538086
2008-05-30,58.480289459228516,100.99626922607422
2008-06-02,57.94770050048828,99.95281982421875
2008-06-03,57.83024215698242,99.36997985839844
2008-06-04,58.190486907958984,99.31961822509766
2008-06-05,59.67854690551758,101.30570983886719
2008-06-06,57.89289474487305,98.07466125488281
2008-06-09,57.704933166503906,98.31214141845703
2008-06-10,57.28203582763672,97.82278442382812
2008-06-11,56.287376403808594,96.38357543945312
2008-06-12,56.40485382080078,96.7506103515625
2008-06-13,57.42296600341797,97.97392272949219
2008-06-16,57.783260345458984,98.03147888183594
2008-06-17,57.73625183105469,97.55652618408203
2008-06-18,57.2741584777832,96.60667419433594
2008-06-19,57.75190734863281,96.72901916503906
2008-06-20,56.83562088012695,95.1589584350586
2008-06-23,56.30302810668945,95.0649185180664
2008-06-24,55.37102127075195,94.87691497802734
2008-06-25,55.99757385253906,95.32525634765625
2008-06-26,54.5565299987793,92.73623657226562
2008-06-27,54.61134719848633,92.22998046875
2008-06-30,54.07880401611328,92.5554428100586
2008-07-01,54.11793899536133,92.8447036743164
2008-07-02,52.58269500732422,91.253662109375
2008-07-03,52.29969787597656,91.34764862060547
2008-07-07,51.639373779296875,90.41473388671875
2008-07-08,53.51028823852539,92.02025604248047
2008-07-09,52.07958984375,90.24842834472656
2008-07-10,52.590553283691406,90.61722564697266
2008-07-11,52.881404876708984,89.56135559082031
2008-07-14,52.00883865356445,88.75138854980469
2008-07-15,51.7886962890625,87.50021362304688
2008-07-16,53.691123962402344,89.64813232421875
2008-07-17,53.769710540771484,90.54490661621094
2008-07-18,54.14702606201172,91.10901641845703
2008-07-21,54.80736541748047,91.15962982177734
2008-07-22,56.183040618896484,92.19381713867188
2008-07-23,56.54467010498047,92.69281005859375
2008-07-24,55.11394500732422,90.76909637451172
2008-07-25,55.5620231628418,90.74742889404297
2008-07-28,54.61867904663086,89.41673278808594
2008-07-29,55.95511245727539,91.32595825195312
2008-07-30,56.293121337890625,92.95320892333984
2008-07-31,56.06514358520508,91.7237548828125
2008-08-01,56.13589096069336,91.23919677734375
2008-08-04,55.61704635620117,90.39302825927734
2008-08-05,56.5682373046875,92.83024597167969
2008-08-06,56.85126495361328,93.24243927001953
2008-08-07,56.00225067138672,91.85391235351562
2008-08-08,57.48015213012695,93.56066131591797
2008-08-11,58.855812072753906,94.52977752685547
2008-08-12,58.41560745239258,93.54618072509766
2008-08-13,58.62783432006836,92.98210906982422
2008-08-14,59.1938362121582,93.68362426757812
2008-08-15,59.03661346435547,94.13923645019531
2008-08-18,58.27408981323242,92.85193634033203
2008-08-19,57.30717468261719,91.83943176269531
2008-08-20,57.38577651977539,92.26617431640625
2008-08-21,56.72547149658203,92.42524719238281
2008-08-22,57.92033386230469,93.76319122314453
2008-08-25,56.6468620300293,91.86113739013672
2008-08-26,56.73335266113281,92.12874603271484
2008-08-27,57.409366607666016,93.02550506591797
2008-08-28,58.572845458984375,94.15369415283203
2008-08-29,58.069725036621094,93.14119720458984
2008-09-02,58.053985595703125,92.56262969970703
2008-09-03,58.2898063659668,92.48307800292969
2008-09-04,56.45820999145508,89.69876861572266
2008-09-05,56.31669616699219,89.9808349609375
2008-09-08,56.97702407836914,91.83943176269531
2008-09-09,55.66422653198242,89.11299896240234
2008-09-10,56.183040618896484,89.47457885742188
2008-09-11,56.53678512573242,90.76909637451172
2008-09-12,56.79623794555664,91.18856811523438
2008-09-15,54.249229431152344,86.84934997558594
2008-09-16,55.81356430053711,88.30302429199219
2008-09-17,53.29802703857422,84.33261108398438
2008-09-18,56.44248962402344,86.83488464355469
2008-09-19,58.9580192565918,90.28341674804688
2008-09-22,56.56039047241211,88.23946380615234
2008-09-23,55.80570602416992,86.23188781738281
2008-09-24,55.09673309326172,86.5082778930664
2008-09-25,55.38032913208008,87.86122131347656
2008-09-26,55.64028549194336,87.90486145019531
2008-09-29,51.24454116821289,81.0165023803711
2008-09-30,53.568450927734375,84.36975860595703
2008-10-01,52.79643630981445,84.42070007324219
2008-10-02,50.08650588989258,81.3583755493164
2008-10-03,49.393272399902344,80.2600326538086
2008-10-06,47.04569625854492,76.17210388183594
2008-10-07,43.957645416259766,72.76062774658203
2008-10-08,42.90201950073242,70.92764282226562
2008-10-09,39.380699157714844,65.97412872314453
2008-10-10,41.318607330322266,64.37385559082031
2008-10-13,44.887210845947266,73.72078704833984
2008-10-14,43.62676239013672,72.62971496582031
2008-10-15,39.71154022216797,65.47949981689453
2008-10-16,42.31121826171875,68.2071762084961
2008-10-17,41.12166213989258,67.79984283447266
2008-10-20,43.08320236206055,71.87322998046875
2008-10-21,41.893680572509766,69.72746276855469
2008-10-22,39.77457046508789,65.93048095703125
2008-10-23,38.59291458129883,66.69425201416016
2008-10-24,37.1591796875,63.311859130859375
2008-10-27,35.339420318603516,61.064231872558594
2008-10-28,38.167518615722656,68.19991302490234
2008-10-29,38.36445236206055,67.7052993774414
2008-10-30,40.515098571777344,70.0475082397461
2008-10-31,42.34269714355469,70.43297576904297
2008-11-03,42.3978385925293,70.63664245605469
2008-11-04,42.88629150390625,73.03705596923828
2008-11-05,40.64112854003906,69.96746826171875
2008-11-06,39.06557846069336,66.09049987792969
2008-11-07,39.876983642578125,68.2726821899414
2008-11-10,38.955299377441406,67.37797546386719
2008-11-11,38.112388610839844,65.2976303100586
2008-11-12,35.89086151123047,62.42446517944336
2008-11-13,38.845008850097656,66.31599426269531
2008-11-14,35.95388412475586,63.00636291503906
2008-11-17,35.64665985107422,62.16987609863281
2008-11-18,35.473350524902344,63.34098434448242
2008-11-19,32.58222198486328,59.28215408325195
2008-11-20,30.35283088684082,54.88142776489258
2008-11-21,32.01502227783203,57.841896057128906
2008-11-24,34.26804733276367,61.84980392456055
2008-11-25,34.83525085449219,62.308074951171875
2008-11-26,36.922847747802734,64.71574401855469
2008-11-28,37.29308319091797,65.53040313720703
2008-12-01,33.102149963378906,59.7258186340332
2008-12-02,34.8431282043457,62.024391174316406
2008-12-03,35.89873123168945,63.51553726196289
2008-12-04,34.70920181274414,62.04621887207031
2008-12-05,36.316261291503906,63.95923614501953
2008-12-08,37.92330551147461,66.19234466552734
2008-12-09,36.74952697753906,65.1012191772461
2008-12-10,37.61608123779297,65.54499053955078
2008-12-11,35.70967483520508,63.966522216796875
2008-12-12,36.938602447509766,64.73027038574219
2008-12-15,35.74906921386719,63.82831954956055
2008-12-16,38.0730094909668,66.83246612548828
2008-12-17,38.41959762573242,66.18505859375
2008-12-18,38.1754035949707,64.94849395751953
2008-12-19,38.36445236206055,64.66912078857422
2008-12-22,37.62397003173828,63.84050369262695
2008-12-23,37.07704544067383,63.18052291870117
2008-12-24,37.21198654174805,63.547149658203125
2008-12-26,37.74382400512695,63.913818359375
2008-12-29,37.164371490478516,63.73051071166992
2008-12-30,38.196266174316406,65.24107360839844
2008-12-31,39.08530807495117,66.17235565185547
2009-01-02,39.863197326660156,68.16693115234375
2009-01-05,40.00605773925781,68.0863037109375
2009-01-06,40.6807746887207,68.5409164428711
2009-01-07,39.48218536376953,66.4876708984375
2009-01-08,39.67269515991211,66.75901794433594
2009-01-09,38.204227447509766,65.3290786743164
2009-01-12,37.06910705566406,63.759796142578125
2009-01-13,37.56126022338867,63.8771858215332
2009-01-14,35.91020202636719,61.86793518066406
2009-01-15,36.48967361450195,61.88994216918945
2009-01-16,36.89447021484375,62.373897552490234
2009-01-20,34.39411544799805,59.081424713134766
2009-01-21,36.108646392822266,61.633277893066406
2009-01-22,35.06086349487305,60.68001174926758
2009-01-23,35.235496520996094,60.944000244140625
2009-01-26,35.63238525390625,61.36194610595703
2009-01-27,36.02134323120117,61.98527145385742
2009-01-28,37.50569534301758,64.08245849609375
2009-01-29,36.0372200012207,61.9998893737793
2009-01-30,35.306941986083984,60.738670349121094
2009-02-02,35.59271240234375,60.555355072021484
2009-02-03,35.846710205078125,61.40595245361328
2009-02-04,35.58475112915039,61.10532760620117
2009-02-05,35.997528076171875,62.01460647583008
2009-02-06,37.2755012512207,63.781822204589844
2009-02-09,37.10881042480469,63.86979293823242
2009-02-10,35.39425277709961,60.944000244140625
2009-02-11,35.52920150756836,61.30332565307617
2009-02-12,35.830833435058594,61.347312927246094
2009-02-13,35.457767486572266,60.68733215332031
2009-02-17,34.05279541015625,58.091487884521484
2009-02-18,33.568580627441406,57.9521369934082
2009-02-19,33.10026168823242,57.32883834838867
2009-02-20,32.65574264526367,56.77155303955078
2009-02-23,31.401594161987305,54.740318298339844
2009-02-24,32.56049346923828,56.815513610839844
2009-02-25,31.885786056518555,56.36823272705078
2009-02-26,31.290447235107422,55.45161056518555
2009-02-27,31.076147079467773,54.21235275268555
2009-03-02,29.321901321411133,51.770484924316406
2009-03-03,28.766271591186523,51.38185501098633
2009-03-04,29.36158561706543,52.59912109375
2009-03-05,27.797866821289062,50.450565338134766
2009-03-06,27.940750122070312,50.53855514526367
2009-03-09,27.297792434692383,49.94459533691406
2009-03-10,29.075843811035156,52.9217414855957
2009-03-11,29.115528106689453,53.26638412475586
2009-03-12,30.925321578979492,55.36361312866211
2009-03-13,31.250768661499023,55.796260833740234
2009-03-16,30.687185287475586,55.62757873535156
2009-03-17,32.10803985595703,57.32883834838867
2009-03-18,33.219329833984375,58.612125396728516
2009-03-19,32.87006378173828,57.88615036010742
2009-03-20,31.734970092773438,56.65348815917969
2009-03-23,34.43380355834961,60.7228889465332
2009-03-24,33.09670639038086,59.52646255493164
2009-03-25,34.02845001220703,60.154239654541016
2009-03-26,35.34244155883789,61.38021469116211
2009-03-27,34.15586853027344,60.27240753173828
2009-03-30,33.17634963989258,58.1896858215332
2009-03-31,33.48691177368164,58.72883224487305
2009-04-01,34.06826400756836,59.866172790527344
2009-04-02,35.772483825683594,61.61650848388672
2009-04-03,36.337886810302734,62.22948455810547
2009-04-06,35.71674346923828,61.7420768737793
2009-04-07,34.45051574707031,60.30193328857422
2009-04-08,35.08759689331055,60.95185852050781
2009-04-09,37.1422119140625,63.374263763427734
2009-04-13,37.158138275146484,63.38900375366211
2009-04-14,36.08305740356445,62.295997619628906
2009-04-15,36.632530212402344,62.96065902709961
2009-04-16,37.69171905517578,63.88384246826172
2009-04-17,38.026180267333984,64.31222534179688
2009-04-20,36.0750846862793,61.61650848388672
2009-04-21,37.325382232666016,62.82033920288086
2009-04-22,37.31742858886719,62.43633270263672
2009-04-23,37.229820251464844,63.049285888671875
2009-04-24,37.92266082763672,64.00199127197266
2009-04-27,37.516510009765625,63.39642333984375
2009-04-28,37.572242736816406,63.19700241088867
2009-04-29,38.99773406982422,64.54114532470703
2009-04-30,38.639381408691406,64.56329345703125
2009-05-01,38.87827682495117,64.91039276123047
2009-05-04,40.2957878112793,67.11865234375
2009-05-05,40.096710205078125,66.88973999023438
2009-05-06,40.20819091796875,68.04924774169922
2009-05-07,39.260536193847656,67.10389709472656
2009-05-08,40.62229537963867,68.66960144042969
2009-05-11,40.025047302246094,67.38453674316406
2009-05-12,39.45962142944336,67.18512725830078
2009-05-13,37.65187454223633,65.49388885498047
2009-05-14,38.17747497558594,66.05517578125
2009-05-15,38.03413009643555,65.51602935791016
2009-05-18,39.30830001831055,67.3771743774414
2009-05-19,39.32425308227539,67.29591369628906
2009-05-20,38.9578971862793,66.84542846679688
2009-05-21,38.456207275390625,65.88530731201172
2009-05-22,38.05802536010742,65.74497985839844
2009-05-26,39.873722076416016,67.42888641357422
2009-05-27,39.10125732421875,66.22502899169922
2009-05-28,39.14902877807617,67.14820098876953
2009-05-29,39.953365325927734,68.33726501464844
2009-06-01,41.51423645019531,69.99158477783203
2009-06-02,42.03186798095703,70.05066680908203
2009-06-03,41.753143310546875,69.16442108154297
2009-06-04,42.350406646728516,69.81434631347656
2009-06-05,42.3663330078125,69.82911682128906
2009-06-08,41.8646354675293,69.54106140136719
2009-06-09,42.055747985839844,69.89556121826172
2009-06-10,41.88850021362305,69.71835327148438
2009-06-11,41.90444564819336,70.02849578857422
2009-06-12,42.03186798095703,70.22052764892578
2009-06-15,40.901023864746094,68.61054229736328
2009-06-16,40.216163635253906,67.67996215820312
2009-06-17,40.431182861328125,67.61351776123047
2009-06-18,40.61432647705078,68.10831451416016
2009-06-19,40.861202239990234,68.3593521118164
2009-06-22,39.41183853149414,66.30943298339844
2009-06-23,39.09328842163086,66.36145782470703
2009-06-24,39.515357971191406,66.933349609375
2009-06-25,40.65416717529297,68.3890380859375
2009-06-26,40.79750442504883,68.21080780029297
2009-06-29,40.79750442504883,68.84952545166016
2009-06-30,40.67803955078125,68.29251861572266
2009-07-01,41.307167053222656,68.57473754882812
2009-07-02,39.885467529296875,66.70310974121094
2009-07-06,39.533870697021484,66.6957015991211
2009-07-07,38.67877197265625,65.40336608886719
2009-07-08,38.41506576538086,65.35877990722656
2009-07-09,38.25522232055664,65.48505401611328
2009-07-10,38.43903350830078,65.32908630371094
2009-07-13,39.36603927612305,66.91847229003906
2009-07-14,39.59781265258789,67.29724884033203
2009-07-15,41.124183654785156,69.26547241210938
2009-07-16,41.6356315612793,69.15406799316406
2009-07-17,41.475791931152344,69.91162109375
2009-07-20,41.98723220825195,70.65433502197266
2009-07-21,41.91532516479492,70.98113250732422
2009-07-22,42.242984771728516,70.96625518798828
2009-07-23,43.57755661010742,72.5334243774414
2009-07-24,43.801307678222656,72.83047485351562
2009-07-27,44.02507781982422,73.0458755493164
2009-07-28,44.0490608215332,72.70421600341797
2009-07-29,43.82529067993164,72.52595520019531
2009-07-30,44.59247589111328,73.28352355957031
2009-07-31,44.408660888671875,73.38751220703125
2009-08-03,45.18385314941406,74.59813690185547
2009-08-04,45.639347076416016,74.79122924804688
2009-08-05,45.18385314941406,74.57584381103516
2009-08-06,44.55250549316406,74.18963623046875
2009-08-07,45.62337875366211,75.1625747680664
2009-08-10,45.70328903198242,75.00662994384766
2009-08-11,44.96806716918945,74.07080841064453
2009-08-12,45.6473388671875,74.86550903320312
2009-08-13,46.02294921875,75.43742370605469
2009-08-14,45.07996368408203,74.85810089111328
2009-08-17,43.809303283691406,73.01615142822266
2009-08-18,44.392696380615234,73.59547424316406
2009-08-19,44.93610382080078,74.24165344238281
2009-08-20,45.423587799072266,75.00662994384766
2009-08-21,46.47047424316406,76.47720336914062
2009-08-24,46.454498291015625,76.46981811523438
2009-08-25,46.65427780151367,76.61831665039062
2009-08-26,46.75814437866211,76.6257553100586
2009-08-27,46.686241149902344,76.79656982421875
2009-08-28,46.39054870605469,76.78170776367188
2009-08-31,45.7112922668457,76.09844970703125
2009-09-01,44.688377380371094,74.41987609863281
2009-09-02,44.464622497558594,74.13764953613281
2009-09-03,44.96009063720703,74.75411987304688
2009-09-04,45.591407775878906,75.80133819580078
2009-09-08,46.094879150390625,76.45490264892578
2009-09-09,46.88602066040039,77.04168701171875
2009-09-10,47.46939468383789,77.82893371582031
2009-09-11,47.48539352416992,77.81410217285156
2009-09-14,47.988868713378906,78.19285583496094
2009-09-15,48.380435943603516,78.5196533203125
2009-09-16,49.37936782836914,79.7080078125
2009-09-17,49.27548599243164,79.58917236328125
2009-09-18,49.47528839111328,79.63992309570312
2009-09-21,49.33940887451172,79.4384536743164
2009-09-22,49.67985534667969,79.901123046875
2009-09-23,49.20724105834961,79.23693084716797
2009-09-24,48.221981048583984,78.36383056640625
2009-09-25,47.92560577392578,77.94593811035156
2009-09-28,49.07107162475586,79.34140014648438
2009-09-29,48.85478973388672,79.10261535644531
2009-09-30,48.254032135009766,78.79666900634766
2009-10-01,46.812156677246094,76.84149932861328
2009-10-02,46.459716796875,76.48329162597656
2009-10-05,47.29277420043945,77.62503814697266
2009-10-06,48.173927307128906,78.73695373535156
2009-10-07,48.18995666503906,78.95336151123047
2009-10-08,48.63051223754883,79.55783081054688
2009-10-09,49.19923400878906,80.04287719726562
2009-10-12,49.20724105834961,80.35630798339844
2009-10-13,48.998966217041016,80.19215393066406
2009-10-14,49.93618392944336,81.57272338867188
2009-10-15,49.90415573120117,81.8712158203125
2009-10-16,49.407493591308594,81.25930786132812
2009-10-19,49.8160285949707,81.93091583251953
2009-10-20,49.127140045166016,81.49808502197266
2009-10-21,48.4622802734375,80.76673889160156
2009-10-22,49.1351432800293,81.58760833740234
2009-10-23,48.10984802246094,80.65482330322266
2009-10-26,47.67726516723633,79.78170013427734
2009-10-27,47.092529296875,79.41605377197266
2009-10-28,45.52250289916992,77.9161148071289
2009-10-29,46.38761520385742,79.58765411376953
2009-10-30,45.122005462646484,77.28178405761719
2009-11-02,45.03388595581055,77.84890747070312
2009-11-03,45.714752197265625,78.09517669677734
2009-11-04,45.057899475097656,78.29663848876953
2009-11-05,46.491737365722656,79.73695373535156
2009-11-06,46.523799896240234,79.94590759277344
2009-11-09,47.43696212768555,81.76670837402344
2009-11-10,47.14057922363281,81.78165435791016
2009-11-11,47.46900177001953,82.19956970214844
2009-11-12,46.59588623046875,81.36377716064453
2009-11-13,47.044471740722656,81.80406951904297
2009-11-16,48.286067962646484,82.9906005859375
2009-11-17,48.286067962646484,83.08758544921875
2009-11-18,48.18995666503906,83.03536224365234
2009-11-19,46.9883918762207,81.95329284667969
2009-11-20,46.93230438232422,81.6622543334961
2009-11-23,47.749366760253906,82.6995620727539
2009-11-24,47.53308868408203,82.82640075683594
2009-11-25,47.52507781982422,83.11746215820312
2009-11-27,46.123268127441406,81.76670837402344
2009-11-30,46.531803131103516,82.04283142089844
2009-12-01,47.252723693847656,83.05774688720703
2009-12-02,47.813446044921875,83.02043914794922
2009-12-03,47.22869110107422,82.37120819091797
2009-12-04,48.398193359375,82.8413314819336
2009-12-07,48.47028732299805,82.71446228027344
2009-12-08,48.093814849853516,81.79657745361328
2009-12-09,47.941619873046875,82.1025390625
2009-12-10,47.749366760253906,82.56521606445312
2009-12-11,48.19794845581055,82.91594696044922
2009-12-14,48.926883697509766,83.48310089111328
2009-12-15,48.79071044921875,83.09508514404297
2009-12-16,49.10309600830078,83.22193145751953
2009-12-17,48.55841064453125,82.2219467163086
2009-12-18,49.006988525390625,82.68711853027344
2009-12-21,49.65581130981445,83.52742767333984
2009-12-22,50.120418548583984,83.82752990722656
2009-12-23,50.76625442504883,83.99256134033203
2009-12-24,50.95928192138672,84.39022064208984
2009-12-28,50.87886047363281,84.5703125
2009-12-29,50.854732513427734,84.45026397705078
2009-12-30,50.82255172729492,84.42024230957031
2009-12-31,50.21933364868164,83.60993957519531
2010-01-04,51.457950592041016,85.02796173095703
2010-01-05,51.28099060058594,85.2530288696289
2010-01-06,51.23274612426758,85.31303405761719
2010-01-07,51.61075973510742,85.67320251464844
2010-01-08,51.89225387573242,85.95826721191406
2010-01-11,51.683143615722656,86.07833862304688
2010-01-12,51.12013244628906,85.27555847167969
2010-01-13,51.77964782714844,85.99580383300781
2010-01-14,51.9726676940918,86.2283706665039
2010-01-15,51.21665573120117,85.26053619384766
2010-01-19,52.15765380859375,86.32591247558594
2010-01-20,51.401634216308594,85.4480972290039
2010-01-21,50.55712890625,83.80500793457031
2010-01-22,49.6483039855957,81.93684387207031
2010-01-25,49.704593658447266,82.35699462890625
2010-01-26,49.21399688720703,82.01187896728516
2010-01-27,49.736778259277344,82.4020004272461
2010-01-28,48.884220123291016,81.45667266845703
2010-01-29,48.345367431640625,80.57136535644531
2010-02-01,48.91641616821289,81.82427978515625
2010-02-02,49.45527648925781,82.81466674804688
2010-02-03,49.125526428222656,82.4020004272461
2010-02-04,47.48479461669922,79.85859680175781
2010-02-05,47.66977310180664,80.023681640625
2010-02-08,47.19524002075195,79.44596099853516
2010-02-09,47.84672546386719,80.44381713867188
2010-02-10,47.95931625366211,80.2862548828125
2010-02-11,48.72337341308594,81.12657165527344
2010-02-12,49.07726287841797,81.05903625488281
2010-02-16,49.90567398071289,82.33446502685547
2010-02-17,50.24348068237305,82.72462463378906
2010-02-18,50.65365219116211,83.21232604980469
2010-02-19,50.71800994873047,83.3848876953125
2010-02-22,50.87080001831055,83.39984893798828
2010-02-23,50.2756462097168,82.38702392578125
2010-02-24,50.70191192626953,83.1447982788086
2010-02-25,50.71800994873047,83.0322036743164
2010-02-26,50.50888442993164,83.08476257324219
2010-03-01,51.683143615722656,83.94754791259766
2010-03-02,52.077232360839844,84.1801528930664
2010-03-03,52.37482833862305,84.25520324707031
2010-03-04,52.51154327392578,84.51028442382812
2010-03-05,53.58123779296875,85.71818542480469
2010-03-08,53.677738189697266,85.73322296142578
2010-03-09,53.87078094482422,85.87577056884766
2010-03-10,54.329219818115234,86.25838470458984
2010-03-11,54.49009323120117,86.61851501464844
2010-03-12,54.465938568115234,86.62598419189453
2010-03-15,54.280967712402344,86.64855194091797
2010-03-16,54.7474479675293,87.3387680053711
2010-03-17,55.06915283203125,87.8564682006836
2010-03-18,54.900264739990234,87.81143951416016
2010-03-19,54.21661376953125,87.36695098876953
2010-03-22,54.980690002441406,87.83405303955078
2010-03-23,55.68042755126953,88.45182037353516
2010-03-24,55.04506301879883,88.02241516113281
2010-03-25,54.69833755493164,87.87925720214844
2010-03-26,54.674190521240234,87.82647705078125
2010-03-29,54.97249984741211,88.38399505615234
2010-03-30,55.14179229736328,88.4443130493164
2010-03-31,54.66609573364258,88.1429214477539
2010-04-01,55.17406463623047,88.74562072753906
2010-04-05,56.20610427856445,89.46885681152344
2010-04-06,56.53670120239258,89.67977905273438
2010-04-07,56.35930252075195,89.16748809814453
2010-04-08,56.3028678894043,89.47638702392578
2010-04-09,56.64152908325195,90.06395721435547
2010-04-12,56.87531280517578,90.2071304321289
2010-04-13,57.00434112548828,90.27493286132812
2010-04-14,58.22183609008789,91.29949951171875
2010-04-15,58.39919662475586,91.37482452392578
2010-04-16,57.61711502075195,89.92082977294922
2010-04-19,57.334896087646484,90.2598648071289
2010-04-20,58.11698913574219,91.06596374511719
2010-04-21,58.52016067504883,90.90025329589844
2010-04-22,59.14101791381836,91.17143249511719
2010-04-23,59.76988220214844,91.76654052734375
2010-04-26,59.544132232666016,91.42001342773438
2010-04-27,58.1815185546875,89.2579116821289
2010-04-28,58.27827072143555,89.93592071533203
2010-04-29,59.51188278198242,91.05091094970703
2010-04-30,57.77031707763672,89.50650787353516
2010-05-03,59.06842041015625,90.66665649414062
2010-05-04,57.21397399902344,88.53466796875
2010-05-05,56.37540817260742,88.00733947753906
2010-05-06,54.26297378540039,85.08432006835938
2010-05-07,52.69876480102539,83.81867218017578
2010-05-10,55.6578254699707,87.51011657714844
2010-05-11,56.028717041015625,87.26148986816406
2010-05-12,57.746131896972656,88.48191833496094
2010-05-13,57.18977737426758,87.38201904296875
2010-05-14,56.085166931152344,85.79998016357422
2010-05-17,56.189979553222656,85.8451919555664
2010-05-18,55.10954666137695,84.67748260498047
2010-05-19,54.456485748291016,84.1953353881836
2010-05-20,51.6989860534668,81.01615142822266
2010-05-21,52.4649543762207,82.19893646240234
2010-05-24,51.763484954833984,81.14424133300781
2010-05-25,51.755428314208984,81.22711944580078
2010-05-26,51.884403228759766,80.73743438720703
2010-05-27,54.10977554321289,83.44194793701172
2010-05-28,53.4163818359375,82.39480590820312
2010-06-01,51.79574203491211,81.00862121582031
2010-06-02,53.271236419677734,83.11805725097656
2010-06-03,53.95656967163086,83.40431213378906
2010-06-04,51.24745178222656,80.47374725341797
2010-06-07,49.925148010253906,79.4717788696289
2010-06-08,49.90095520019531,80.32306671142578
2010-06-09,49.93321990966797,79.89364624023438
2010-06-10,51.65867233276367,82.22906494140625
2010-06-11,52.36014938354492,82.62835693359375
2010-06-14,52.690711975097656,82.50028228759766
2010-06-15,54.013023376464844,84.37614440917969
2010-06-16,53.763084411621094,84.34600830078125
2010-06-17,53.82758712768555,84.48162078857422
2010-06-18,53.85981750488281,84.57320404052734
2010-06-21,53.303489685058594,84.33097839355469
2010-06-22,52.20695114135742,82.93819427490234
2010-06-23,52.06180953979492,82.68083953857422
2010-06-24,51.231327056884766,81.31078338623047
2010-06-25,52.110191345214844,81.65142059326172
2010-06-28,51.811859130859375,81.39404296875
2010-06-29,49.85259246826172,78.8810043334961
2010-06-30,49.28013229370117,78.13160705566406
2010-07-01,48.92534637451172,77.78343963623047
2010-07-02,48.39064025878906,77.35957336425781
2010-07-06,47.759681701660156,77.86669921875
2010-07-07,49.42610549926758,80.31916046142578
2010-07-08,50.13795852661133,81.1139907836914
2010-07-09,50.9145393371582,81.71952819824219
2010-07-12,50.3401985168457,81.77253723144531
2010-07-13,51.93380355834961,83.00636291503906
2010-07-14,51.74775695800781,82.99874877929688
2010-07-15,51.270469665527344,83.02146911621094
2010-07-16,49.40182876586914,80.7354736328125
2010-07-19,49.612152099609375,81.21237182617188
2010-07-20,50.44535827636719,82.1131362915039
2010-07-21,49.53934097290039,81.04585266113281
2010-07-22,51.30282974243164,82.85493469238281
2010-07-23,52.56478500366211,83.57405090332031
2010-07-26,53.76200485229492,84.44453430175781
2010-07-27,53.56786346435547,84.43694305419922
2010-07-28,52.70229721069336,83.8919677734375
2010-07-29,52.56478500366211,83.48318481445312
2010-07-30,52.59711837768555,83.46807861328125
2010-08-02,53.511226654052734,85.35284423828125
2010-08-03,53.08250045776367,84.94408416748047
2010-08-04,53.640663146972656,85.5118179321289
2010-08-05,53.00968551635742,85.4209976196289
2010-08-06,52.69420623779297,85.07280731201172
2010-08-09,53.276649475097656,85.52694702148438
2010-08-10,52.2735595703125,85.06521606445312
2010-08-11,50.2188606262207,82.73383331298828
2010-08-12,49.96808624267578,82.22669982910156
2010-08-13,49.40182876586914,81.98446655273438
2010-08-16,49.7982177734375,81.94661712646484
2010-08-17,50.65568161010742,82.9533462524414
2010-08-18,50.809383392333984,83.10472869873047
2010-08-19,49.418006896972656,81.65894317626953
2010-08-20,49.4665412902832,81.39404296875
2010-08-23,48.795143127441406,81.08369445800781
2010-08-24,48.23695755004883,79.88015747070312
2010-08-25,48.96500778198242,80.19048309326172
2010-08-26,48.60097122192383,79.65308380126953
2010-08-27,49.87102127075195,80.88689422607422
2010-08-30,48.7789421081543,79.71363067626953
2010-08-31,48.68186950683594,79.71363067626953
2010-09-01,50.56669235229492,82.0979995727539
2010-09-02,51.124874114990234,82.86251831054688
2010-09-03,52.03897476196289,83.9373550415039
2010-09-07,51.052059173583984,82.99120330810547
2010-09-08,51.35137176513672,83.57405090332031
2010-09-09,51.38373565673828,83.96009826660156
2010-09-10,51.54551315307617,84.38396453857422
2010-09-13,52.79936599731445,85.32259368896484
2010-09-14,52.572872161865234,85.26959228515625
2010-09-15,52.872169494628906,85.59506225585938
2010-09-16,52.532413482666016,85.57235717773438
2010-09-17,52.750823974609375,85.60433197021484
2010-09-20,54.21500015258789,86.9132308959961
2010-09-21,53.8995246887207,86.73823547363281
2010-09-22,53.260467529296875,86.31207275390625
2010-09-23,52.61574935913086,85.61195373535156
2010-09-24,54.32688522338867,87.37742614746094
2010-09-27,54.18901824951172,86.95889282226562
2010-09-28,54.724281311035156,87.26327514648438
2010-09-29,54.878360748291016,87.11109924316406
2010-09-30,54.74047088623047,86.85235595703125
2010-10-01,55.03243637084961,87.21762084960938
2010-10-04,54.286338806152344,86.56317901611328
2010-10-05,55.82719039916992,88.30586242675781
2010-10-06,55.64065933227539,88.29824829101562
2010-10-07,55.478477478027344,88.19169616699219
2010-10-08,56.18400955200195,88.68636322021484
2010-10-11,56.2326774597168,88.77005004882812
2010-10-12,56.378631591796875,89.0440444946289
2010-10-13,57.238285064697266,89.73651885986328
2010-10-14,57.197723388671875,89.386474609375
2010-10-15,57.00308609008789,89.56909942626953
2010-10-18,57.48155975341797,90.01048278808594
2010-10-19,56.3624267578125,88.83094787597656
2010-10-20,56.93820571899414,89.6984634399414
2010-10-21,56.6624870300293,89.8963394165039
2010-10-22,57.027427673339844,90.06375885009766
2010-10-25,57.36802673339844,90.3301010131836
2010-10-26,57.327484130859375,90.34529876708984
2010-10-27,57.18149948120117,90.08657836914062
2010-10-28,56.83279037475586,90.10181427001953
2010-10-29,57.0112190246582,90.17027282714844
2010-11-01,56.621925354003906,90.20076751708984
2010-11-02,57.797828674316406,90.91609954833984
2010-11-03,58.0249137878418,91.2813720703125
2010-11-04,59.49277877807617,93.03925323486328
2010-11-05,59.82526779174805,93.38929748535156
2010-11-08,59.776611328125,93.21426391601562
2010-11-09,58.981834411621094,92.54458618164062
2010-11-10,59.63874053955078,92.91749572753906
2010-11-11,59.40354537963867,92.56742095947266
2010-11-12,58.414154052734375,91.4715805053711
2010-11-15,58.422298431396484,91.34223175048828
2010-11-16,57.286922454833984,89.91915893554688
2010-11-17,57.44099044799805,89.96483612060547
2010-11-18,58.56014633178711,91.28894805908203
2010-11-19,58.75477600097656,91.54010009765625
2010-11-22,59.03860855102539,91.46397399902344
2010-11-23,58.47904586791992,90.13984680175781
2010-11-24,59.79282760620117,91.4715805053711
2010-11-26,59.37922286987305,90.40620422363281
2010-11-29,59.46841812133789,90.68019104003906
2010-11-30,58.998077392578125,90.17027282714844
2010-12-01,60.319950103759766,92.08802032470703
2010-12-02,60.92818069458008,93.2675552368164
2010-12-03,61.36610412597656,93.5186538696289
2010-12-06,61.74726867675781,93.41973876953125
2010-12-07,62.10407257080078,93.4729995727539
2010-12-08,62.06355285644531,93.81547546386719
2010-12-09,62.27439498901367,94.18074035644531
2010-12-10,63.05290985107422,94.72864532470703
2010-12-13,62.728519439697266,94.78955078125
2010-12-14,62.69608688354492,94.87324523925781
2010-12-15,62.501468658447266,94.43948364257812
2010-12-16,63.077274322509766,94.98739624023438
2010-12-17,63.27189636230469,95.08914947509766
2010-12-20,63.52328109741211,95.31864929199219
2010-12-21,64.22884368896484,95.92298126220703
2010-12-22,64.2101058959961,96.22135162353516
2010-12-23,64.12862396240234,96.08365631103516
2010-12-27,64.32414245605469,96.12189483642578
2010-12-28,64.14491271972656,96.25958251953125
2010-12-29,64.28340148925781,96.32842254638672
2010-12-30,64.16121673583984,96.1754379272461
2010-12-31,63.73758316040039,96.19837951660156
2011-01-03,64.84551239013672,97.19286346435547
2011-01-04,63.884254455566406,97.13934326171875
2011-01-05,64.63371276855469,97.64422607421875
2011-01-06,64.33228302001953,97.4530029296875
2011-01-07,63.965694427490234,97.26172637939453
2011-01-10,64.33228302001953,97.13934326171875
2011-01-11,64.59297180175781,97.48360443115234
2011-01-12,65.1469497680664,98.36331176757812
2011-01-13,65.12250518798828,98.2026596069336
2011-01-14,65.61126708984375,98.91410064697266
2011-01-18,65.66014862060547,99.0824203491211
2011-01-19,63.9738655090332,98.1108627319336
2011-01-20,63.30584716796875,97.98081970214844
2011-01-21,62.88222122192383,98.2026596069336
2011-01-24,63.346595764160156,98.7611312866211
2011-01-25,63.44432067871094,98.81468963623047
2011-01-26,64.45450592041016,99.1971664428711
2011-01-27,64.64186096191406,99.44198608398438
2011-01-28,63.06142807006836,97.70543670654297
2011-01-31,63.501373291015625,98.43985748291016
2011-02-01,64.96771240234375,100.0157241821289
2011-02-02,64.7232894897461,99.82451629638672
2011-02-03,64.95140838623047,100.04631805419922
2011-02-04,65.06544494628906,100.3293685913086
2011-02-07,65.70904541015625,100.9566421508789
2011-02-08,66.17339324951172,101.41571044921875
2011-02-09,65.8801040649414,101.1861572265625
2011-02-10,66.14080810546875,101.22439575195312
2011-02-11,66.8576889038086,101.82877349853516
2011-02-14,67.19983673095703,102.07355499267578
2011-02-15,66.81692504882812,101.75224304199219
2011-02-16,67.35462188720703,102.3948745727539
2011-02-17,67.82709503173828,102.70086669921875
2011-02-18,67.900390625,102.9150390625
2011-02-22,66.15708923339844,100.84956359863281
2011-02-23,65.01660919189453,100.22990417480469
2011-02-24,65.43204498291016,100.16106414794922
2011-02-25,66.94729614257812,101.23204803466797
2011-02-28,67.02059936523438,101.85935974121094
2011-03-01,65.67645263671875,100.16106414794922
2011-03-02,65.95343780517578,100.37530517578125
2011-03-03,67.45233154296875,102.10415649414062
2011-03-04,67.15911865234375,101.33917236328125
2011-03-07,66.05931854248047,100.54356384277344
2011-03-08,67.13468170166016,101.42332458496094
2011-03-09,66.86582946777344,101.27796173095703
2011-03-10,65.1469497680664,99.40375518798828
2011-03-11,65.31800079345703,100.09221649169922
2011-03-14,64.96771240234375,99.48786163330078
2011-03-15,64.38929748535156,98.34805297851562
2011-03-16,63.745750427246094,96.52732849121094
2011-03-17,63.884254455566406,97.8049087524414
2011-03-18,64.7314453125,98.16060638427734
2011-03-21,66.23041534423828,99.68189239501953
2011-03-22,65.8801040649414,99.33612823486328
2011-03-23,66.08377838134766,99.62042999267578
2011-03-24,66.54010009765625,100.57311248779297
2011-03-25,67.11970520019531,100.88044738769531
2011-03-28,66.97277069091797,100.63459777832031
2011-03-29,67.60132598876953,101.31070709228516
2011-03-30,68.47482299804688,102.00992584228516
2011-03-31,68.7115249633789,101.8716049194336
2011-04-01,69.01363372802734,102.30186462402344
2011-04-04,69.1687240600586,102.38636779785156
2011-04-05,69.54425048828125,102.37100982666016
2011-04-06,69.69933319091797,102.6937026977539
2011-04-07,69.28301239013672,102.43247985839844
2011-04-08,68.55646514892578,102.07903289794922
2011-04-11,67.9442138671875,101.77169036865234
2011-04-12,67.05439758300781,101.0111083984375
2011-04-13,67.14420318603516,101.00340270996094
2011-04-14,67.45439147949219,101.08023071289062
2011-04-15,68.17279815673828,101.44903564453125
2011-04-18,67.0462646484375,100.31190490722656
2011-04-19,67.06258392333984,100.88813781738281
2011-04-20,68.43404388427734,102.26347351074219
2011-04-21,68.94015502929688,102.78588104248047
2011-04-25,68.85037231445312,102.67833709716797
2011-04-26,69.53607940673828,103.56190490722656
2011-04-27,69.95242309570312,104.23802185058594
2011-04-28,70.27081298828125,104.57609558105469
2011-04-29,70.52384948730469,104.82193756103516
2011-05-02,69.69933319091797,104.66062927246094
2011-05-03,68.81771087646484,104.28414154052734
2011-05-04,67.9278564453125,103.59263610839844
2011-05-05,67.61766815185547,102.65526580810547
2011-05-06,67.97688293457031,103.10855865478516
2011-05-09,68.76871490478516,103.50814819335938
2011-05-10,69.82181549072266,104.39167785644531
2011-05-11,68.5320053100586,103.2929916381836
2011-05-12,69.13607788085938,103.78470611572266
2011-05-13,68.17279815673828,102.98563385009766
2011-05-16,67.1768798828125,102.33262634277344
2011-05-17,66.96460723876953,102.31722259521484
2011-05-18,67.99319458007812,103.23153686523438
2011-05-19,68.14014434814453,103.4773941040039
2011-05-20,67.64217376708984,102.65526580810547
2011-05-23,66.42578887939453,101.46437072753906
2011-05-24,66.1074447631836,101.37985229492188
2011-05-25,66.94012451171875,101.71794891357422
2011-05-26,67.82178497314453,102.18660736083984
2011-05-27,68.2870864868164,102.57846069335938
2011-05-31,69.25851440429688,103.64644622802734
2011-06-01,67.02993774414062,101.31838989257812
2011-06-02,67.00542449951172,101.21085357666016
2011-06-03,66.02581024169922,100.20435333251953
2011-06-06,64.94009399414062,99.1440200805664
2011-06-07,65.09516143798828,99.08256530761719
2011-06-08,64.36865234375,98.6677017211914
2011-06-09,64.71150970458984,99.42066192626953
2011-06-10,63.67475891113281,98.03771209716797
2011-06-13,63.49516296386719,98.11450958251953
2011-06-14,64.85845947265625,99.35922241210938
2011-06-15,63.69922637939453,97.59202575683594
2011-06-16,63.84615707397461,97.80718231201172
2011-06-17,63.86252975463867,98.09906768798828
2011-06-20,64.45027160644531,98.60094451904297
2011-06-21,65.84619903564453,99.95217895507812
2011-06-22,65.340087890625,99.34989929199219
2011-06-23,65.59314727783203,99.064208984375
2011-06-24,65.25846099853516,97.91374206542969
2011-06-27,65.76457214355469,98.78624725341797
2011-06-28,66.78500366210938,100.07571411132812
2011-06-29,67.1033706665039,100.93274688720703
2011-06-30,67.59314727783203,101.89793395996094
2011-07-01,68.6462631225586,103.403564453125
2011-07-05,68.81169128417969,103.31869506835938
2011-07-06,69.0901107788086,103.44220733642578
2011-07-07,70.12993621826172,104.51545715332031
2011-07-08,69.70415496826172,103.77417755126953
2011-07-11,68.22213745117188,101.89793395996094
2011-07-12,67.8373031616211,101.45779418945312
2011-07-13,68.44320678710938,101.79754638671875
2011-07-14,67.3542251586914,101.09489440917969
2011-07-15,67.80455780029297,101.68175506591797
2011-07-18,66.71558380126953,100.84782409667969
2011-07-19,68.22213745117188,102.48475646972656
2011-07-20,68.10752868652344,102.42298889160156
2011-07-21,68.72978973388672,103.84369659423828
2011-07-22,68.81986999511719,103.91319274902344
2011-07-25,68.00926208496094,103.33411407470703
2011-07-26,67.49342346191406,102.94804382324219
2011-07-27,65.4791488647461,100.84012603759766
2011-07-28,65.37271881103516,100.54671478271484
2011-07-29,65.29083251953125,99.85951232910156
2011-08-01,64.8650894165039,99.43484497070312
2011-08-02,62.842655181884766,96.89453887939453
2011-08-03,63.26023864746094,97.41956329345703
2011-08-04,59.44463348388672,92.8563003540039
2011-08-05,58.4047737121582,92.71732330322266
2011-08-08,53.32005310058594,86.67926788330078
2011-08-09,56.87361526489258,90.70977020263672
2011-08-10,54.089725494384766,86.70242309570312
2011-08-11,56.79173278808594,90.59394073486328
2011-08-12,57.143821716308594,91.2039566040039
2011-08-15,58.756858825683594,93.13424682617188
2011-08-16,57.67603302001953,92.3389663696289
2011-08-17,57.692413330078125,92.40074157714844
2011-08-18,54.40904235839844,88.41654205322266
2011-08-19,53.451045989990234,86.97264862060547
2011-08-22,53.26272964477539,87.04215240478516
2011-08-23,55.8337516784668,89.9067611694336
2011-08-24,56.66072463989258,91.17305755615234
2011-08-25,55.268775939941406,89.78323364257812
2011-08-26,56.58702087402344,91.08812713623047
2011-08-29,59.26449966430664,93.70563507080078
2011-08-30,59.60839080810547,93.9527359008789
2011-08-31,59.48558044433594,94.36967468261719
2011-09-01,58.208248138427734,93.3813247680664
2011-09-02,56.0548210144043,90.99546813964844
2011-09-06,55.89925003051758,90.33143615722656
2011-09-07,58.01175308227539,92.87945556640625
2011-09-08,56.947330474853516,91.9142837524414
2011-09-09,55.268775939941406,89.50525665283203
2011-09-12,55.74369430541992,90.08435821533203
2011-09-13,56.644351959228516,90.91055297851562
2011-09-14,57.65965270996094,92.16910552978516
2011-09-15,58.470279693603516,93.75968933105469
2011-09-16,58.56032943725586,94.31461334228516
2011-09-19,57.51228713989258,93.37549591064453
2011-09-20,56.61979675292969,93.26683044433594
2011-09-21,54.523681640625,90.51937103271484
2011-09-22,53.000709533691406,87.59337615966797
2011-09-23,53.543209075927734,88.1211166381836
2011-09-26,54.554237365722656,90.21665954589844
2011-09-27,55.72964859008789,91.22563171386719
2011-09-28,53.592533111572266,89.3629150390625
2011-09-29,54.521358489990234,90.06919860839844
2011-09-30,52.85274124145508,87.81844329833984
2011-10-03,50.132022857666016,85.3193359375
2011-10-04,53.25550842285156,87.18980407714844
2011-10-05,53.98707580566406,88.80411529541016
2011-10-06,55.18714904785156,90.41069793701172
2011-10-07,53.8391227722168,89.80532836914062
2011-10-10,56.198184967041016,92.80889892578125
2011-10-11,56.584476470947266,92.90206909179688
2011-10-12,57.39000701904297,93.71699523925781
2011-10-13,57.34071350097656,93.53073120117188
2011-10-14,58.475040435791016,95.12955474853516
2011-10-17,56.69957733154297,93.31343078613281
2011-10-18,58.20378494262695,95.13727569580078
2011-10-19,57.06946563720703,94.01191711425781
2011-10-20,57.225650787353516,94.42326354980469
2011-10-21,58.46682357788086,96.21612548828125
2011-10-24,60.349117279052734,97.39582824707031
2011-10-25,58.65590286254883,95.50206756591797
2011-10-26,59.66689682006836,96.47225189208984
2011-10-27,62.81501388549805,99.83285522460938
2011-10-28,62.494476318359375,99.80956268310547
2011-10-31,60.8341064453125,97.40361785888672
2011-11-01,58.68052291870117,94.68714141845703
2011-11-02,60.127201080322266,96.23162841796875
2011-11-03,61.623172760009766,97.98565673828125
2011-11-04,61.31905746459961,97.38806915283203
2011-11-07,61.195770263671875,97.99345397949219
2011-11-08,62.09172439575195,99.25076293945312
2011-11-09,59.13260269165039,95.58743286132812
2011-11-10,59.568267822265625,96.48775482177734
2011-11-11,61.13821792602539,98.30390167236328
2011-11-14,60.25870132446289,97.37252807617188
2011-11-15,61.02314758300781,97.85374450683594
2011-11-16,60.03678512573242,96.30152893066406
2011-11-17,59.181941986083984,94.77251434326172
2011-11-18,59.165496826171875,94.67161560058594
2011-11-21,57.75169372558594,92.87102508544922
2011-11-22,57.2667350769043,92.50625610351562
2011-11-23,55.46662902832031,90.46504974365234
2011-11-25,54.75973129272461,90.29428100585938
2011-11-28,57.36537551879883,92.90982818603516
2011-11-29,57.258522033691406,93.1736831665039
2011-11-30,60.60393142700195,97.00772857666016
2011-12-01,60.16831970214844,96.99222564697266
2011-12-02,60.414878845214844,96.90686798095703
2011-12-05,61.45057678222656,97.9623794555664
2011-12-06,61.50809860229492,97.99345397949219
2011-12-07,61.38483428955078,98.35822296142578
2011-12-08,59.47782897949219,96.20057678222656
2011-12-09,61.269737243652344,97.83043670654297
2011-12-12,60.39023971557617,96.40235900878906
2011-12-13,59.13260269165039,95.50206756591797
2011-12-14,58.392860412597656,94.4853744506836
2011-12-15,58.93534851074219,94.82685852050781
2011-12-16,59.39564895629883,94.9674301147461
2011-12-19,58.36818313598633,93.95208740234375
2011-12-20,60.7108039855957,96.79508972167969
2011-12-21,60.9573860168457,96.9825439453125
2011-12-22,61.34558868408203,97.8416748046875
2011-12-23,61.576866149902344,98.7164535522461
2011-12-27,61.75858688354492,98.79456329345703
2011-12-28,60.635257720947266,97.49803924560547
2011-12-29,61.24647903442383,98.50556945800781
2011-12-30,60.916099548339844,98.02136993408203
2012-01-03,61.923770904541016,99.58341217041016
2012-01-04,61.585113525390625,99.73963928222656
2012-01-05,61.93204116821289,100.00515747070312
2012-01-06,61.77511978149414,99.7474136352539
2012-01-09,62.08899688720703,99.98959350585938
2012-01-10,62.99755859375,100.85657501220703
2012-01-11,63.24532699584961,100.91121673583984
2012-01-12,63.435340881347656,101.15330505371094
2012-01-13,63.09669876098633,100.6300048828125
2012-01-17,63.07190704345703,101.0205307006836
2012-01-18,64.19522094726562,102.137451171875
2012-01-19,64.59170532226562,102.6763916015625
2012-01-20,64.63299560546875,103.05907440185547
2012-01-23,64.55040740966797,102.79354095458984
2012-01-24,64.92208862304688,102.6763916015625
2012-01-25,65.4754867553711,103.53553771972656
2012-01-26,65.40119171142578,103.0044174194336
2012-01-27,65.84722137451172,102.95758056640625
2012-01-30,65.33504486083984,102.60607147216797
2012-01-31,65.26898193359375,102.5670166015625
2012-02-01,66.67317199707031,103.46524047851562
2012-02-02,67.05313873291016,103.6292724609375
2012-02-03,68.5151138305664,105.08200073242188
2012-02-06,68.29212188720703,105.01168060302734
2012-02-07,68.25079345703125,105.27723693847656
2012-02-08,68.39945983886719,105.58963775634766
2012-02-09,68.06084442138672,105.72245025634766
2012-02-10,67.12747192382812,104.94141387939453
2012-02-13,67.9947509765625,105.72245025634766
2012-02-14,67.68915557861328,105.58963775634766
2012-02-15,67.12747192382812,105.09761810302734
2012-02-16,68.3912353515625,106.26138305664062
2012-02-17,68.38296508789062,106.54251098632812
2012-02-21,67.92040252685547,106.58941650390625
2012-02-22,67.38353729248047,106.24574279785156
2012-02-23,68.3912353515625,106.71438598632812
2012-02-24,68.25902557373047,106.94871520996094
2012-02-27,68.14340209960938,107.12832641601562
2012-02-28,67.96170043945312,107.44072723388672
2012-02-29,66.9457778930664,107.01897430419922
2012-03-01,67.29265594482422,107.57352447509766
2012-03-02,66.28494262695312,107.24549102783203
2012-03-05,66.35932922363281,106.80812072753906
2012-03-06,65.0377426147461,105.2459945678711
2012-03-07,65.64896392822266,105.98017883300781
2012-03-08,66.49974060058594,107.03458404541016
2012-03-09,67.40006256103516,107.44853210449219
2012-03-12,67.26789093017578,107.45637512207031
2012-03-13,68.6059341430664,109.39337921142578
2012-03-14,68.04430389404297,109.27617645263672
2012-03-15,68.61421203613281,109.90888977050781
2012-03-16,68.55641174316406,110.06107330322266
2012-03-19,69.13458251953125,110.49252319335938
2012-03-20,68.5151138305664,110.17089080810547
2012-03-21,68.49859619140625,109.99046325683594
2012-03-22,67.83782196044922,109.19810485839844
2012-03-23,68.50146484375,109.5511474609375
2012-03-26,69.92649841308594,111.0887451171875
2012-03-27,69.43767547607422,110.74353790283203
2012-03-28,69.03170013427734,110.1944351196289
2012-03-29,68.83284759521484,110.00609588623047
2012-03-30,68.60916900634766,110.46110534667969
2012-04-02,69.45426177978516,111.26915740966797
2012-04-03,68.99026489257812,110.81414794921875
2012-04-04,67.88838958740234,109.71590423583984
2012-04-05,67.59009552001953,109.66094970703125
2012-04-09,66.47987365722656,108.4293441772461
2012-04-10,64.91397857666016,106.609375
2012-04-11,65.8336181640625,107.4722900390625
2012-04-12,66.77812957763672,108.87645721435547
2012-04-13,65.89994812011719,107.5821304321289
2012-04-16,66.00762939453125,107.51154327392578
2012-04-17,66.96041870117188,109.10401153564453
2012-04-18,66.45500946044922,108.73531341552734
2012-04-19,66.07391357421875,108.0370864868164
2012-04-20,66.45500946044922,108.21757507324219
2012-04-23,65.53535461425781,107.3075942993164
2012-04-24,66.0324935913086,107.71548461914062
2012-04-25,67.05985260009766,109.19029235839844
2012-04-26,67.72267150878906,109.95121002197266
2012-04-27,68.25289154052734,110.13162231445312
2012-04-30,67.49895477294922,109.72374725341797
2012-05-01,67.56524658203125,110.40621185302734
2012-05-02,67.74750518798828,110.07673645019531
2012-05-03,66.79471588134766,109.23738861083984
2012-05-04,65.5270767211914,107.4722900390625
2012-05-07,65.70106506347656,107.55078125
2012-05-08,65.65966796875,107.11931610107422
2012-05-09,65.28682708740234,106.48387145996094
2012-05-10,65.53535461425781,106.70352935791016
2012-05-11,65.36968231201172,106.38190460205078
2012-05-14,64.49971771240234,105.20518493652344
2012-05-15,64.38375091552734,104.60111999511719
2012-05-16,63.91978073120117,104.2010726928711
2012-05-17,62.46985626220703,102.65564727783203
2012-05-18,61.88164138793945,101.77708435058594
2012-05-21,63.33979797363281,103.52641296386719
2012-05-22,62.95868682861328,103.70687103271484
2012-05-23,63.364681243896484,103.76177215576172
2012-05-24,63.497249603271484,103.96572875976562
2012-05-25,63.455806732177734,103.62838745117188
2012-05-29,64.37545013427734,104.88355255126953
2012-05-30,63.14096450805664,103.36167907714844
2012-05-31,63.058128356933594,103.13418579101562
2012-06-01,61.16084289550781,100.53760528564453
2012-06-04,61.019962310791016,100.49053192138672
2012-06-05,61.80705642700195,101.25145721435547
2012-06-06,63.331546783447266,103.52641296386719
2012-06-07,62.917266845703125,103.58917999267578
2012-06-08,63.77067565917969,104.4128646850586
2012-06-11,62.36217498779297,103.08710479736328
2012-06-12,63.149288177490234,104.27167510986328
2012-06-13,62.42014694213867,103.60485076904297
2012-06-14,63.1326904296875,104.70315551757812
2012-06-15,63.977779388427734,105.77395629882812
2012-06-18,64.05233001708984,105.97895812988281
2012-06-19,65.16255187988281,107.00403594970703
2012-06-20,65.06309509277344,106.83061218261719
2012-06-21,63.480674743652344,104.43341827392578
2012-06-22,64.20146942138672,105.23776245117188
2012-06-25,63.198974609375,103.55030059814453
2012-06-26,63.44624328613281,104.07072448730469
2012-06-27,64.47871398925781,105.00904083251953
2012-06-28,64.37045288085938,104.70941925048828
2012-06-29,66.2438735961914,107.3194808959961
2012-07-02,67.0099105834961,107.64278411865234
2012-07-03,67.8841781616211,108.35245513916016
2012-07-05,67.80921936035156,107.86359405517578
2012-07-06,67.0515365600586,106.83848571777344
2012-07-09,66.79341125488281,106.7044448852539
2012-07-10,66.05239868164062,105.77395629882812
2012-07-11,65.82758331298828,105.78971862792969
2012-07-12,65.60274505615234,105.27718353271484
2012-07-13,66.41873931884766,107.04349517822266
2012-07-16,66.15230560302734,106.7911376953125
2012-07-17,66.38544464111328,107.52454376220703
2012-07-18,66.79341125488281,108.32093811035156
2012-07-19,66.56858825683594,108.60477447509766
2012-07-20,65.71935272216797,107.61123657226562
2012-07-23,64.67020416259766,106.52308654785156
2012-07-24,63.82094955444336,105.60836029052734
2012-07-25,63.962459564208984,105.63201141357422
2012-07-26,64.51203155517578,107.37469482421875
2012-07-27,66.04407501220703,109.3539047241211
2012-07-30,65.81925964355469,109.3539047241211
2012-07-31,65.23641204833984,108.58905792236328
2012-08-01,64.16232299804688,108.49440002441406
2012-08-02,63.929203033447266,107.74527740478516
2012-08-03,65.45289611816406,109.88221740722656
2012-08-06,65.96076202392578,110.09514617919922
2012-08-07,66.56028747558594,110.6470718383789
2012-08-08,66.46034240722656,110.78115844726562
2012-08-09,66.7767562866211,110.8757095336914
2012-08-10,66.54361724853516,111.0571060180664
2012-08-13,66.43540954589844,111.00193786621094
2012-08-14,66.27719116210938,111.0177001953125
2012-08-15,66.86006927490234,111.14385223388672
2012-08-16,67.55944061279297,111.96398162841797
2012-08-17,68.03402709960938,112.11378479003906
2012-08-20,67.8841781616211,112.12167358398438
2012-08-21,67.84254455566406,111.7825698852539
2012-08-22,67.51781463623047,111.82988739013672
2012-08-23,67.04322052001953,110.91521453857422
2012-08-24,67.22637939453125,111.58546447753906
2012-08-27,67.42623138427734,111.60913848876953
2012-08-28,67.73429870605469,111.49871063232422
2012-08-29,67.94245147705078,111.58546447753906
2012-08-30,67.26802825927734,110.78115844726562
2012-08-31,67.54277801513672,111.3094482421875
2012-09-04,68.36707305908203,111.20697784423828
2012-09-05,68.38374328613281,111.11235809326172
2012-09-06,69.64100646972656,113.3675765991211
2012-09-07,70.1572494506836,113.80909729003906
2012-09-10,69.84083557128906,113.16253662109375
2012-09-11,69.99072265625,113.47795104980469
2012-09-12,70.34873962402344,113.8564224243164
2012-09-13,71.27295684814453,115.5912094116211
2012-09-14,71.93907165527344,116.10371398925781
2012-09-17,71.60600280761719,115.70951843261719
2012-09-18,71.37288665771484,115.61483001708984
2012-09-19,71.24797821044922,115.67793273925781
2012-09-20,70.93157958984375,115.68583679199219
2012-09-21,71.18970489501953,115.63748168945312
2012-09-24,70.95733642578125,115.46308898925781
2012-09-25,69.93756103515625,114.23428344726562
2012-09-26,69.49454498291016,113.59219360351562
2012-09-27,70.24683380126953,114.66240692138672
2012-09-28,69.74530029296875,114.13127136230469
2012-10-01,69.97935485839844,114.43254089355469
2012-10-02,70.11310577392578,114.55144500732422
2012-10-03,69.9124755859375,115.0191421508789
2012-10-04,70.38894653320312,115.84356689453125
2012-10-05,70.30533599853516,115.85150146484375
2012-10-08,69.86233520507812,115.45516204833984
2012-10-09,69.04315948486328,114.31358337402344
2012-10-10,68.93450927734375,113.58428192138672
2012-10-11,69.1852798461914,113.64767456054688
2012-10-12,68.62522888183594,113.27509307861328
2012-10-15,69.07661437988281,114.21845245361328
2012-10-16,69.58650970458984,115.3758544921875
2012-10-17,70.2134017944336,115.89908599853516
2012-10-18,69.82890319824219,115.59785461425781
2012-10-19,68.416259765625,113.67147064208984
2012-10-22,68.3995361328125,113.68733978271484
2012-10-23,68.05685424804688,112.10974884033203
2012-10-24,67.8729476928711,111.79268646240234
2012-10-25,68.1488037109375,112.11775207519531
2012-10-26,67.82281494140625,112.05426025390625
2012-10-31,68.23239135742188,112.05426025390625
2012-11-01,68.95121765136719,113.2275390625
2012-11-02,67.86459350585938,112.2207260131836
2012-11-05,68.31595611572266,112.45063781738281
2012-11-06,68.82584381103516,113.33057403564453
2012-11-07,67.15408325195312,110.7621078491211
2012-11-08,66.20955657958984,109.43025207519531
2012-11-09,66.35165405273438,109.52545928955078
2012-11-12,66.15940856933594,109.61259460449219
2012-11-13,65.78327178955078,109.23212432861328
2012-11-14,64.56288146972656,107.7575912475586
2012-11-15,64.22855377197266,107.57524871826172
2012-11-16,64.76351928710938,108.1064224243164
2012-11-19,66.13436126708984,110.29438781738281
2012-11-20,66.2513427734375,110.34197235107422
2012-11-21,66.6024169921875,110.54806518554688
2012-11-23,67.26277923583984,112.05426025390625
2012-11-26,67.4801025390625,111.81645965576172
2012-11-27,67.3965072631836,111.24571228027344
2012-11-28,67.96489715576172,112.14151000976562
2012-11-29,68.74224090576172,112.6646957397461
2012-11-30,68.6085205078125,112.68844604492188
2012-12-03,68.53327941894531,112.1335678100586
2012-12-04,68.61686706542969,111.9749755859375
2012-12-05,68.53327941894531,112.1731948852539
2012-12-06,68.64197540283203,112.55368041992188
2012-12-07,68.69210815429688,112.8945541381836
2012-12-10,68.9930191040039,112.94209289550781
2012-12-11,69.72023010253906,113.71110534667969
2012-12-12,69.32734680175781,113.76659393310547
2012-12-13,68.88436889648438,113.06898498535156
2012-12-14,68.84257507324219,112.64884948730469
2012-12-17,69.81217193603516,113.97274017333984
2012-12-18,70.76507568359375,115.24105834960938
2012-12-19,70.92274475097656,114.38493347167969
2012-12-20,71.27686309814453,115.04292297363281
2012-12-21,70.98176574707031,113.9986572265625
2012-12-24,70.63609313964844,113.64736938476562
2012-12-26,70.13020324707031,113.16834259033203
2012-12-27,70.07960510253906,113.01667022705078
2012-12-28,69.5821533203125,111.7951431274414
2012-12-31,71.09133911132812,113.69524383544922
2013-01-02,73.18225860595703,116.6093521118164
2013-01-03,73.0136489868164,116.34585571289062
2013-01-04,73.55326843261719,116.85679626464844
2013-01-07,73.27500915527344,116.53746032714844
2013-01-08,73.22444152832031,116.20213317871094
2013-01-09,73.57853698730469,116.49755096435547
2013-01-10,73.74715423583984,117.42362213134766
2013-01-11,73.63755798339844,117.4156723022461
2013-01-14,73.67973327636719,117.33584594726562
2013-01-15,74.00006103515625,117.4156723022461
2013-01-16,73.78087615966797,117.39974975585938
2013-01-17,74.46381378173828,118.15814208984375
2013-01-18,74.6745834350586,118.42159271240234
2013-01-22,75.21416473388672,119.060302734375
2013-01-23,75.03712463378906,119.25186157226562
2013-01-24,75.28163146972656,119.28382110595703
2013-01-25,75.82965850830078,119.95445251464844
2013-01-28,75.88021850585938,119.81070709228516
2013-01-29,75.92240142822266,120.28179931640625
2013-01-30,75.01185607910156,119.81070709228516
2013-01-31,75.52613067626953,119.51536560058594
2013-02-01,76.19218444824219,120.7448501586914
2013-02-04,75.27320861816406,119.38761901855469
2013-02-05,75.94768524169922,120.59320831298828
2013-02-06,76.26806640625,120.68098449707031
2013-02-07,76.01512908935547,120.52130889892578
2013-02-08,76.55473327636719,121.1919174194336
2013-02-11,76.47042083740234,121.16795349121094
2013-02-12,76.80767059326172,121.36756896972656
2013-02-13,77.1280517578125,121.47135162353516
2013-02-14,77.32199096679688,121.5831298828125
2013-02-15,77.3472671508789,121.43946838378906
2013-02-19,78.03018951416016,122.34955596923828
2013-02-20,76.58003234863281,120.8246841430664
2013-02-21,75.83808135986328,120.09016418457031
2013-02-22,76.7486343383789,121.26380157470703
2013-02-25,75.05403137207031,118.95648956298828
2013-02-26,75.34908294677734,119.77084350585938
2013-02-27,76.14160919189453,121.27975463867188
2013-02-28,76.28495025634766,121.04023742675781
2013-03-01,76.630615234375,121.43946838378906
2013-03-04,76.83295440673828,122.08609008789062
2013-03-05,77.7266845703125,123.17984771728516
2013-03-06,77.92899322509766,123.3475112915039
2013-03-07,78.30000305175781,123.57106018066406
2013-03-08,79.02507019042969,124.09801483154297
2013-03-11,78.99977111816406,124.56900787353516
2013-03-12,78.83956909179688,124.28956604003906
2013-03-13,79.1346664428711,124.4652328491211
2013-03-14,79.92718505859375,125.12796020507812
2013-03-15,79.88504028320312,124.9626235961914
2013-03-18,79.4466323852539,124.27303314208984
2013-03-19,79.10939025878906,123.98431396484375
2013-03-20,79.84288787841797,124.85041809082031
2013-03-21,79.14312744140625,123.78384399414062
2013-03-22,79.38760375976562,124.7782211303711
2013-03-25,79.43323516845703,124.25701141357422
2013-03-26,79.6868896484375,125.25138092041016
2013-03-27,79.73762512207031,125.25138092041016
2013-03-28,79.83908081054688,125.63628387451172
2013-04-01,78.76532745361328,125.13914489746094
2013-04-02,78.27497100830078,125.75654602050781
2013-04-03,77.0489730834961,124.48147583007812
2013-04-04,77.70850372314453,124.98674011230469
2013-04-05,77.55628967285156,124.42542266845703
2013-04-08,78.1988525390625,125.26744842529297
2013-04-09,77.97055053710938,125.70048522949219
2013-04-10,79.3825454711914,127.2401351928711
2013-04-11,79.49244689941406,127.65714263916016
2013-04-12,79.17117309570312,127.34439086914062
2013-04-15,76.18660736083984,124.3933334350586
2013-04-16,77.50553131103516,126.22969055175781
2013-04-17,76.16123962402344,124.38530731201172
2013-04-18,75.73848724365234,123.60748291015625
2013-04-19,76.60934448242188,124.68202209472656
2013-04-22,76.82917785644531,125.2353286743164
2013-04-23,78.04664611816406,126.52639770507812
2013-04-24,78.45252227783203,126.60661315917969
2013-04-25,78.96822357177734,127.1198959350586
2013-04-26,78.54552459716797,126.89529418945312
2013-04-29,79.11196899414062,127.74532318115234
2013-04-30,79.56008911132812,128.05003356933594
2013-05-01,77.63238525390625,126.92735290527344
2013-05-02,78.86676025390625,128.10618591308594
2013-05-03,80.11809539794922,129.4052734375
2013-05-06,80.63385772705078,129.7340545654297
2013-05-07,81.29331970214844,130.39166259765625
2013-05-08,81.53004455566406,130.9850311279297
2013-05-09,81.25104522705078,130.61619567871094
2013-05-10,81.8682632446289,131.04124450683594
2013-05-13,81.8091049194336,131.14541625976562
2013-05-14,82.85746002197266,132.500732421875
2013-05-15,83.02655029296875,133.21437072753906
2013-05-16,82.815185546875,132.58885192871094
2013-05-17,83.7452392578125,133.87197875976562
2013-05-20,83.88048553466797,133.86390686035156
2013-05-21,83.89739227294922,134.05638122558594
2013-05-22,82.67147064208984,133.06207275390625
2013-05-23,82.77293395996094,132.67715454101562
2013-05-24,82.75599670410156,132.5648651123047
2013-05-28,83.82976531982422,133.35870361328125
2013-05-29,83.05194091796875,132.49270629882812
2013-05-30,83.60997772216797,132.98182678222656
2013-05-31,82.68834686279297,131.07330322265625
2013-06-03,83.47468566894531,131.79502868652344
2013-06-04,82.5869140625,131.16151428222656
2013-06-05,81.53004455566406,129.32513427734375
2013-06-06,82.3924560546875,130.4959259033203
2013-06-07,83.02655029296875,132.1558837890625
2013-06-10,83.53386688232422,132.1558837890625
2013-06-11,82.6291732788086,130.79263305664062
2013-06-12,81.8091049194336,129.7100372314453
2013-06-13,83.2548599243164,131.68270874023438
2013-06-14,82.6123046875,130.85675048828125
2013-06-17,83.15336608886719,131.8671417236328
2013-06-18,84.13412475585938,132.90966796875
2013-06-19,83.10265350341797,131.07330322265625
2013-06-20,80.90438079833984,127.82549285888672
2013-06-21,81.14112854003906,128.23590087890625
2013-06-24,80.07579803466797,126.61548614501953
2013-06-25,80.84520721435547,127.832763671875
2013-06-26,81.22567749023438,129.0984649658203
2013-06-27,82.4854736328125,129.8562469482422
2013-06-28,82.0119857788086,129.32421875
2013-07-01,83.34784698486328,130.08197021484375
2013-07-02,83.28839874267578,129.96104431152344
2013-07-03,83.458251953125,130.01747131347656
2013-07-05,84.63859558105469,131.420166015625
2013-07-08,84.9782943725586,132.16993713378906
2013-07-09,85.76805877685547,133.12120056152344
2013-07-10,86.00581359863281,133.16952514648438
2013-07-11,87.016357421875,134.98345947265625
2013-07-12,87.19465637207031,135.0398406982422
2013-07-15,87.95895385742188,135.5557861328125
2013-07-16,87.5173568725586,135.04786682128906
2013-07-17,87.8570556640625,135.39456176757812
2013-07-18,88.44294738769531,136.1361846923828
2013-07-19,88.578857421875,136.3780517578125
2013-07-22,88.76567840576172,136.64414978027344
2013-07-23,88.70623016357422,136.35389709472656
2013-07-24,87.96744537353516,135.85409545898438
2013-07-25,88.77417755126953,136.18458557128906
2013-07-26,88.41749572753906,136.32965087890625
2013-07-29,87.79759216308594,135.91050720214844
2013-07-30,87.87398529052734,135.91050720214844
2013-07-31,88.02687072753906,136.00721740722656
2013-08-01,89.2242431640625,137.57923889160156
2013-08-02,89.30065155029297,137.81307983398438
2013-08-05,89.60636138916016,137.6114501953125
2013-08-06,88.70623016357422,136.82949829101562
2013-08-07,88.07781982421875,136.3861541748047
2013-08-08,88.44294738769531,136.88597106933594
2013-08-09,88.3495864868164,136.4908905029297
2013-08-12,88.8166275024414,136.32965087890625
2013-08-13,88.69772338867188,136.7327880859375
2013-08-14,88.3495864868164,136.0314483642578
2013-08-15,86.71064758300781,134.12889099121094
2013-08-16,86.34547424316406,133.68548583984375
2013-08-19,85.47083282470703,132.8310089111328
2013-08-20,86.7021484375,133.48391723632812
2013-08-21,86.1756362915039,132.6616668701172
2013-08-22,87.39002227783203,133.870849609375
2013-08-23,87.6108169555664,134.32228088378906
2013-08-26,87.6192626953125,133.8225555419922
2013-08-27,85.56427001953125,131.6700897216797
2013-08-28,85.73404693603516,132.13766479492188
2013-08-29,86.59174346923828,132.34732055664062
2013-08-30,85.24152374267578,131.9281005859375
2013-09-03,85.8189697265625,132.524658203125
2013-09-04,86.57477569580078,133.62100219726562
2013-09-05,86.71064758300781,133.7903594970703
2013-09-06,86.94841766357422,133.85482788085938
2013-09-09,88.26465606689453,135.13658142089844
2013-09-10,89.13082885742188,136.1361846923828
2013-09-11,89.17330932617188,136.5635223388672
2013-09-12,88.51939392089844,136.20071411132812
2013-09-13,89.0034408569336,136.507080078125
2013-09-16,89.1987533569336,137.29710388183594
2013-09-17,90.08195495605469,137.9097900390625
2013-09-18,90.93958282470703,139.5059356689453
2013-09-19,90.84619140625,139.27218627929688
2013-09-20,90.5149917602539,138.29844665527344
2013-09-23,90.52349090576172,137.65850830078125
2013-09-24,90.8240737915039,137.33445739746094
2013-09-25,90.65375518798828,136.93746948242188
2013-09-26,91.15611267089844,137.46405029296875
2013-09-27,90.74740600585938,136.83218383789062
2013-09-30,90.7729721069336,136.1031036376953
2013-10-01,91.8287582397461,137.18057250976562
2013-10-02,91.45413970947266,137.05093383789062
2013-10-03,90.51753234863281,135.78713989257812
2013-10-04,91.1220474243164,136.81602478027344
2013-10-07,90.05774688720703,135.6332550048828
2013-10-08,88.60175323486328,134.0536346435547
2013-10-09,88.24414825439453,134.15077209472656
2013-10-10,90.37276458740234,137.04281616210938
2013-10-11,91.68403625488281,137.92579650878906
2013-10-14,92.143798828125,138.4766845703125
2013-10-15,91.24127197265625,137.4722137451172
2013-10-16,92.3736801147461,139.39205932617188
2013-10-17,93.18257141113281,140.3236846923828
2013-10-18,94.24690246582031,141.27151489257812
2013-10-21,94.05955505371094,141.27960205078125
2013-10-22,94.30650329589844,142.09779357910156
2013-10-23,93.99146270751953,141.4173126220703
2013-10-24,94.49380493164062,141.88719177246094
2013-10-25,94.5789794921875,142.53521728515625
2013-10-28,94.5363540649414,142.7620391845703
2013-10-29,94.80885314941406,143.52357482910156
2013-10-30,93.51464080810547,142.81065368652344
2013-10-31,92.9697036743164,142.4055938720703
2013-11-01,92.56951141357422,142.745849609375
2013-11-04,93.63384246826172,143.2481231689453
2013-11-05,93.31026458740234,142.79444885253906
2013-11-06,92.91011810302734,143.52357482910156
2013-11-07,91.34342193603516,141.7089080810547
2013-11-08,93.0037612915039,143.62074279785156
2013-11-11,93.1314926147461,143.64505004882812
2013-11-12,93.20809173583984,143.35342407226562
2013-11-13,94.10211944580078,144.50379943847656
2013-11-14,94.00846099853516,145.2247772216797
2013-11-15,94.3660888671875,145.8566131591797
2013-11-18,93.70197296142578,145.3462677001953
2013-11-19,93.12296295166016,145.0303192138672
2013-11-20,93.08889770507812,144.57664489746094
2013-11-21,94.7662582397461,145.74317932128906
2013-11-22,95.23455047607422,146.47227478027344
2013-11-25,95.35376739501953,146.32643127441406
2013-11-26,96.06047821044922,146.36692810058594
2013-11-27,96.59684753417969,146.723388671875
2013-11-29,96.6479721069336,146.62615966796875
2013-12-02,95.67729949951172,146.24546813964844
2013-12-03,95.21754455566406,145.61358642578125
2013-12-04,94.96208190917969,145.5973663330078
2013-12-05,95.03022003173828,144.95736694335938
2013-12-06,95.77095794677734,146.57757568359375
2013-12-09,95.74543762207031,146.9501953125
2013-12-10,94.876953125,146.42367553710938
2013-12-11,93.31878662109375,144.7791748046875
2013-12-12,93.52314758300781,144.3012237548828
2013-12-13,93.82968139648438,144.2850799560547
2013-12-16,94.9450454711914,145.18423461914062
2013-12-17,94.80885314941406,144.7224578857422
2013-12-18,96.11155700683594,147.19329833984375
2013-12-19,95.3963394165039,147.02310180664062
2013-12-20,97.00556945800781,147.87832641601562
2013-12-23,98.1055908203125,148.66839599609375
2013-12-24,98.48167419433594,148.99423217773438
2013-12-26,98.49021911621094,149.75167846679688
2013-12-27,98.43038940429688,149.74351501464844
2013-12-30,98.37056732177734,149.71908569335938
2013-12-31,98.6013412475586,150.42770385742188
2014-01-02,97.53295135498047,148.9860382080078
2014-01-03,98.02867889404297,148.96160888671875
2014-01-06,97.23379516601562,148.52992248535156
2014-01-07,98.04578399658203,149.44219970703125
2014-01-08,98.17396545410156,149.47474670410156
2014-01-09,98.19963073730469,149.57241821289062
2014-01-10,98.73810577392578,149.97967529296875
2014-01-13,97.38762664794922,147.98426818847656
2014-01-14,98.58425903320312,149.59693908691406
2014-01-15,99.31929779052734,150.40328979492188
2014-01-16,99.43896484375,150.20777893066406
2014-01-17,99.08854675292969,149.57241821289062
2014-01-21,99.67831420898438,150.0122833251953
2014-01-22,100.18260192871094,150.11001586914062
2014-01-23,99.50733947753906,148.88011169433594
2014-01-24,96.96879577636719,145.7036895751953
2014-01-27,95.54996490478516,144.9868927001953
2014-01-28,96.55853271484375,145.85025024414062
2014-01-29,95.16533660888672,144.44940185546875
2014-01-30,96.58419799804688,145.9805908203125
2014-01-31,95.86621856689453,145.1253662109375
2014-02-03,92.86613464355469,141.8592529296875
2014-02-04,93.5669937133789,142.85293579101562
2014-02-05,92.86613464355469,142.67379760742188
2014-02-06,93.60118865966797,144.55523681640625
2014-02-07,94.66106414794922,146.3470916748047
2014-02-10,94.908935546875,146.6158447265625
2014-02-11,95.7551040649414,148.220458984375
2014-02-12,96.13118743896484,148.29373168945312
2014-02-13,97.35343933105469,149.05934143066406
2014-02-14,97.49021911621094,149.8820037841797
2014-02-18,98.50732421875,150.06118774414062
2014-02-19,97.49872589111328,149.06747436523438
2014-02-20,98.55005645751953,149.9471435546875
2014-02-21,98.85778045654297,149.77609252929688
2014-02-24,99.58430480957031,150.60690307617188
2014-02-25,99.68684387207031,150.5498046875
2014-02-26,100.30227661132812,150.55796813964844
2014-02-27,100.84927368164062,151.3480682373047
2014-02-28,100.44754791259766,151.73085021972656
2014-03-03,99.90908813476562,150.66387939453125
2014-03-04,102.4219970703125,152.78155517578125
2014-03-05,102.36212158203125,152.91998291015625
2014-03-06,102.34504699707031,153.27024841308594
2014-03-07,102.3108901977539,153.33543395996094
2014-03-10,101.96896362304688,153.2539825439453
2014-03-11,100.90911865234375,152.4964599609375
2014-03-12,101.21678924560547,152.53726196289062
2014-03-13,100.04586029052734,150.8268280029297
2014-03-14,100.46464538574219,150.40328979492188
2014-03-17,100.90911865234375,151.76345825195312
2014-03-18,102.3792495727539,152.8467254638672
2014-03-19,101.71253967285156,152.03225708007812
2014-03-20,101.84931945800781,152.91998291015625
2014-03-21,101.37921142578125,152.32693481445312
2014-03-24,100.22530364990234,151.6969757080078
2014-03-25,100.20133972167969,152.41688537597656
2014-03-26,98.28181457519531,151.32066345214844
2014-03-27,98.03328704833984,151.0016326904297
2014-03-28,97.93904876708984,151.74603271484375
2014-03-31,99.69571685791016,152.9895477294922
2014-04-01,101.00685119628906,154.0039520263672
2014-04-02,101.46102142333984,154.5193328857422
2014-04-03,100.43270111083984,154.3148193359375
2014-04-04,98.11040496826172,152.49053955078125
2014-04-07,96.6793441772461,150.8052520751953
2014-04-08,97.3563003540039,151.42697143554688
2014-04-09,98.76167297363281,153.05496215820312
2014-04-10,95.9423828125,149.8398895263672
2014-04-11,94.61412811279297,148.49009704589844
2014-04-14,94.87976837158203,149.65992736816406
2014-04-15,95.24826049804688,150.6907196044922
2014-04-16,96.28512573242188,152.2696075439453
2014-04-17,96.76502227783203,152.4823455810547
2014-04-21,97.21920013427734,153.01406860351562
2014-04-22,98.22184753417969,153.70948791503906
2014-04-23,97.6048355102539,153.34954833984375
2014-04-24,97.3563003540039,153.6603240966797
2014-04-25,95.64244079589844,152.4005126953125
2014-04-28,95.0854263305664,152.88320922851562
2014-04-29,95.32538604736328,153.59490966796875
2014-04-30,95.95950317382812,154.05307006835938
2014-05-01,95.92526245117188,154.06942749023438
2014-05-02,96.00234985351562,153.84852600097656
2014-05-05,95.88240814208984,154.14305114746094
2014-05-06,94.32276916503906,152.8013458251953
2014-05-07,94.38272857666016,153.70126342773438
2014-05-08,93.43154907226562,153.53762817382812
2014-05-09,94.28848266601562,153.76673889160156
2014-05-12,96.43083953857422,155.2637939453125
2014-05-13,95.48819732666016,155.4028778076172
2014-05-14,93.93717193603516,154.66659545898438
2014-05-15,93.30301666259766,153.30859375
2014-05-16,93.89430236816406,153.8403778076172
2014-05-19,94.9054946899414,154.4048614501953
2014-05-20,93.45724487304688,153.43130493164062
2014-05-21,93.93717193603516,154.72390747070312
2014-05-22,94.91402435302734,155.10020446777344
2014-05-23,95.95092010498047,155.7219696044922
2014-05-27,97.33060455322266,156.6791229248047
2014-05-28,96.82500457763672,156.5645751953125
2014-05-29,97.15065002441406,157.3744659423828
2014-05-30,96.71360778808594,157.62806701660156
2014-06-02,96.19086456298828,157.8080596923828
2014-06-03,95.95950317382812,157.72622680664062
2014-06-04,96.33654022216797,158.0452880859375
2014-06-05,98.35891723632812,159.07606506347656
2014-06-06,99.30155181884766,159.83682250976562
2014-06-09,100.17562866210938,160.0005340576172
2014-06-10,99.9785385131836,160.0168914794922
2014-06-11,99.49008178710938,159.46054077148438
2014-06-12,98.88165283203125,158.33163452148438
2014-06-13,99.05302429199219,158.81430053710938
2014-06-16,99.53289794921875,158.94517517089844
2014-06-17,100.23561096191406,159.386962890625
2014-06-18,100.91260528564453,160.5568084716797
2014-06-19,100.99827575683594,160.73678588867188
2014-06-20,101.33250427246094,161.06314086914062
2014-06-23,101.13539123535156,161.01382446289062
2014-06-24,100.05565643310547,160.04379272460938
2014-06-25,100.90402221679688,160.76724243164062
2014-06-26,100.73262023925781,160.652099609375
2014-06-27,101.40962982177734,160.96449279785156
2014-06-30,101.81238555908203,160.88232421875
2014-07-01,102.8492431640625,161.9591064453125
2014-07-02,102.45270538330078,162.1234893798828
2014-07-03,103.07205963134766,162.9208526611328
2014-07-07,101.30859375,162.3537139892578
2014-07-08,100.07844543457031,161.3097381591797
2014-07-09,100.20751190185547,162.03305053710938
2014-07-10,99.14082336425781,161.3919219970703
2014-07-11,99.01178741455078,161.61387634277344
2014-07-14,99.51935577392578,162.42764282226562
2014-07-15,98.53868865966797,162.1234893798828
2014-07-16,98.27201080322266,162.72361755371094
2014-07-17,96.75799560546875,160.87411499023438
2014-07-18,98.26338958740234,162.51809692382812
2014-07-21,97.8676986694336,162.21392822265625
2014-07-22,98.69351196289062,162.9208526611328
2014-07-23,98.81396484375,163.2825164794922
2014-07-24,98.61609649658203,163.29074096679688
2014-07-25,97.7214584350586,162.52626037597656
2014-07-28,97.23111724853516,162.59207153320312
2014-07-29,97.497802734375,161.8933563232422
2014-07-30,97.88490295410156,161.91802978515625
2014-07-31,95.64833068847656,158.72036743164062
2014-08-01,95.2096176147461,158.23544311523438
2014-08-04,96.05265045166016,159.3780059814453
2014-08-05,95.81178283691406,157.83265686035156
2014-08-06,96.11284637451172,157.88194274902344
2014-08-07,95.64833068847656,157.02703857421875
2014-08-08,96.57736206054688,158.84368896484375
2014-08-11,97.497802734375,159.3040008544922
2014-08-12,96.82682800292969,159.08216857910156
2014-08-13,97.58383178710938,160.15895080566406
2014-08-14,97.73005676269531,160.91514587402344
2014-08-15,97.54082489013672,160.88232421875
2014-08-18,98.96019744873047,162.23031616210938
2014-08-19,99.30428314208984,163.07704162597656
2014-08-20,98.8827896118164,163.5126953125
2014-08-21,99.09783935546875,163.989501953125
2014-08-22,99.10643005371094,163.734619140625
2014-08-25,99.5709457397461,164.56484985351562
2014-08-26,100.47421264648438,164.67169189453125
2014-08-27,100.22471618652344,164.6059112548828
2014-08-28,99.70858001708984,164.5155792236328
2014-08-29,100.26773834228516,164.98403930664062
2014-09-02,100.81824493408203,164.9019012451172
2014-09-03,100.18168640136719,164.81143188476562
2014-09-04,99.79459381103516,164.5730438232422
2014-09-05,100.1129150390625,165.3128662109375
2014-09-08,100.26773834228516,164.8854217529297
2014-09-09,99.08060455322266,163.841552734375
2014-09-10,99.66556549072266,164.4580078125
2014-09-11,100.31072998046875,164.64703369140625
2014-09-12,99.24405670166016,163.68531799316406
2014-09-15,98.16019439697266,163.56199645996094
2014-09-16,98.43546295166016,164.7949981689453
2014-09-17,98.69351196289062,165.01695251464844
2014-09-18,99.29568481445312,165.89649963378906
2014-09-19,98.03974151611328,165.7469940185547
2014-09-22,96.66340637207031,164.4669647216797
2014-09-23,95.76013946533203,163.52548217773438
2014-09-24,96.62705993652344,164.8055419921875
2014-09-25,94.99677276611328,162.1463623046875
2014-09-26,95.85070037841797,163.43460083007812
2014-09-29,95.77307891845703,163.13739013671875
2014-09-30,94.32394409179688,162.70787048339844
2014-10-01,92.98695373535156,160.50286865234375
2014-10-02,93.87538146972656,160.5276336669922
2014-10-03,94.58274841308594,162.29495239257812
2014-10-06,93.77190399169922,162.10504150390625
2014-10-07,92.22785186767578,159.6027069091797
2014-10-08,93.99616241455078,162.39413452148438
2014-10-09,91.46016693115234,159.1732940673828
2014-10-10,90.34740447998047,157.35641479492188
2014-10-13,89.9851303100586,154.7715606689453
2014-10-14,91.03748321533203,155.010986328125
2014-10-15,91.95182037353516,153.96226501464844
2014-10-16,92.98695373535156,153.83010864257812
2014-10-17,92.71089935302734,155.64695739746094
2014-10-20,93.79774475097656,157.158203125
2014-10-21,95.341796875,160.2716522216797
2014-10-22,93.97889709472656,159.13201904296875
2014-10-23,95.64373779296875,160.98187255859375
2014-10-24,95.80758666992188,162.22068786621094
2014-10-27,95.75584411621094,161.99771118164062
2014-10-28,98.48161315917969,163.8558349609375
2014-10-29,98.24871826171875,163.60809326171875
2014-10-30,99.08544158935547,164.65695190429688
2014-10-31,100.54320526123047,166.5398406982422
2014-11-03,100.37068176269531,166.6306915283203
2014-11-04,99.9048843383789,166.05262756347656
2014-11-05,100.08602142333984,167.1013641357422
2014-11-06,100.51732635498047,167.7703399658203
2014-11-07,100.67257690429688,167.92723083496094
2014-11-10,101.1728744506836,168.45582580566406
2014-11-11,101.24190521240234,168.6209259033203
2014-11-12,101.69905853271484,168.43927001953125
2014-11-13,100.83646392822266,168.62921142578125
2014-11-14,100.65532684326172,168.6704864501953
2014-11-17,99.8186264038086,168.77783203125
2014-11-18,100.39654541015625,169.75241088867188
2014-11-19,99.32696533203125,169.4798126220703
2014-11-20,100.43968200683594,169.77711486816406
2014-11-21,100.56045532226562,170.68556213378906
2014-11-24,101.75945281982422,171.16448974609375
2014-11-25,101.83708953857422,171.04071044921875
2014-11-26,102.17350006103516,171.47836303710938
2014-11-28,100.65532684326172,171.114990234375
2014-12-01,99.08544158935547,169.92576599121094
2014-12-02,100.27579498291016,171.02413940429688
2014-12-03,101.24190521240234,171.6848602294922
2014-12-04,100.75884246826172,171.4949188232422
2014-12-05,101.51791381835938,171.77569580078125
2014-12-08,100.24993133544922,170.6277618408203
2014-12-09,101.93196105957031,170.51214599609375
2014-12-10,99.7668685913086,167.7786102294922
2014-12-11,100.1636734008789,168.62921142578125
2014-12-12,98.94740295410156,165.90394592285156
2014-12-15,97.94683837890625,164.7642364501953
2014-12-16,97.80879974365234,163.44288635253906
2014-12-17,100.8278579711914,166.6471710205078
2014-12-18,102.32876586914062,170.76815795898438
2014-12-19,102.56165313720703,171.49481201171875
2014-12-22,103.26036071777344,172.28366088867188
2014-12-23,103.38975524902344,172.51614379882812
2014-12-24,103.68843078613281,172.5327911376953
2014-12-26,104.36376190185547,173.0891571044922
2014-12-29,104.8053207397461,173.3216094970703
2014-12-30,104.19058227539062,172.3916015625
2014-12-31,103.56722259521484,170.6809539794922
2015-01-02,102.9698486328125,170.58961486816406
2015-01-05,101.59317016601562,167.50881958007812
2015-01-06,99.83564758300781,165.93101501464844
2015-01-07,101.0650634765625,167.9987335205078
2015-01-08,102.77934265136719,170.9799346923828
2015-01-09,101.79234313964844,169.60975646972656
2015-01-12,101.45466613769531,168.28109741210938
2015-01-13,101.5325927734375,167.8078155517578
2015-01-14,101.12567138671875,166.79461669921875
2015-01-15,99.42003631591797,165.2667999267578
2015-01-16,101.0390853881836,167.43408203125
2015-01-20,100.61483764648438,167.79119873046875
2015-01-21,100.29447937011719,168.6381378173828
2015-01-22,102.33780670166016,171.14598083496094
2015-01-23,102.2685317993164,170.2076873779297
2015-01-26,103.2555160522461,170.60623168945312
2015-01-27,102.76201629638672,168.35581970214844
2015-01-28,101.03042602539062,166.1968231201172
2015-01-29,102.42438507080078,167.73304748535156
2015-01-30,100.17327117919922,165.62380981445312
2015-02-02,101.0910415649414,167.67489624023438
2015-02-03,102.90055847167969,170.09962463378906
2015-02-04,102.51962280273438,169.45199584960938
2015-02-05,103.84428405761719,171.16261291503906
2015-02-06,103.73175048828125,170.6892852783203
2015-02-09,102.90922546386719,169.9252471923828
2015-02-10,103.56722259521484,171.73553466796875
2015-02-11,103.4200439453125,171.83522033691406
2015-02-12,104.5975341796875,173.4877471923828
2015-02-13,105.22089385986328,174.20184326171875
2015-02-17,105.54991912841797,174.47589111328125
2015-02-18,105.66244506835938,174.4925079345703
2015-02-19,105.67112731933594,174.36795043945312
2015-02-20,105.95684051513672,175.41424560546875
2015-02-23,106.06072235107422,175.38929748535156
2015-02-24,106.19926452636719,175.8876495361328
2015-02-25,106.32048797607422,175.7381134033203
2015-02-26,106.71007537841797,175.53053283691406
2015-02-27,106.1300048828125,174.9326171875
2015-03-02,106.90055847167969,176.0370330810547
2015-03-03,106.2685317993164,175.3145751953125
2015-03-04,105.93952178955078,174.57553100585938
2015-03-05,106.25122833251953,174.76654052734375
2015-03-06,104.90921783447266,172.30857849121094
2015-03-09,105.36810302734375,173.022705078125
2015-03-10,104.1559829711914,170.21591186523438
2015-03-11,104.79666900634766,169.81729125976562
2015-03-12,106.53691101074219,171.9764404296875
2015-03-13,106.15597534179688,170.92178344726562
2015-03-16,106.77935028076172,173.20541381835938
2015-03-17,107.06507110595703,172.69053649902344
2015-03-18,107.9222183227539,174.76654052734375
2015-03-19,108.1300048828125,173.9693603515625
2015-03-20,109.08235931396484,175.50497436523438
2015-03-23,108.98712921142578,175.16297912597656
2015-03-24,108.961181640625,174.17874145507812
2015-03-25,106.35843658447266,171.6263427734375
2015-03-26,106.22819519042969,171.21766662597656
2015-03-27,106.90555572509766,171.60968017578125
2015-03-30,108.35586547851562,173.7032928466797
2015-03-31,108.00847625732422,172.18516540527344
2015-04-01,108.05192565917969,171.5762939453125
2015-04-02,108.25164794921875,172.19354248046875
2015-04-06,108.72929382324219,173.35301208496094
2015-04-07,108.0345458984375,172.8942108154297
2015-04-08,108.96377563476562,173.47802734375
2015-04-09,108.5729751586914,174.2454071044922
2015-04-10,109.09406280517578,175.19631958007812
2015-04-13,109.16352844238281,174.4039306640625
2015-04-14,109.13748168945312,174.73757934570312
2015-04-15,109.90170288085938,175.52166748046875
2015-04-16,109.84091186523438,175.47158813476562
2015-04-17,108.06059265136719,173.45301818847656
2015-04-20,109.12010955810547,175.03787231445312
2015-04-21,109.00717163085938,174.82936096191406
2015-04-22,109.17222595214844,175.68846130371094
2015-04-23,109.66720581054688,176.1304931640625
2015-04-24,109.3024673461914,176.5392303466797
2015-04-27,108.09532165527344,175.80526733398438
2015-04-28,108.69458770751953,176.36412048339844
2015-04-29,107.51345825195312,175.63844299316406
2015-04-30,105.23814392089844,173.8784637451172
2015-05-01,105.92422485351562,175.76356506347656
2015-05-04,106.30633544921875,176.26402282714844
2015-05-05,104.95157623291016,174.2454071044922
2015-05-06,105.31629180908203,173.5281219482422
2015-05-07,105.71580505371094,174.22044372558594
2015-05-08,106.50606536865234,176.51419067382812
2015-05-11,106.56687927246094,175.6717987060547
2015-05-12,106.37582397460938,175.1462860107422
2015-05-13,106.37582397460938,175.1796875
2015-05-14,107.50476837158203,177.00636291503906
2015-05-15,107.38320922851562,177.19822692871094
2015-05-18,108.59904479980469,177.74871826171875
2015-05-19,108.4513931274414,177.6903076171875
2015-05-20,108.65115356445312,177.5652618408203
2015-05-21,108.52955627441406,178.08236694335938
2015-05-22,108.06059265136719,177.65699768066406
2015-05-26,107.02715301513672,175.74685668945312
2015-05-27,108.33851623535156,177.41502380371094
2015-05-28,108.24295806884766,177.21487426757812
2015-05-29,107.59164428710938,176.1138458251953
2015-06-01,107.9303207397461,176.47250366210938
2015-06-02,108.13876342773438,176.29734802246094
2015-06-03,109.21561431884766,176.76451110839844
2015-06-04,108.12137603759766,175.27137756347656
2015-06-05,108.90296936035156,174.9711456298828
2015-06-08,108.39927673339844,173.8950958251953
2015-06-09,108.06927490234375,173.8700714111328
2015-06-10,109.41534423828125,175.95533752441406
2015-06-11,109.69325256347656,176.5225830078125
2015-06-12,109.36324310302734,175.1713409423828
2015-06-15,109.01590728759766,174.42059326171875
2015-06-16,109.78878021240234,175.37152099609375
2015-06-17,109.62378692626953,175.65509033203125
2015-06-18,111.09146118164062,177.48178100585938
2015-06-19,111.03933715820312,176.6938934326172
2015-06-22,111.80358123779297,177.59910583496094
2015-06-23,112.03807067871094,177.72486877441406
2015-06-24,111.09146118164062,176.4340362548828
2015-06-25,111.0306625366211,175.89768981933594
2015-06-26,110.72671508789062,175.8641357421875
2015-06-29,107.9303207397461,172.17617797851562
2015-06-30,108.43404388427734,172.53662109375
2015-07-01,108.75534057617188,173.91957092285156
2015-07-02,107.95211791992188,173.76036071777344
2015-07-06,107.917236328125,173.26580810546875
2015-07-07,108.03932189941406,174.35545349121094
2015-07-08,106.3909912109375,171.4302215576172
2015-07-09,106.77474975585938,171.74038696289062
2015-07-10,108.25736999511719,173.90284729003906
2015-07-13,109.47837829589844,175.8222198486328
2015-07-14,110.08882904052734,176.58493041992188
2015-07-15,109.50450134277344,176.52627563476562
2015-07-16,110.15858459472656,177.9428253173828
2015-07-17,109.67892456054688,178.09364318847656
2015-07-20,109.08589172363281,178.1858673095703
2015-07-21,108.57134246826172,177.4817657470703
2015-07-22,108.9725112915039,177.16326904296875
2015-07-23,107.76896667480469,176.16590881347656
2015-07-24,106.03343963623047,174.3386688232422
2015-07-27,105.152587890625,173.32447814941406
2015-07-28,106.05088806152344,175.4534454345703
2015-07-29,106.347412109375,176.66043090820312
2015-07-30,106.65263366699219,176.7023162841797
2015-07-31,107.2369613647461,176.4340362548828
2015-08-03,106.70497131347656,175.83897399902344
2015-08-04,106.45205688476562,175.49539184570312
2015-08-05,106.69625854492188,176.0736846923828
2015-08-06,105.25723266601562,174.63198852539062
2015-08-07,104.55081176757812,174.29673767089844
2015-08-10,105.75436401367188,176.49276733398438
2015-08-11,104.84736633300781,174.90023803710938
2015-08-12,104.6467514038086,175.10983276367188
2015-08-13,104.29791259765625,174.891845703125
2015-08-14,104.96943664550781,175.5288848876953
2015-08-17,106.0770263671875,176.50953674316406
2015-08-18,105.2310791015625,175.99822998046875
2015-08-19,104.14090728759766,174.60693359375
2015-08-20,101.507080078125,170.96083068847656
2015-08-21,100.32099914550781,165.8144989013672
2015-08-24,96.40514373779297,158.83261108398438
2015-08-25,95.66382598876953,156.96343994140625
2015-08-26,98.0970458984375,162.98988342285156
2015-08-27,99.85002899169922,167.021484375
2015-08-28,100.8355712890625,167.02984619140625
2015-08-31,100.46924591064453,165.68040466308594
2015-09-01,97.5912094116211,160.7352294921875
2015-09-02,99.34420013427734,163.7861328125
2015-09-03,99.1872329711914,163.90347290039062
2015-09-04,98.43721008300781,161.42250061035156
2015-09-08,100.6872787475586,165.47923278808594
2015-09-09,99.52735900878906,163.26649475097656
2015-09-10,99.98088073730469,164.1549530029297
2015-09-11,100.45179748535156,164.90090942382812
2015-09-14,99.98957061767578,164.28904724121094
2015-09-15,101.1146240234375,166.34254455566406
2015-09-16,101.98677062988281,167.7841796875
2015-09-17,102.3355941772461,167.40704345703125
2015-09-18,100.92273712158203,164.6713409423828
2015-09-21,100.73959350585938,165.5222930908203
2015-09-22,99.21337890625,163.37388610839844
2015-09-23,98.9168701171875,163.11268615722656
2015-09-24,98.75116729736328,162.52285766601562
2015-09-25,97.45146179199219,162.4807586669922
2015-09-28,94.72261047363281,158.40296936035156
2015-09-29,94.04913330078125,158.4956512451172
2015-09-30,95.509765625,161.4529266357422
2015-10-01,95.34359741210938,161.87420654296875
2015-10-02,96.76049041748047,164.2921905517578
2015-10-05,99.06952667236328,167.21578979492188
2015-10-06,98.38732147216797,166.64280700683594
2015-10-07,100.12783813476562,168.0077362060547
2015-10-08,101.0286865234375,169.52432250976562
2015-10-09,101.2298583984375,169.62535095214844
2015-10-12,101.0811767578125,169.78553771972656
2015-10-13,99.6992416381836,168.71546936035156
2015-10-14,98.7197036743164,167.9066619873047
2015-10-15,101.0811767578125,170.4847869873047
2015-10-16,100.94998931884766,171.2598876953125
2015-10-19,101.14242553710938,171.34410095214844
2015-10-20,101.00247955322266,171.12513732910156
2015-10-21,99.46310424804688,170.06350708007812
2015-10-22,100.33773040771484,172.93650817871094
2015-10-23,101.32605743408203,174.83221435546875
2015-10-26,100.63511657714844,174.40249633789062
2015-10-27,99.53311157226562,174.06553649902344
2015-10-28,102.43684387207031,176.0454559326172
2015-10-29,101.34357452392578,175.9443359375
2015-10-30,100.8800277709961,175.1860809326172
2015-11-02,102.9791030883789,177.25863647460938
2015-11-03,103.51264190673828,177.7726593017578
2015-11-04,103.4601821899414,177.23338317871094
2015-11-05,103.53890228271484,177.05645751953125
2015-11-06,104.2735824584961,176.9637908935547
2015-11-09,103.0490951538086,175.31240844726562
2015-11-10,103.355224609375,175.71685791015625
2015-11-11,102.45433807373047,175.0260009765625
2015-11-12,100.49518585205078,172.58265686035156
2015-11-13,99.76922607421875,170.64483642578125
2015-11-16,100.62637329101562,173.23980712890625
2015-11-17,100.24153137207031,173.11338806152344
2015-11-18,101.93833923339844,175.86001586914062
2015-11-19,101.50975036621094,175.70846557617188
2015-11-20,102.16571044921875,176.34873962402344
2015-11-23,102.67303466796875,176.1465606689453
2015-11-24,103.42520141601562,176.38241577148438
2015-11-25,104.22985076904297,176.35714721679688
2015-11-27,104.62342071533203,176.5593719482422
2015-11-30,104.16862487792969,175.82638549804688
2015-12-01,104.859619140625,177.5029754638672
2015-12-02,103.73133087158203,175.6915740966797
2015-12-03,101.98204803466797,173.2313690185547
2015-12-04,103.01409912109375,176.6099090576172
2015-12-07,101.46602630615234,175.5399169921875
2015-12-08,100.9062728881836,174.3603515625
2015-12-09,99.77796173095703,173.00392150878906
2015-12-10,100.11034393310547,173.45046997070312
2015-12-11,97.88002014160156,170.08880615234375
2015-12-14,97.18032836914062,170.9481658935547
2015-12-15,98.57975006103516,172.7427215576172
2015-12-16,100.08409118652344,175.2703094482422
2015-12-17,99.01705932617188,172.5995330810547
2015-12-18,97.50395965576172,169.52464294433594
2015-12-21,98.23863220214844,170.92311096191406
2015-12-22,99.13945770263672,172.4740447998047
2015-12-23,100.39022827148438,174.60986328125
2015-12-24,100.57996368408203,174.32167053222656
2015-12-28,100.11438751220703,173.92337036132812
2015-12-29,101.19485473632812,175.7794189453125
2015-12-30,100.17589569091797,174.53358459472656
2015-12-31,98.92850494384766,172.78765869140625
2016-01-04,96.63583374023438,170.37216186523438
2016-01-05,96.84662628173828,170.66033935546875
2016-01-06,95.37089538574219,168.50758361816406
2016-01-07,92.82344818115234,164.46485900878906
2016-01-08,91.2247085571289,162.65957641601562
2016-01-11,90.82942199707031,162.8206024169922
2016-01-12,91.10172271728516,164.13430786132812
2016-01-13,88.17655181884766,160.0406951904297
2016-01-14,89.3975830078125,162.6680450439453
2016-01-15,87.94818115234375,159.17623901367188
2016-01-19,86.7623062133789,159.38800048828125
2016-01-20,87.1224365234375,157.3455047607422
2016-01-21,86.92041015625,158.22694396972656
2016-01-22,89.04621124267578,161.4729766845703
2016-01-25,87.06975555419922,159.0321502685547
2016-01-26,88.80903625488281,161.20187377929688
2016-01-27,87.5880355834961,159.44741821289062
2016-01-28,87.57044982910156,160.27796936035156
2016-01-29,90.44292449951172,164.18515014648438
2016-02-01,90.03004455566406,164.12582397460938
2016-02-02,88.08870697021484,161.16793823242188
2016-02-03,88.20293426513672,162.13412475585938
2016-02-04,88.5455322265625,162.38836669921875
2016-02-05,86.12104034423828,159.29481506347656
2016-02-08,84.70677947998047,157.1505889892578
2016-02-09,84.13580322265625,157.1590576171875
2016-02-10,84.17973327636719,157.02346801757812
2016-02-11,83.26615142822266,154.9809112548828
2016-02-12,84.84734344482422,158.17608642578125
2016-02-16,86.85890197753906,160.84585571289062
2016-02-17,88.22051239013672,163.4732208251953
2016-02-18,87.79884338378906,162.80360412597656
2016-02-19,88.2380599975586,162.72738647460938
2016-02-22,89.2219009399414,165.08355712890625
2016-02-23,88.40496063232422,162.99856567382812
2016-02-24,89.25704956054688,163.74441528320312
2016-02-25,90.0739517211914,165.7276153564453
2016-02-26,90.64495086669922,165.3462677001953
2016-02-29,90.24087524414062,164.04954528808594
2016-03-01,92.18221282958984,167.90577697753906
2016-03-02,93.13088989257812,168.66015625
2016-03-03,94.10594940185547,169.32122802734375
2016-03-04,94.62422943115234,169.8720703125
2016-03-07,95.65199279785156,170.00775146484375
2016-03-08,93.34170532226562,168.15164184570312
2016-03-09,93.81608581542969,168.9822235107422
2016-03-10,93.05184173583984,169.11781311035156
2016-03-11,95.04586029052734,171.84689331054688
2016-03-14,94.79991912841797,171.6265411376953
2016-03-15,93.32414245605469,171.34681701660156
2016-03-16,93.98297882080078,172.33847045898438
2016-03-17,95.4236068725586,173.43177795410156
2016-03-18,96.28446960449219,174.11329650878906
2016-03-21,96.05607604980469,174.3603515625
2016-03-22,95.94187927246094,174.2666473388672
2016-03-23,94.16826629638672,173.11659240722656
2016-03-24,94.45022583007812,173.03990173339844
2016-03-28,94.56475067138672,173.14212036132812
2016-03-29,97.19031524658203,174.7437286376953
2016-03-30,97.1991195678711,175.51043701171875
2016-03-31,97.47227478027344,175.08450317382812
2016-04-01,97.90399169921875,176.27711486816406
2016-04-04,97.0846176147461,175.70635986328125
2016-04-05,95.9832763671875,173.95143127441406
2016-04-06,97.06696319580078,175.8511962890625
2016-04-07,95.75420379638672,173.74697875976562
2016-04-08,96.13304901123047,174.21551513671875
2016-04-11,95.83348083496094,173.80667114257812
2016-04-12,96.86434936523438,175.42527770996094
2016-04-13,98.95246124267578,177.197265625
2016-04-14,98.82914733886719,177.20578002929688
2016-04-15,99.07581329345703,177.00978088378906
2016-04-18,99.82471466064453,178.25360107421875
2016-04-19,99.90400695800781,178.8158721923828
2016-04-20,100.0538101196289,178.98623657226562
2016-04-21,99.55158233642578,178.0235595703125
2016-04-22,100.53838348388672,178.0235595703125
2016-04-25,99.82471466064453,177.7168426513672
2016-04-26,100.80269622802734,177.98098754882812
2016-04-27,101.15510559082031,178.34732055664062
2016-04-28,100.00093078613281,176.72869873046875
2016-04-29,99.1022720336914,175.77456665039062
2016-05-02,99.98332214355469,177.17164611816406
2016-05-03,98.34452819824219,175.6297607421875
2016-05-04,97.53392028808594,174.6499786376953
2016-05-05,97.14630126953125,174.61598205566406
2016-05-06,97.7189712524414,175.2548370361328
2016-05-09,98.00090026855469,175.3997039794922
2016-05-10,98.98771667480469,177.58053588867188
2016-05-11,97.76300048828125,175.91937255859375
2016-05-12,97.24320220947266,175.9705047607422
2016-05-13,96.60002136230469,174.43702697753906
2016-05-16,97.82472229003906,176.15785217285156
2016-05-17,96.2740249633789,174.51370239257812
2016-05-18,96.77622985839844,174.56478881835938
2016-05-19,96.00090026855469,173.9599609375
2016-05-20,97.61322784423828,175.0589599609375
2016-05-23,97.49871063232422,174.82040405273438
2016-05-24,99.50753021240234,177.08645629882812
2016-05-25,100.08904266357422,178.28768920898438
2016-05-26,99.97452545166016,178.3387908935547
2016-05-27,100.9701156616211,179.1055450439453
2016-05-31,101.32254791259766,178.76470947265625
2016-06-01,102.00975036621094,179.1310577392578
2016-06-02,102.79389190673828,179.6763458251953
2016-06-03,102.17716979980469,179.13954162597656
2016-06-06,103.27848815917969,180.05113220214844
2016-06-07,103.57805633544922,180.3321990966797
2016-06-08,104.34458923339844,180.92007446289062
2016-06-09,103.67498779296875,180.6730194091797
2016-06-10,102.26524353027344,178.96067810058594
2016-06-13,101.15510559082031,177.58053588867188
2016-06-14,100.86436462402344,177.23129272460938
2016-06-15,100.93484497070312,176.9842529296875
2016-06-16,100.9260482788086,177.512451171875
2016-06-17,100.49434661865234,176.85134887695312
2016-06-20,101.58685302734375,177.99026489257812
2016-06-21,101.39302062988281,178.49549865722656
2016-06-22,100.99654388427734,178.20436096191406
2016-06-23,102.92605590820312,180.52500915527344
2016-06-24,99.01415252685547,174.04254150390625
2016-06-27,95.76303100585938,170.9254608154297
2016-06-28,97.24320220947266,174.0082550048828
2016-06-29,99.45466613769531,176.97122192382812
2016-06-30,101.30491638183594,179.38613891601562
2016-07-01,101.6661605834961,179.7628631591797
2016-07-05,100.16835021972656,178.4698028564453
2016-07-06,100.8956527709961,179.5402374267578
2016-07-07,101.10826110839844,179.42886352539062
2016-07-08,103.46478271484375,182.10069274902344
2016-07-11,104.66077423095703,182.7429962158203
2016-07-12,106.06047058105469,184.0703125
2016-07-13,105.64411163330078,184.0446319580078
2016-07-14,105.75041961669922,185.0722198486328
2016-07-15,106.04277801513672,184.8238983154297
2016-07-18,106.21994018554688,185.320556640625
2016-07-19,105.68840026855469,185.13214111328125
2016-07-20,106.37942504882812,185.90286254882812
2016-07-21,105.87442779541016,185.2006378173828
2016-07-22,106.66288757324219,186.03128051757812
2016-07-25,106.50344848632812,185.52606201171875
2016-07-26,107.01728057861328,185.6117401123047
2016-07-27,107.3184585571289,185.4147491455078
2016-07-28,107.0438461303711,185.62879943847656
2016-07-29,107.25646209716797,185.9285430908203
2016-08-01,107.34506225585938,185.77442932128906
2016-08-02,105.84789276123047,184.5840606689453
2016-08-03,106.70718383789062,185.12356567382812
2016-08-04,106.80464935302734,185.320556640625
2016-08-05,108.34613037109375,186.83627319335938
2016-08-08,108.29296112060547,186.72496032714844
2016-08-09,108.40813446044922,186.83627319335938
2016-08-10,107.62853240966797,186.37384033203125
2016-08-11,108.14236450195312,187.23873901367188
2016-08-12,108.2486801147461,187.07603454589844
2016-08-15,109.32061767578125,187.6155242919922
2016-08-16,108.43470001220703,186.6478729248047
2016-08-17,108.11579895019531,186.9989013671875
2016-08-18,108.9130859375,187.4185791015625
2016-08-19,108.9130859375,187.14454650878906
2016-08-22,109.1611557006836,187.1360321044922
2016-08-23,109.92301177978516,187.5127716064453
2016-08-24,109.02827453613281,186.55369567871094
2016-08-25,109.24089050292969,186.42520141601562
2016-08-26,109.01942443847656,186.07411193847656
2016-08-29,109.58637237548828,186.99041748046875
2016-08-30,109.7901382446289,186.68212890625
2016-08-31,109.17002868652344,186.1511993408203
2016-09-01,109.24976348876953,186.15977478027344
2016-09-02,110.3039779663086,186.9989013671875
2016-09-06,110.41027069091797,187.5641632080078
2016-09-07,111.1012954711914,187.5469970703125
2016-09-08,110.87981414794922,187.1188507080078
2016-09-09,107.4159164428711,182.6402130126953
2016-09-12,108.9130859375,185.26052856445312
2016-09-13,106.82239532470703,182.5973663330078
2016-09-14,106.84009552001953,182.52886962890625
2016-09-15,108.11579895019531,184.35289001464844
2016-09-16,107.95632934570312,183.64022827148438
2016-09-19,108.67391204833984,183.67469787597656
2016-09-20,108.2132568359375,183.68328857421875
2016-09-21,109.78128814697266,185.74884033203125
2016-09-22,111.35820770263672,186.91934204101562
2016-09-23,110.56973266601562,185.89515686035156
2016-09-26,109.47174072265625,184.3890380859375
2016-09-27,109.91590881347656,185.53369140625
2016-09-28,110.7598648071289,186.45458984375
2016-09-29,109.14306640625,184.76771545410156
2016-09-30,110.34232330322266,186.16200256347656
2016-10-03,109.9958724975586,185.7144012451172
2016-10-04,109.45398712158203,184.76771545410156
2016-10-05,110.11134338378906,185.58534240722656
2016-10-06,109.9958724975586,185.7144012451172
2016-10-07,109.11640167236328,185.07749938964844
2016-10-10,110.42227935791016,186.04147338867188
2016-10-11,108.40570831298828,183.69187927246094
2016-10-12,108.3168716430664,183.9329376220703
2016-10-13,107.41964721679688,183.3303985595703
2016-10-14,106.98434448242188,183.42507934570312
2016-10-17,106.85999298095703,182.78819274902344
2016-10-18,107.47296142578125,183.9329376220703
2016-10-19,107.9260025024414,184.42343139648438
2016-10-20,107.606201171875,184.0791778564453
2016-10-21,107.55288696289062,184.16526794433594
2016-10-24,108.2369155883789,184.94845581054688
2016-10-25,107.42852783203125,184.32875061035156
2016-10-26,106.36248779296875,183.95870971679688
2016-10-27,105.1454849243164,183.46815490722656
2016-10-28,104.85230255126953,182.92587280273438
2016-10-31,105.26983642578125,182.93446350097656
2016-11-01,103.98169708251953,181.6090545654297
2016-11-02,102.6580581665039,180.51602172851562
2016-11-03,102.16057586669922,179.68978881835938
2016-11-04,102.81798553466797,179.49179077148438
2016-11-07,105.33204650878906,183.4508819580078
2016-11-08,105.60738372802734,184.277099609375
2016-11-09,108.85877990722656,186.2308349609375
2016-11-10,110.59992980957031,186.69561767578125
2016-11-11,113.14063262939453,186.26522827148438
2016-11-14,114.73078155517578,186.41159057617188
2016-11-15,115.08610534667969,187.86610412597656
2016-11-16,115.07725524902344,187.51319885253906
2016-11-17,115.75239562988281,188.47718811035156
2016-11-18,116.3653564453125,188.05538940429688
2016-11-21,116.90724182128906,189.47555541992188
2016-11-22,117.97330474853516,189.84564208984375
2016-11-23,118.71063995361328,189.94891357421875
2016-11-25,119.10148620605469,190.65464782714844
2016-11-28,117.55573272705078,189.7595672607422
2016-11-29,117.49354553222656,190.12966918945312
2016-11-30,116.91614532470703,189.6735076904297
2016-12-01,116.34761047363281,188.97637939453125
2016-12-02,116.28539276123047,189.071044921875
2016-12-05,118.28421020507812,190.20709228515625
2016-12-06,119.56341552734375,190.80960083007812
2016-12-07,120.72713470458984,193.30543518066406
2016-12-08,122.62825775146484,193.77890014648438
2016-12-09,122.86812591552734,194.94935607910156
2016-12-12,121.57109069824219,194.7256317138672
2016-12-13,121.5799789428711,196.0252227783203
2016-12-14,120.06086730957031,194.40713500976562
2016-12-15,120.95817565917969,195.20758056640625
2016-12-16,120.736083984375,194.82579040527344
2016-12-19,121.52669525146484,195.24996948242188
2016-12-20,122.55720520019531,196.00318908691406
2016-12-21,121.75762176513672,195.4578094482422
2016-12-22,120.70777130126953,195.12017822265625
2016-12-23,121.3499984741211,195.40589904785156
2016-12-27,121.8941650390625,195.89064025878906
2016-12-28,120.64530181884766,194.27171325683594
2016-12-29,120.75233459472656,194.22840881347656
2016-12-30,120.28855895996094,193.51852416992188
2017-01-03,120.88615417480469,194.99899291992188
2017-01-04,122.9021224975586,196.1590576171875
2017-01-05,121.48381805419922,196.00318908691406
2017-01-06,121.0378189086914,196.7045135498047
2017-01-09,120.2439193725586,196.05516052246094
2017-01-10,121.39460754394531,196.05516052246094
2017-01-11,121.6087417602539,196.60923767089844
2017-01-12,120.67206573486328,196.1157684326172
2017-01-13,121.54625701904297,196.56597900390625
2017-01-17,119.89602661132812,195.87335205078125
2017-01-18,120.28855895996094,196.3062286376953
2017-01-19,119.30728149414062,195.57899475097656
2017-01-20,119.92277526855469,196.29754638671875
2017-01-23,119.4232406616211,195.7867431640625
2017-01-24,121.25187683105469,197.0421142578125
2017-01-25,122.39366149902344,198.74761962890625
2017-01-26,121.90304565429688,198.539794921875
2017-01-27,121.48381805419922,198.22813415527344
2017-01-30,119.78898620605469,196.998779296875
2017-01-31,120.62744140625,196.98150634765625
2017-02-01,120.55608367919922,197.05941772460938
2017-02-02,120.25283813476562,197.1892547607422
2017-02-03,122.09041595458984,198.54849243164062
2017-02-06,121.17166900634766,198.19358825683594
2017-02-07,120.63639831542969,198.20217895507812
2017-02-08,120.42228698730469,198.46194458007812
2017-02-09,122.11714935302734,199.6392822265625
2017-02-10,123.04479217529297,200.42713928222656
2017-02-13,123.36598205566406,201.5179901123047
2017-02-14,123.77629852294922,202.32310485839844
2017-02-15,124.51665496826172,203.37930297851562
2017-02-16,124.16876220703125,203.2061004638672
2017-02-17,124.0885238647461,203.52647399902344
2017-02-21,125.06076049804688,204.73851013183594
2017-02-22,124.50777435302734,204.5566864013672
2017-02-23,123.7673110961914,204.6951904296875
2017-02-24,123.6781234741211,204.9549560546875
2017-02-27,124.88238525390625,205.2752685546875
2017-02-28,122.95564270019531,204.72116088867188
2017-03-01,125.20350646972656,207.5867919921875
2017-03-02,123.7673110961914,206.27955627441406
2017-03-03,123.6781234741211,206.40936279296875
2017-03-06,122.83074188232422,205.79470825195312
2017-03-07,122.02793884277344,205.18003845214844
2017-03-08,121.22509765625,204.79905700683594
2017-03-09,120.74343872070312,205.05880737304688
2017-03-10,121.27864074707031,205.7773895263672
2017-03-13,121.56409454345703,205.8812713623047
2017-03-14,120.9842758178711,205.09347534179688
2017-03-15,122.85749053955078,206.86822509765625
2017-03-16,123.01808166503906,206.4613037109375
2017-03-17,123.50871276855469,206.09877014160156
2017-03-20,122.97344207763672,205.8727264404297
2017-03-21,119.5035171508789,203.2294158935547
2017-03-22,119.53028869628906,203.70762634277344
2017-03-23,120.22608184814453,203.49026489257812
2017-03-24,120.31285095214844,203.34242248535156
2017-03-27,120.53649139404297,203.1337127685547
2017-03-28,121.47578430175781,204.61187744140625
2017-03-29,121.8694076538086,204.8031463623047
2017-03-30,122.7908706665039,205.45533752441406
2017-03-31,122.98766326904297,204.97711181640625
2017-04-03,121.69049835205078,204.62063598632812
2017-04-04,121.5473861694336,204.75099182128906
2017-04-05,120.16969299316406,204.14236450195312
2017-04-06,121.28791046142578,204.71624755859375
2017-04-07,121.23428344726562,204.5075225830078
2017-04-10,121.50261688232422,204.6292724609375
2017-04-11,122.46878814697266,204.3858184814453
2017-04-12,120.8048324584961,203.49026489257812
2017-04-13,119.6240234375,202.16859436035156
2017-04-17,121.0285415649414,203.9597625732422
2017-04-18,121.05537414550781,203.3511199951172
2017-04-19,121.47578430175781,202.97727966308594
2017-04-20,123.0234603881836,204.6292724609375
2017-04-21,122.74607849121094,203.97715759277344
2017-04-24,124.27588653564453,206.22047424316406
2017-04-25,125.48356628417969,207.42037963867188
2017-04-26,126.12767028808594,207.28993225097656
2017-04-27,126.09186553955078,207.46389770507812
2017-04-28,124.40108489990234,207.01168823242188
2017-05-01,125.11675262451172,207.53341674804688
2017-05-02,124.4815673828125,207.61166381835938
2017-05-03,123.71224975585938,207.35951232910156
2017-05-04,123.54230499267578,207.60296630859375
2017-05-05,124.33848571777344,208.42030334472656
2017-05-08,123.81962585449219,208.38551330566406
2017-05-09,123.76598358154297,208.19422912597656
2017-05-10,124.53530883789062,208.5681610107422
2017-05-11,123.66755676269531,208.14207458496094
2017-05-12,123.01447296142578,207.7942352294922
2017-05-15,123.9716796875,208.94204711914062
2017-05-16,124.01640319824219,208.750732421875
2017-05-17,120.67068481445312,205.04666137695312
2017-05-18,121.10903930664062,205.8727264404297
2017-05-19,121.69049835205078,207.21170043945312
2017-05-22,122.51353454589844,208.2637939453125
2017-05-23,122.91609191894531,208.724609375
2017-05-24,122.99662017822266,209.21156311035156
2017-05-25,123.07710266113281,210.21151733398438
2017-05-26,123.04132843017578,210.16807556152344
2017-05-30,122.07518005371094,209.98541259765625
2017-05-31,121.949951171875,209.9333038330078
2017-06-01,124.30269622802734,211.60267639160156
2017-06-02,125.1077880859375,212.3070068359375
2017-06-05,124.32955169677734,212.15049743652344
2017-06-06,124.21324157714844,211.4722900390625
2017-06-07,124.32955169677734,211.8635711669922
2017-06-08,126.02922821044922,211.96792602539062
2017-06-09,126.68230438232422,211.64622497558594
2017-06-12,126.47652435302734,211.60267639160156
2017-06-13,127.12062072753906,212.6374053955078
2017-06-14,126.36920166015625,212.36788940429688
2017-06-15,125.72511291503906,211.9591827392578
2017-06-16,125.41197967529297,212.00552368164062
2017-06-19,126.34231567382812,213.7705078125
2017-06-20,125.06311798095703,212.32879638671875
2017-06-21,124.7499771118164,212.27638244628906
2017-06-22,125.22412872314453,212.1802520751953
2017-06-23,126.05604553222656,212.43368530273438
2017-06-26,126.20814514160156,212.57345581054688
2017-06-27,125.098876953125,210.8609161376953
2017-06-28,127.01322174072266,212.7481689453125
2017-06-29,126.26187133789062,210.8783416748047
2017-06-30,126.06501770019531,211.2715606689453
2017-07-03,127.12062072753906,211.6298065185547
2017-07-05,126.66439056396484,212.11911010742188
2017-07-06,125.01038360595703,210.1793975830078
2017-07-07,126.2232437133789,211.54241943359375
2017-07-10,125.67518615722656,211.76959228515625
2017-07-11,126.04358673095703,211.6123046875
2017-07-12,127.01384735107422,213.2025146484375
2017-07-13,127.1217041015625,213.560791015625
2017-07-14,127.3373031616211,214.55685424804688
2017-07-17,127.6337890625,214.53065490722656
2017-07-18,127.30136108398438,214.64419555664062
2017-07-19,128.56820678710938,215.80633544921875
2017-07-20,128.65809631347656,215.90243530273438
2017-07-21,128.0740203857422,215.7101593017578
2017-07-24,128.2537384033203,215.65777587890625
2017-07-25,129.42173767089844,216.1820526123047
2017-07-26,128.70303344726562,216.19076538085938
2017-07-27,127.88538360595703,215.9897918701172
2017-07-28,127.54399108886719,215.73641967773438
2017-07-31,127.13968658447266,215.61407470703125
2017-08-01,127.38226318359375,216.09461975097656
2017-08-02,125.98966979980469,216.19947814941406
2017-08-03,125.36074829101562,215.7801055908203
2017-08-04,125.97166442871094,216.1732940673828
2017-08-07,126.17832946777344,216.57516479492188
2017-08-08,125.782958984375,216.0421905517578
2017-08-09,124.69587707519531,216.03347778320312
2017-08-10,122.43180084228516,212.984130859375
2017-08-11,122.61149597167969,213.29864501953125
2017-08-14,124.47125244140625,215.41310119628906
2017-08-15,123.44706726074219,215.3868865966797
2017-08-16,123.48299407958984,215.76258850097656
2017-08-17,121.22786712646484,212.39869689941406
2017-08-18,121.21886444091797,212.06668090820312
2017-08-21,121.13805389404297,212.23265075683594
2017-08-22,122.44975280761719,214.45204162597656
2017-08-23,122.25208282470703,213.68309020996094
2017-08-24,122.62948608398438,213.18507385253906
2017-08-25,122.97985076904297,213.68309020996094
2017-08-28,123.5009536743164,213.69186401367188
2017-08-29,123.52791595458984,213.9364776611328
2017-08-30,124.31851196289062,214.95004272460938
2017-08-31,125.54044342041016,216.2431640625
2017-09-01,126.25017547607422,216.54893493652344
2017-09-05,125.03727722167969,214.99374389648438
2017-09-06,125.2978515625,215.7276611328125
2017-09-07,124.98340606689453,215.70147705078125
2017-09-08,125.08222961425781,215.44810485839844
2017-09-11,126.39395904541016,217.74600219726562
2017-09-12,127.16661834716797,218.47996520996094
2017-09-13,127.54399108886719,218.5847930908203
2017-09-14,127.42716979980469,218.51492309570312
2017-09-15,127.9482650756836,218.80909729003906
2017-09-18,128.81976318359375,219.2744140625
2017-09-19,128.81976318359375,219.49398803710938
2017-09-20,129.23304748535156,219.572998046875
2017-09-21,129.0983123779297,218.984619140625
2017-09-22,129.64639282226562,219.02857971191406
2017-09-25,129.82601928710938,218.58078002929688
2017-09-26,130.2394256591797,218.71249389648438
2017-09-27,132.78822326660156,219.56419372558594
2017-09-28,133.1394500732422,219.82763671875
2017-09-29,133.4546356201172,220.6003875732422
2017-10-02,135.09384155273438,221.55747985839844
2017-10-03,135.3910369873047,222.03164672851562
2017-10-04,134.95877075195312,222.2950439453125
2017-10-05,135.3279266357422,223.6121826171875
2017-10-06,135.1388397216797,223.3575439453125
2017-10-09,134.58047485351562,222.98876953125
2017-10-10,134.96774291992188,223.5770721435547
2017-10-11,134.86868286132812,223.9282989501953
2017-10-12,134.7696075439453,223.59458923339844
2017-10-13,134.52638244628906,223.86683654785156
2017-10-16,134.4093475341797,224.1653594970703
2017-10-17,134.0220489501953,224.3234405517578
2017-10-18,134.6614990234375,224.54296875
2017-10-19,134.4543914794922,224.6044158935547
2017-10-20,135.0757598876953,225.7634735107422
2017-10-23,134.0670928955078,224.8854217529297
2017-10-24,134.34628295898438,225.28053283691406
2017-10-25,133.6978302001953,224.1653594970703
2017-10-26,133.9770050048828,224.45510864257812
2017-10-27,134.9046630859375,226.29034423828125
2017-10-30,133.48165893554688,225.44737243652344
2017-10-31,134.4273681640625,225.798583984375
2017-11-01,133.5356903076172,226.09718322753906
2017-11-02,133.93202209472656,226.1849822998047
2017-11-03,133.8419647216797,226.9401397705078
2017-11-06,133.99501037597656,227.2913360595703
2017-11-07,132.39193725585938,227.1333465576172
2017-11-08,132.57203674316406,227.51963806152344
2017-11-09,132.10369873046875,226.6942596435547
2017-11-10,132.00465393066406,226.62399291992188
2017-11-13,132.0406951904297,226.83470153808594
2017-11-14,131.68045043945312,226.30792236328125
2017-11-15,131.15809631347656,225.17515563964844
2017-11-16,133.08541870117188,227.08938598632812
2017-11-17,133.6978302001953,226.4220733642578
2017-11-20,134.6704864501953,226.8083953857422
2017-11-21,136.07546997070312,228.29234313964844
2017-11-22,135.8953399658203,228.09039306640625
2017-11-24,135.9493865966797,228.6171417236328
2017-11-27,135.5351104736328,228.50306701660156
2017-11-28,137.66958618164062,230.8212127685547
2017-11-29,138.12889099121094,230.68075561523438
2017-11-30,138.38104248046875,232.70033264160156
2017-12-01,137.8136749267578,232.21739196777344
2017-12-04,137.30032348632812,231.93641662597656
2017-12-05,135.93138122558594,231.1022186279297
2017-12-06,135.2919464111328,231.14613342285156
2017-12-07,136.2375946044922,231.8749542236328
2017-12-08,136.36370849609375,233.1393585205078
2017-12-11,136.30966186523438,233.84182739257812
2017-12-12,135.88641357421875,234.2544403076172
2017-12-13,136.69692993164062,234.22816467285156
2017-12-14,135.18386840820312,233.27110290527344
2017-12-15,137.11119079589844,235.21363830566406
2017-12-18,138.96653747558594,236.70518493652344
2017-12-19,137.86776733398438,235.7960968017578
2017-12-20,138.1378936767578,235.6725616455078
2017-12-21,138.74273681640625,236.15798950195312
2017-12-22,138.48960876464844,236.09617614746094
2017-12-26,138.57090759277344,235.8137664794922
2017-12-27,138.4353485107422,235.92855834960938
2017-12-28,138.97775268554688,236.41397094726562
2017-12-29,137.82962036132812,235.52249145507812
2018-01-02,139.13145446777344,237.20826721191406
2018-01-03,139.27609252929688,238.70858764648438
2018-01-04,139.64675903320312,239.7146759033203
2018-01-05,139.93603515625,241.31219482421875
2018-01-08,140.1530303955078,241.75341796875
2018-01-09,139.96316528320312,242.30072021484375
2018-01-10,139.981201171875,241.92994689941406
2018-01-11,142.38595581054688,243.69505310058594
2018-01-12,142.98265075683594,245.28366088867188
2018-01-16,141.1565399169922,244.44525146484375
2018-01-17,142.4944610595703,246.77528381347656
2018-01-18,141.51808166503906,246.36044311523438
2018-01-19,143.3804473876953,247.48135375976562
2018-01-22,144.14886474609375,249.49359130859375
2018-01-23,144.6099395751953,250.02316284179688
2018-01-24,143.71495056152344,249.92605590820312
2018-01-25,143.7691650390625,250.0319366455078
2018-01-26,144.28451538085938,252.92677307128906
2018-01-29,143.47085571289062,251.24984741210938
2018-01-30,142.0966796875,248.67282104492188
2018-01-31,141.35536193847656,248.7963409423828
2018-02-01,141.79837036132812,248.51394653320312
2018-02-02,139.06817626953125,243.10382080078125
2018-02-05,133.72531127929688,232.9365234375
2018-02-06,135.3254852294922,237.5259552001953
2018-02-07,135.4610595703125,236.2373809814453
2018-02-08,131.4833221435547,227.3763885498047
2018-02-09,132.6856689453125,230.79197692871094
2018-02-12,133.94227600097656,234.18101501464844
2018-02-13,134.2315673828125,234.7635040283203
2018-02-14,136.6453399658203,237.9319610595703
2018-02-15,138.1370391845703,240.96800231933594
2018-02-16,138.6251678466797,241.03854370117188
2018-02-20,137.48611450195312,239.5294189453125
2018-02-21,137.63075256347656,238.33790588378906
2018-02-22,137.41380310058594,238.64683532714844
2018-02-23,139.20375061035156,242.45066833496094
2018-02-26,140.1168975830078,245.26609802246094
2018-02-27,138.10086059570312,242.2035369873047
2018-02-28,135.92214965820312,239.7500457763672
2018-03-01,135.5604705810547,236.26388549804688
2018-03-02,137.730224609375,237.4818115234375
2018-03-05,138.95968627929688,240.2266082763672
2018-03-06,140.4604034423828,240.83560180664062
2018-03-07,141.6989288330078,240.747314453125
2018-03-08,141.40966796875,241.91232299804688
2018-03-09,143.66973876953125,246.12217712402344
2018-03-12,143.92282104492188,245.8132781982422
2018-03-13,143.25384521484375,244.22463989257812
2018-03-14,142.5758514404297,242.9713592529297
2018-03-15,141.86167907714844,242.7066650390625
2018-03-16,142.65724182128906,242.9698028564453
2018-03-19,141.28309631347656,239.68235778808594
2018-03-20,141.24691772460938,240.08998107910156
2018-03-21,142.06954956054688,239.62918090820312
2018-03-22,138.954345703125,233.63916015625
2018-03-23,135.964111328125,228.65921020507812
2018-03-26,138.93618774414062,234.91513061523438
2018-03-27,136.24496459960938,230.91880798339844
2018-03-28,136.19972229003906,230.2364959716797
2018-03-29,137.57701110839844,233.17835998535156
2018-04-02,134.22434997558594,228.145263671875
2018-04-03,136.14532470703125,231.0693817138672
2018-04-04,137.87603759765625,233.54164123535156
2018-04-05,139.0177764892578,235.3848419189453
2018-04-06,136.24496459960938,230.1390380859375
2018-04-09,136.40811157226562,231.27320861816406
2018-04-10,138.9815216064453,234.95057678222656
2018-04-11,139.280517578125,233.7188262939453
2018-04-12,140.23194885253906,235.6416778564453
2018-04-13,139.49798583984375,234.95057678222656
2018-04-16,140.78475952148438,236.88226318359375
2018-04-17,142.31605529785156,239.41650390625
2018-04-18,142.69659423828125,239.59378051757812
2018-04-19,141.7089385986328,238.26463317871094
2018-04-20,140.94776916503906,236.2442626953125
2018-04-23,140.73936462402344,236.2088623046875
2018-04-24,139.93295288085938,233.02772521972656
2018-04-25,139.7244873046875,233.60366821289062
2018-04-26,140.36785888671875,235.9783935546875
2018-04-27,140.16856384277344,236.19996643066406
2018-04-30,138.92710876464844,234.3834686279297
2018-05-01,139.60678100585938,234.79995727539062
2018-05-02,140.13230895996094,233.22264099121094
2018-05-03,139.37109375,232.70870971679688
2018-05-04,141.1108856201172,235.72149658203125
2018-05-07,142.30699157714844,236.5189666748047
2018-05-08,143.01377868652344,236.5189666748047
2018-05-09,143.78396606445312,238.80514526367188
2018-05-10,144.55416870117188,241.0380401611328
2018-05-11,144.83506774902344,241.77357482910156
2018-05-14,144.28233337402344,241.8887481689453
2018-05-15,144.30947875976562,240.22288513183594
2018-05-16,145.81369018554688,241.23301696777344
2018-05-17,146.48423767089844,241.0292510986328
2018-05-18,146.6745147705078,240.4266815185547
2018-05-21,147.64407348632812,242.23431396484375
2018-05-22,146.57481384277344,241.56085205078125
2018-05-23,146.76510620117188,242.2254638671875
2018-05-24,146.8195037841797,241.72921752929688
2018-05-25,146.55670166015625,241.15322875976562
2018-05-29,146.35736083984375,238.3798065185547
2018-05-30,148.6770782470703,241.56085205078125
2018-05-31,147.4900360107422,240.08106994628906
2018-06-01,148.4595947265625,242.43817138671875
2018-06-04,149.24789428710938,243.590087890625
2018-06-05,150.17214965820312,243.76731872558594
2018-06-06,151.2594757080078,245.80538940429688
2018-06-07,150.43495178222656,245.77879333496094
2018-06-08,150.88796997070312,246.50534057617188
2018-06-11,151.11456298828125,246.833251953125
2018-06-12,151.8031768798828,247.15225219726562
2018-06-13,151.2051239013672,246.36358642578125
2018-06-14,152.01162719726562,246.98388671875
2018-06-15,152.0569305419922,246.66883850097656
2018-06-18,152.7727508544922,246.16151428222656
2018-06-19,152.7817840576172,245.21792602539062
2018-06-20,154.01417541503906,245.63624572753906
2018-06-21,152.57339477539062,244.09646606445312
2018-06-22,152.06597900390625,244.54147338867188
2018-06-25,149.58319091796875,241.2126007080078
2018-06-26,150.45301818847656,241.74656677246094
2018-06-27,148.04275512695312,239.74388122558594
2018-06-28,148.49583435058594,241.11463928222656
2018-06-29,148.3961639404297,241.46182250976562
2018-07-02,149.42007446289062,241.9781036376953
2018-07-03,150.01571655273438,241.12355041503906
2018-07-05,151.72540283203125,243.09059143066406
2018-07-06,153.00767517089844,245.14669799804688
2018-07-09,153.97161865234375,247.3541717529297
2018-07-10,153.27137756347656,248.24420166015625
2018-07-11,151.970947265625,246.42843627929688
2018-07-12,152.70751953125,248.66258239746094
2018-07-13,152.2528533935547,248.8583984375
2018-07-16,151.66180419921875,248.63589477539062
2018-07-17,152.33468627929688,249.64163208007812
2018-07-18,152.76210021972656,250.16677856445312
2018-07-19,153.8443145751953,249.22332763671875
2018-07-20,153.21682739257812,248.93844604492188
2018-07-23,153.4077911376953,249.40135192871094
2018-07-24,151.77088928222656,250.65635681152344
2018-07-25,152.32565307617188,252.7926025390625
2018-07-26,153.1441192626953,252.1962432861328
2018-07-27,150.28854370117188,250.4871826171875
2018-07-30,149.3246307373047,249.17877197265625
2018-07-31,150.84326171875,250.4070587158203
2018-08-01,150.74322509765625,249.98878479003906
2018-08-02,151.8436279296875,251.3506317138672
2018-08-03,151.3162078857422,252.42755126953125
2018-08-06,152.16189575195312,253.35333251953125
2018-08-07,152.5256805419922,254.1899871826172
2018-08-08,152.38926696777344,254.08311462402344
2018-08-09,152.78036499023438,253.7360076904297
2018-08-10,152.3529052734375,252.0359649658203
2018-08-13,151.46168518066406,251.09251403808594
2018-08-14,152.96217346191406,252.69464111328125
2018-08-15,151.04335021972656,250.8076934814453
2018-08-16,152.44383239746094,252.8371124267578
2018-08-17,153.09866333007812,253.72711181640625
2018-08-20,153.52601623535156,254.2701416015625
2018-08-21,155.290283203125,254.86647033691406
2018-08-22,155.6722412109375,254.71514892578125
2018-08-23,155.19935607910156,254.37680053710938
2018-08-24,156.0450897216797,255.90786743164062
2018-08-27,156.2724151611328,257.9283142089844
2018-08-28,156.41790771484375,258.05291748046875
2018-08-29,156.87266540527344,259.4415588378906
2018-08-30,156.7453155517578,258.39111328125
2018-08-31,157.34552001953125,258.4000244140625
2018-09-04,156.6453094482422,257.9549560546875
2018-09-05,156.22694396972656,257.2607727050781
2018-09-06,155.1720733642578,256.486328125
2018-09-07,155.09027099609375,255.98797607421875
2018-09-10,155.28121948242188,256.43304443359375
2018-09-11,155.53585815429688,257.278564453125
2018-09-12,155.16299438476562,257.3408203125
2018-09-13,155.19935607910156,258.86285400390625
2018-09-14,155.8541259765625,258.9073181152344
2018-09-17,154.19898986816406,257.5367126464844
2018-09-18,154.84471130371094,258.93408203125
2018-09-19,154.28085327148438,259.2099914550781
2018-09-20,155.7086181640625,261.3106689453125
2018-09-21,154.96287536621094,261.0718688964844
2018-09-24,154.38999938964844,260.20465087890625
2018-09-25,154.6264190673828,259.9631652832031
2018-09-26,153.2130889892578,259.1853942871094
2018-09-27,153.22216796875,259.9095458984375
2018-09-28,153.6873016357422,259.93634033203125
2018-10-01,151.66305541992188,260.8394470214844
2018-10-02,150.0216827392578,260.6874084472656
2018-10-03,151.334716796875,260.8304443359375
2018-10-04,149.21018981933594,258.7919006347656
2018-10-05,147.86070251464844,257.343505859375
2018-10-08,147.55072021484375,257.343505859375
2018-10-09,146.9762725830078,256.9678955078125
2018-10-10,142.75450134277344,248.83152770996094
2018-10-11,140.02818298339844,243.3505859375
2018-10-12,140.0555419921875,246.73037719726562
2018-10-15,140.5752716064453,245.3445281982422
2018-10-16,144.65113830566406,250.70916748046875
2018-10-17,144.03103637695312,250.75387573242188
2018-10-18,141.3320770263672,247.1327362060547
2018-10-19,139.83670043945312,246.99859619140625
2018-10-22,139.53579711914062,245.88992309570312
2018-10-23,138.2865753173828,244.63807678222656
2018-10-24,133.08009338378906,237.22593688964844
2018-10-25,135.96145629882812,241.48190307617188
2018-10-26,134.47518920898438,237.23486328125
2018-10-29,133.73660278320312,235.9204864501953
2018-10-30,136.52684020996094,239.41648864746094
2018-10-31,136.8003692626953,241.97364807128906
2018-11-01,139.95526123046875,244.54879760742188
2018-11-02,140.42027282714844,243.10032653808594
2018-11-05,140.3108673095703,244.44139099121094
2018-11-06,141.00384521484375,245.9882354736328
2018-11-07,143.52957153320312,251.2545623779297
2018-11-08,143.14657592773438,250.7985076904297
2018-11-09,140.49322509765625,248.34872436523438
2018-11-12,137.71214294433594,243.70823669433594
2018-11-13,137.27447509765625,243.25230407714844
2018-11-14,136.2714385986328,241.58921813964844
2018-11-15,138.21365356445312,244.110595703125
2018-11-16,138.54196166992188,244.74542236328125
2018-11-19,135.73345947265625,240.6056671142578
2018-11-20,133.11660766601562,236.1529541015625
2018-11-21,134.97671508789062,236.9576873779297
2018-11-23,134.8490447998047,235.37509155273438
2018-11-26,136.5997314453125,239.17507934570312
2018-11-27,135.4690704345703,239.979736328125
2018-11-28,138.81546020507812,245.50540161132812
2018-11-29,138.44163513183594,244.9689483642578
2018-11-30,139.16189575195312,246.46209716796875
2018-12-03,140.49322509765625,249.7256317138672
2018-12-04,134.51165771484375,241.63394165039062
2018-12-06,134.21986389160156,241.26734924316406
2018-12-07,131.32029724121094,235.66119384765625
2018-12-10,130.93736267089844,236.10826110839844
2018-12-11,130.80055236816406,236.1619110107422
2018-12-12,132.0497589111328,237.35105895996094
2018-12-13,130.1805419921875,237.2706298828125
2018-12-14,128.2110595703125,232.8894500732422
2018-12-17,125.35570526123047,228.32057189941406
2018-12-18,125.20020294189453,228.0702362060547
2018-12-19,122.59273529052734,224.6546630859375
2018-12-20,120.57090759277344,220.99778747558594
2018-12-21,117.44204711914062,216.4696044921875
2018-12-24,115.16401672363281,210.74990844726562
2018-12-26,120.6989974975586,221.3979949951172
2018-12-27,121.2021484375,223.09774780273438
2018-12-28,121.54981231689453,222.80995178222656
2018-12-31,122.50128173828125,224.7615203857422
2019-01-02,123.19659423828125,224.99533081054688
2019-01-03,120.99174499511719,219.62632751464844
2019-01-04,125.5112075805664,226.9828338623047
2019-01-07,127.70689392089844,228.7725372314453
2019-01-08,129.66470336914062,230.92193603515625
2019-01-09,130.735107421875,232.0011749267578
2019-01-10,131.412109375,232.8195343017578
2019-01-11,131.44871520996094,232.90948486328125
2019-01-14,130.14048767089844,231.48855590820312
2019-01-15,131.2383270263672,234.14154052734375
2019-01-16,132.21722412109375,234.70806884765625
2019-01-17,133.4156951904297,236.4888153076172
2019-01-18,134.7880096435547,239.636474609375
2019-01-22,132.6563720703125,236.39886474609375
2019-01-23,132.29039001464844,236.89349365234375
2019-01-24,133.08633422851562,237.01942443847656
2019-01-25,134.79713439941406,239.02488708496094
2019-01-28,134.07440185546875,237.2082977294922
2019-01-29,133.7541961669922,236.89349365234375
2019-01-30,135.21798706054688,240.6436767578125
2019-01-31,136.37069702148438,242.7571258544922
2019-02-01,136.48052978515625,242.87408447265625
2019-02-04,138.10897827148438,244.58285522460938
2019-02-05,138.25538635253906,245.6081085205078
2019-02-06,138.08157348632812,245.28428649902344
2019-02-07,136.9470977783203,242.94601440429688
2019-02-08,137.09349060058594,243.2427978515625
2019-02-11,138.23707580566406,243.37774658203125
2019-02-12,139.96617126464844,246.5073699951172
2019-02-13,140.35960388183594,247.3076934814453
2019-02-14,140.6797637939453,246.7592315673828
2019-02-15,142.9212188720703,249.44822692871094
2019-02-19,143.3145751953125,249.87985229492188
2019-02-20,143.99160766601562,250.38356018066406
2019-02-21,143.4427032470703,249.49317932128906
2019-02-22,144.6869354248047,251.0399932861328
2019-02-25,144.7235107421875,251.38174438476562
2019-02-26,143.726318359375,251.2019500732422
2019-02-27,143.92759704589844,251.093994140625
2019-02-28,143.4335479736328,250.6263885498047
2019-03-01,144.76925659179688,252.19114685058594
2019-03-04,143.46099853515625,251.27383422851562
2019-03-05,142.7931365966797,250.9320831298828
2019-03-06,139.99363708496094,249.4123077392578
2019-03-07,138.7676544189453,247.32571411132812
2019-03-08,138.73104858398438,246.83108520507812
2019-03-11,141.15548706054688,250.4105224609375
2019-03-12,141.2286834716797,251.35482788085938
2019-03-13,141.78677368164062,253.01852416992188
2019-03-14,141.21038818359375,252.8567352294922
2019-03-15,141.58547973632812,254.1058807373047
2019-03-18,142.49130249023438,255.02731323242188
2019-03-19,141.76844787597656,255.0905303955078
2019-03-20,140.58697509765625,254.3227081298828
2019-03-21,142.43077087402344,257.19525146484375
2019-03-22,137.2479705810547,252.2451629638672
2019-03-25,137.85340881347656,252.05545043945312
2019-03-26,139.30276489257812,253.93429565429688
2019-03-27,138.7615509033203,252.60647583007812
2019-03-28,139.9998779296875,253.56398010253906
2019-03-29,140.4310302734375,255.16285705566406
2019-04-01,141.96292114257812,258.1888427734375
2019-04-02,141.59600830078125,258.3152770996094
2019-04-03,142.32986450195312,258.7218017578125
2019-04-04,143.02703857421875,259.40826416015625
2019-04-05,144.36631774902344,260.66387939453125
2019-04-08,144.1278076171875,260.8626403808594
2019-04-09,142.36656188964844,259.5256652832031
2019-04-10,144.30209350585938,260.410888671875
2019-04-11,144.11863708496094,260.3386535644531
2019-04-12,144.6414794921875,262.1001281738281
2019-04-15,144.1736297607422,261.928466796875
2019-04-16,144.5130615234375,262.1001281738281
2019-04-17,143.19215393066406,261.458740234375
2019-04-18,142.7701873779297,261.9736328125
2019-04-22,142.3940887451172,262.1994934082031
2019-04-23,144.5405731201172,264.5570373535156
2019-04-24,144.99005126953125,263.97003173828125
2019-04-25,143.7883758544922,263.80731201171875
2019-04-26,145.1826934814453,265.035888671875
2019-04-29,145.87985229492188,265.4513854980469
2019-04-30,145.20103454589844,265.58685302734375
2019-05-01,143.82508850097656,263.5904846191406
2019-05-02,144.49472045898438,263.021484375
2019-05-03,147.2558135986328,265.5958557128906
2019-05-06,147.4209442138672,264.50286865234375
2019-05-07,144.50390625,260.08575439453125
2019-05-08,143.7975311279297,259.72442626953125
2019-05-09,143.2747039794922,258.9386291503906
2019-05-10,143.6691436767578,260.2392883300781
2019-05-13,139.09176635742188,253.69944763183594
2019-05-14,140.84384155273438,255.99383544921875
2019-05-15,141.30245971679688,257.4932861328125
2019-05-16,142.18310546875,259.87799072265625
2019-05-17,140.20169067382812,258.19793701171875
2019-05-20,139.2293701171875,256.4906005859375
2019-05-21,141.1006622314453,258.8030700683594
2019-05-22,139.9173126220703,258.0082092285156
2019-05-23,137.0369873046875,254.85574340820312
2019-05-24,138.32122802734375,255.43386840820312
2019-05-28,137.22042846679688,253.0581512451172
2019-05-29,136.07382202148438,251.35989379882812
2019-05-30,135.69772338867188,252.04637145996094
2019-05-31,133.79885864257812,248.65000915527344
2019-06-03,134.26669311523438,248.01780700683594
2019-06-04,137.74331665039062,253.40142822265625
2019-06-05,137.7708282470703,255.5963897705078
2019-06-06,137.41307067871094,257.25848388671875
2019-06-07,138.3854217529297,259.832763671875
2019-06-10,139.20184326171875,261.0252990722656
2019-06-11,138.78909301757812,260.9619140625
2019-06-12,138.94500732421875,260.501220703125
2019-06-13,140.4127197265625,261.576171875
2019-06-14,139.1835174560547,261.2871398925781
2019-06-17,140.14366149902344,261.38653564453125
2019-06-18,141.77297973632812,264.1235656738281
2019-06-19,142.27926635742188,264.7196044921875
2019-06-20,142.95127868652344,267.2488708496094
2019-06-21,141.71774291992188,266.8604431152344
2019-06-24,139.99630737304688,266.53369140625
2019-06-25,139.1402130126953,263.91949462890625
2019-06-26,138.81797790527344,263.65625
2019-06-27,141.42320251464844,264.59124755859375
2019-06-28,143.1446075439453,265.9526672363281
2019-07-01,143.69692993164062,268.3671569824219
2019-07-02,142.82241821289062,269.0661315917969
2019-07-03,143.8441925048828,271.21734619140625
2019-07-05,144.23085021972656,270.90863037109375
2019-07-08,142.85922241210938,269.4200744628906
2019-07-09,143.0525665283203,269.7559509277344
2019-07-10,143.3010711669922,271.0448913574219
2019-07-11,142.6014862060547,271.68023681640625
2019-07-12,143.70614624023438,272.8965759277344
2019-07-15,142.95127868652344,272.9872741699219
2019-07-16,142.90524291992188,272.1068115234375
2019-07-17,141.88345336914062,270.2550964355469
2019-07-18,142.4173126220703,271.2445373535156
2019-07-19,141.59805297851562,269.7378234863281
2019-07-22,141.4691925048828,270.400390625
2019-07-23,142.4081268310547,272.3338623046875
2019-07-24,144.7647247314453,273.6135559082031
2019-07-25,143.0157470703125,272.30657958984375
2019-07-26,144.70950317382812,274.1309814453125
2019-07-29,143.74295043945312,273.6317443847656
2019-07-30,145.2986297607422,272.9601135253906
2019-07-31,144.12033081054688,269.97381591796875
2019-08-01,142.03073120117188,267.62286376953125
2019-08-02,140.45660400390625,265.6077880859375
2019-08-05,136.24050903320312,257.6201171875
2019-08-06,137.49244689941406,261.2326965332031
2019-08-07,137.45565795898438,261.38702392578125
2019-08-08,140.41978454589844,266.5154724121094
2019-08-09,138.65234375,264.7000732421875
2019-08-12,136.85731506347656,261.4777526855469
2019-08-13,138.3302001953125,265.54425048828125
2019-08-14,134.4638671875,257.6927185058594
2019-08-15,133.92991638183594,258.37347412109375
2019-08-16,136.82046508789062,262.185791015625
2019-08-19,138.20127868652344,265.3445739746094
2019-08-20,137.2991485595703,263.311279296875
2019-08-21,138.43141174316406,265.4535217285156
2019-08-22,138.1092071533203,265.3717346191406
2019-08-23,133.87469482421875,258.5550842285156
2019-08-26,135.34762573242188,261.4142761230469
2019-08-27,133.34080505371094,260.3885803222656
2019-08-28,134.89654541015625,262.2220764160156
2019-08-29,137.26234436035156,265.571533203125
2019-08-30,137.01380920410156,265.4535217285156
2019-09-03,135.00698852539062,263.9013366699219
2019-09-04,136.09324645996094,266.89666748046875
2019-09-05,138.6247100830078,270.3277282714844
2019-09-06,137.9895477294922,270.5364990234375
2019-09-09,139.83984375,270.6726989746094
2019-09-10,141.6256866455078,270.609130859375
2019-09-11,144.52540588378906,272.533447265625
2019-09-12,144.5622100830078,273.4773254394531
2019-09-13,144.81080627441406,273.2959289550781
2019-09-16,145.35389709472656,272.4517822265625
2019-09-17,144.9764862060547,273.1416320800781
2019-09-18,144.08355712890625,273.30499267578125
2019-09-19,143.38394165039062,273.2867736816406
2019-09-20,143.0801544189453,271.99560546875
2019-09-23,142.96971130371094,271.9317932128906
2019-09-24,140.81170654296875,269.7980651855469
2019-09-25,142.3544464111328,271.393798828125
2019-09-26,140.76556396484375,270.8284606933594
2019-09-27,139.63858032226562,269.3692626953125
2019-09-30,139.80484008789062,270.61865234375
2019-10-01,137.06121826171875,267.3997497558594
2019-10-02,136.0265655517578,262.6761779785156
2019-10-03,136.47923278808594,264.8282165527344
2019-10-04,137.77252197265625,268.41192626953125
2019-10-07,137.5323486328125,267.2537841796875
2019-10-08,135.29676818847656,263.10479736328125
2019-10-09,135.91566467285156,265.60333251953125
2019-10-10,136.46072387695312,267.3997497558594
2019-10-11,138.77020263671875,270.1718444824219
2019-10-14,138.2620849609375,269.8708801269531
2019-10-15,139.85098266601562,272.5427551269531
2019-10-16,139.9988555908203,272.1050109863281
2019-10-17,141.65235900878906,272.9074401855469
2019-10-18,140.97804260253906,271.712890625
2019-10-21,142.2990264892578,273.55487060546875
2019-10-22,142.4561004638672,272.6612548828125
2019-10-23,142.63157653808594,273.4546203613281
2019-10-24,142.42831420898438,273.9014587402344
2019-10-25,143.18582153320312,275.0230407714844
2019-10-28,144.42372131347656,276.5732116699219
2019-10-29,144.8948211669922,276.4912109375
2019-10-30,144.41448974609375,277.3392028808594
2019-10-31,143.60154724121094,276.6005554199219
2019-11-01,146.04957580566406,279.16302490234375
2019-11-04,146.83477783203125,280.2845458984375
2019-11-05,147.01954650878906,279.9745178222656
2019-11-06,146.16961669921875,280.0384216308594
2019-11-07,146.55763244628906,281.02325439453125
2019-11-08,146.95486450195312,281.7162170410156
2019-11-11,146.67776489257812,281.1783447265625
2019-11-12,146.72390747070312,281.77099609375
2019-11-13,146.09576416015625,281.8621520996094
2019-11-14,146.04957580566406,282.27252197265625
2019-11-15,146.80709838867188,284.31512451171875
2019-11-18,146.43756103515625,284.5248718261719
2019-11-19,146.9825897216797,284.4427490234375
2019-11-20,146.42831420898438,283.3849792480469
2019-11-21,145.70777893066406,282.92901611328125
2019-11-22,146.160400390625,283.55828857421875
2019-11-25,149.26431274414062,285.7558288574219
2019-11-26,149.36593627929688,286.4033203125
2019-11-27,150.4190673828125,287.67999267578125
2019-11-29,149.43980407714844,286.613037109375
2019-12-02,147.98028564453125,284.1783142089844
2019-12-03,147.50914001464844,282.27252197265625
2019-12-04,148.52529907226562,284.0141296386719
2019-12-05,148.67311096191406,284.5248718261719
2019-12-06,150.4097900390625,287.12371826171875
2019-12-09,150.1234130859375,286.2209167480469
2019-12-10,150.21583557128906,285.90179443359375
2019-12-11,150.16961669921875,286.7134094238281
2019-12-12,151.462890625,289.1846008300781
2019-12-13,150.88092041015625,289.3578186035156
2019-12-16,151.9444122314453,291.34576416015625
2019-12-17,152.7047119140625,291.4095458984375
2019-12-18,153.00137329101562,291.4277648925781
2019-12-19,153.65968322753906,292.6222839355469
2019-12-20,153.88214111328125,293.90533447265625
2019-12-23,154.1881866455078,294.35418701171875
2019-12-24,154.5404815673828,294.36334228515625
2019-12-26,154.5404815673828,295.93035888671875
2019-12-27,153.78016662597656,295.8570251464844
2019-12-30,153.39077758789062,294.2259521484375
2019-12-31,153.60400390625,294.9407043457031
2020-01-02,153.70602416992188,297.6990051269531
2020-01-03,153.1033477783203,295.4447326660156
2020-01-06,153.3073272705078,296.57183837890625
2020-01-07,152.79737854003906,295.7379455566406
2020-01-08,153.27024841308594,297.3140869140625
2020-01-09,153.45570373535156,299.33001708984375
2020-01-10,152.88084411621094,298.4687805175781
2020-01-13,153.8728790283203,300.5213623046875
2020-01-14,154.4384765625,300.06317138671875
2020-01-15,155.18020629882812,300.7413024902344
2020-01-16,157.18295288085938,303.2430114746094
2020-01-17,156.7563934326172,304.18682861328125
2020-01-21,155.45835876464844,303.5911865234375
2020-01-22,155.35638427734375,303.6279296875
2020-01-23,155.2543487548828,303.97607421875
2020-01-24,153.3444061279297,301.2728271484375
2020-01-27,151.60134887695312,296.4435119628906
2020-01-28,152.8623046875,299.5500793457031
2020-01-29,151.99072265625,299.3025817871094
2020-01-30,151.99072265625,300.2739562988281
2020-01-31,148.83839416503906,294.82159423828125
2020-02-03,150.49803161621094,297.01177978515625
2020-02-04,152.7696075439453,301.53851318359375
2020-02-05,155.1245880126953,305.02069091796875
2020-02-06,154.7722625732422,306.0470275878906
2020-02-07,152.87156677246094,304.41595458984375
2020-02-10,153.73385620117188,306.68853759765625
2020-02-11,154.80007934570312,307.2200012207031
2020-02-12,155.86631774902344,309.1993713378906
2020-02-13,156.27427673339844,308.86944580078125
2020-02-14,155.671630859375,309.3642883300781
2020-02-18,155.33787536621094,308.5670471191406
2020-02-19,156.13522338867188,310.0424499511719
2020-02-20,156.5153350830078,308.7686462402344
2020-02-21,154.9298858642578,305.58880615234375
2020-02-24,150.26622009277344,295.4538879394531
2020-02-25,144.9257354736328,286.5010986328125
2020-02-26,143.24752807617188,285.4471435546875
2020-02-27,138.20376586914062,272.6273498535156
2020-02-28,135.6725616455078,271.4818420410156
2020-03-02,140.03030395507812,283.2387390136719
2020-03-03,137.1746063232422,275.1289367675781
2020-03-04,141.07798767089844,286.6935119628906
2020-03-05,136.5904998779297,277.1632995605469
2020-03-06,133.88316345214844,272.5815124511719
2020-03-09,120.86571502685547,251.2943878173828
2020-03-10,124.6392822265625,264.2976379394531
2020-03-11,116.71199035644531,251.4134521484375
2020-03-12,103.81507873535156,227.3589324951172
2020-03-13,110.76883697509766,246.79498291015625
2020-03-16,96.0732192993164,219.78973388671875
2020-03-17,100.4772720336914,231.6566619873047
2020-03-18,92.6890640258789,219.92723083496094
2020-03-19,96.30500793457031,220.3945770263672
2020-03-20,94.01490783691406,210.89683532714844
2020-03-23,92.6241455078125,205.5045623779297
2020-03-24,101.09847259521484,224.12396240234375
2020-03-25,102.35496520996094,227.47915649414062
2020-03-26,108.7213363647461,240.76161193847656
2020-03-27,104.76563262939453,233.59039306640625
2020-03-30,107.07391357421875,241.1763916015625
2020-03-31,106.5340805053711,237.58155822753906
2020-04-01,99.27420043945312,226.8892059326172
2020-04-02,100.21424102783203,232.12477111816406
2020-04-03,97.37545013427734,228.7696075439453
2020-04-06,104.83079528808594,244.13523864746094
2020-04-07,105.10069274902344,244.38409423828125
2020-04-08,109.89408111572266,252.58761596679688
2020-04-09,115.1528549194336,256.4313659667969
2020-04-13,112.03482818603516,254.0901641845703
2020-04-14,114.30586242675781,261.5838928222656
2020-04-15,109.6427993774414,256.0257873535156
2020-04-16,108.81441497802734,257.2610168457031
2020-04-17,113.6077880859375,264.2109680175781
2020-04-20,112.26752471923828,259.5561828613281
2020-04-21,109.58695983886719,251.6751708984375
2020-04-22,110.91790008544922,257.2610168457031
2020-04-23,112.00688934326172,257.2425842285156
2020-04-24,113.93356323242188,260.8281555175781
2020-04-27,118.44773864746094,264.5888671875
2020-04-28,120.16960144042969,263.37213134765625
2020-04-29,126.07991027832031,270.266845703125
2020-04-30,121.2865219116211,267.75054931640625
2020-05-01,116.4745101928711,260.6622619628906
2020-05-04,116.97712707519531,261.3812255859375
2020-05-05,117.87996673583984,263.7961730957031
2020-05-06,117.01433563232422,262.0079345703125
2020-05-07,118.61524963378906,265.1695556640625
2020-05-08,123.19453430175781,269.55712890625
2020-05-11,122.58023834228516,269.6124572753906
2020-05-12,118.17780303955078,264.2386474609375
2020-05-13,114.22209930419922,259.5652770996094
2020-05-14,114.59439086914062,262.67156982421875
2020-05-15,116.41868591308594,263.8791809082031
2020-05-18,123.49239349365234,271.9168395996094
2020-05-19,121.0538101196289,269.1239013671875
2020-05-20,124.72098541259766,273.6958312988281
2020-05-21,124.94437408447266,271.8062744140625
2020-05-22,125.54935455322266,272.32232666015625
2020-05-26,129.16998291015625,275.67755126953125
2020-05-27,133.1815185546875,279.77935791015625
2020-05-28,130.02627563476562,279.26312255859375
2020-05-29,129.2816619873047,280.5074768066406
2020-06-01,130.5195770263672,281.641357421875
2020-06-02,131.59927368164062,283.9733581542969
2020-06-03,134.7731475830078,287.75250244140625
2020-06-04,134.57766723632812,286.9966735839844
2020-06-05,139.78057861328125,294.3523254394531
2020-06-08,142.48904418945312,297.9102783203125
2020-06-09,139.85507202148438,295.68878173828125
2020-06-10,136.05758666992188,294.03887939453125
2020-06-11,125.67967224121094,277.0878601074219
2020-06-12,128.69529724121094,280.4061279296875
2020-06-15,131.6707305908203,283.02386474609375
2020-06-16,134.836669921875,288.471435546875
2020-06-17,132.39918518066406,287.273193359375
2020-06-18,132.3524627685547,287.3838195800781
2020-06-19,131.6707305908203,285.7414245605469
2020-06-22,132.98751831054688,287.5744934082031
2020-06-23,133.5478515625,288.8985290527344
2020-06-24,129.21458435058594,281.5290222167969
2020-06-25,131.1664276123047,284.5470886230469
2020-06-26,127.63627624511719,277.7887268066406
2020-06-29,131.810791015625,281.87158203125
2020-06-30,133.7159881591797,285.48223876953125
2020-07-01,132.44586181640625,287.48187255859375
2020-07-02,132.98751831054688,289.0650634765625
2020-07-06,133.94944763183594,293.5274658203125
2020-07-07,131.57736206054688,290.50006103515625
2020-07-08,132.5579376220703,292.7220153808594
2020-07-09,129.8776397705078,291.0555419921875
2020-07-10,131.96957397460938,294.02740478515625
2020-07-13,130.29791259765625,291.48138427734375
2020-07-14,132.4552001953125,295.25872802734375
2020-07-15,137.31149291992188,297.9713439941406
2020-07-16,136.4989776611328,296.9900207519531
2020-07-17,136.90054321289062,297.85101318359375
2020-07-20,136.31219482421875,300.25811767578125
2020-07-21,138.245361328125,300.8969421386719
2020-07-22,138.32008361816406,302.6096496582031
2020-07-23,138.46017456054688,298.99896240234375
2020-07-24,136.4242706298828,297.07330322265625
2020-07-27,137.84378051757812,299.23974609375
2020-07-28,136.47096252441406,297.3418273925781
2020-07-29,139.47811889648438,300.9987487792969
2020-07-30,138.9271240234375,299.92486572265625
2020-07-31,137.61968994140625,302.29486083984375
2020-08-03,139.86102294921875,304.3964538574219
2020-08-04,140.82290649414062,305.57220458984375
2020-08-05,143.62469482421875,307.4701843261719
2020-08-06,143.568603515625,309.52545166015625
2020-08-07,145.8473663330078,309.74761962890625
2020-08-10,147.36024475097656,310.6734313964844
2020-08-11,146.51040649414062,308.1089782714844
2020-08-12,147.1081085205078,312.4046630859375
2020-08-13,146.79991149902344,311.8398742675781
2020-08-14,146.70655822753906,311.84912109375
2020-08-17,147.46302795410156,312.83984375
2020-08-18,146.0527801513672,313.5157165527344
2020-08-19,146.0621337890625,312.2102966308594
2020-08-20,145.46446228027344,313.1823425292969
2020-08-21,144.39044189453125,314.2933654785156
2020-08-24,145.9033660888672,317.4781494140625
2020-08-25,146.0621337890625,318.5890808105469
2020-08-26,145.1469268798828,321.7830810546875
2020-08-27,145.5017852783203,322.4867858886719
2020-08-28,146.73455810546875,324.56976318359375
2020-08-31,145.15626525878906,323.39404296875
2020-09-01,146.81858825683594,326.43988037109375
2020-09-02,147.98597717285156,331.1615905761719
2020-09-03,143.61529541015625,319.7648620605469
2020-09-04,142.7000732421875,317.1540832519531
2020-09-08,139.95443725585938,308.48858642578125
2020-09-09,142.0743865966797,314.5804138183594
2020-09-10,140.22525024414062,309.11810302734375
2020-09-11,139.29141235351562,309.2754821777344
2020-09-14,142.96160888671875,313.3490295410156
2020-09-15,143.23245239257812,314.93212890625
2020-09-16,144.58657836914062,313.682373046875
2020-09-17,143.53125,310.92340087890625
2020-09-18,143.15768432617188,307.3437805175781
2020-09-21,138.14266967773438,303.9232482910156
2020-09-22,139.20730590820312,307.01849365234375
2020-09-23,135.0599822998047,299.8984069824219
2020-09-24,135.0599822998047,300.6977844238281
2020-09-25,137.253662109375,305.5591735839844
2020-09-28,140.63784790039062,310.6343688964844
2020-09-29,140.0003662109375,308.9425964355469
2020-09-30,140.42222595214844,311.2850036621094
2020-10-01,142.6627655029297,313.2834167480469
2020-10-02,143.2908935546875,310.3090515136719
2020-10-05,147.24697875976562,315.811767578125
2020-10-06,146.82510375976562,311.3221435546875
2020-10-07,150.03121948242188,316.7412109375
2020-10-08,151.73739624023438,319.54827880859375
2020-10-09,152.52488708496094,322.40203857421875
2020-10-12,153.5467071533203,327.58868408203125
2020-10-13,152.52488708496094,325.4507751464844
2020-10-14,151.0155487060547,323.4058837890625
2020-10-15,152.57176208496094,323.0061340332031
2020-10-16,152.19674682617188,322.81097412109375
2020-10-19,150.3780975341797,317.9031982421875
2020-10-20,150.7061767578125,319.1766357421875
2020-10-21,149.41249084472656,318.5723876953125
2020-10-22,151.9905242919922,320.31988525390625
2020-10-23,152.87173461914062,321.4073791503906
2020-10-26,149.57188415527344,315.46783447265625
2020-10-27,148.2875518798828,314.3802795410156
2020-10-28,143.7220916748047,303.63507080078125
2020-10-29,145.4376678466797,306.7211608886719
2020-10-30,143.51585388183594,303.5235900878906
2020-11-02,146.0751495361328,306.9255676269531
2020-11-03,150.21873474121094,312.3446350097656
2020-11-04,150.38748168945312,319.3252868652344
2020-11-05,154.59666442871094,325.55303955078125
2020-11-06,153.3873291015625,325.4787292480469
2020-11-09,158.94650268554688,329.56854248046875
2020-11-10,161.8994598388672,329.0851745605469
2020-11-11,161.83384704589844,331.52984619140625
2020-11-12,159.3495635986328,328.3136901855469
2020-11-13,162.64947509765625,332.8590087890625
2020-11-16,166.5211639404297,337.01397705078125
2020-11-17,167.2992401123047,335.2014465332031
2020-11-18,164.95562744140625,331.16729736328125
2020-11-19,166.22117614746094,332.5616149902344
2020-11-20,166.3992919921875,330.2842712402344
2020-11-23,169.5116729736328,332.26416015625
2020-11-24,172.6990203857422,337.61810302734375
2020-11-25,172.10841369628906,337.09759521484375
2020-11-27,172.83966064453125,338.036376953125
2020-11-30,169.6991729736328,336.5398864746094
2020-12-01,171.27406311035156,340.2207336425781
2020-12-02,171.4522247314453,340.9365234375
2020-12-03,172.4178009033203,340.843505859375
2020-12-04,176.43011474609375,343.78076171875
2020-12-07,176.59886169433594,343.0743713378906
2020-12-08,178.86753845214844,344.0782470703125
2020-12-09,177.56446838378906,340.9922180175781
2020-12-10,179.2799835205078,340.8807067871094
2020-12-11,178.3988037109375,340.48101806640625
2020-12-14,178.6075439453125,338.95660400390625
2020-12-15,183.0743865966797,343.53912353515625
2020-12-16,182.41612243652344,344.0782470703125
2020-12-17,184.58840942382812,346.0023193359375
2020-12-18,183.6950225830078,344.6207580566406
2020-12-21,183.6010284423828,343.3886413574219
2020-12-22,185.68865966796875,342.809814453125
2020-12-23,187.26852416992188,343.117919921875
2020-12-24,187.146240234375,344.4527893066406
2020-12-28,186.4503631591797,347.411865234375
2020-12-29,182.83934020996094,346.7491149902344
2020-12-30,184.70127868652344,347.2437744140625
2020-12-31,184.3721466064453,349.0081787109375
2021-01-04,181.96473693847656,344.2568054199219
2021-01-05,184.7764892578125,346.6277770996094
2021-01-06,192.33718872070312,348.7000427246094
2021-01-07,195.76023864746094,353.8808898925781
2021-01-08,195.33702087402344,355.897216796875
2021-01-11,195.16775512695312,353.4981384277344
2021-01-12,198.66598510742188,353.5727844238281
2021-01-13,197.24603271484375,354.5249938964844
2021-01-14,201.1862335205078,353.28338623046875
2021-01-15,198.18641662597656,350.7071228027344
2021-01-19,200.72543334960938,353.46075439453125
2021-01-20,201.60939025878906,358.3521728515625
2021-01-21,199.86026000976562,358.678955078125
2021-01-22,202.1830596923828,357.4094543457031
2021-01-25,201.9855499267578,358.81903076171875
2021-01-26,200.58441162109375,358.2588195800781
2021-01-27,196.90748596191406,349.50286865234375
2021-01-28,196.27740478515625,352.5086975097656
2021-01-29,193.3057861328125,345.45166015625
2021-02-01,198.05474853515625,351.2017822265625
2021-02-02,200.87591552734375,356.16790771484375
2021-02-03,201.47776794433594,356.447998046875
2021-02-04,205.5872344970703,360.49920654296875
2021-02-05,208.4365997314453,361.9180603027344
2021-02-08,213.75914001464844,364.5318603515625
2021-02-09,214.76539611816406,364.2892150878906
2021-02-10,213.35482788085938,364.13043212890625
2021-02-11,213.11033630371094,364.7185363769531
2021-02-12,213.712158203125,366.5201416015625
2021-02-16,212.36740112304688,366.20269775390625
2021-02-17,210.7029571533203,366.2868347167969
2021-02-18,207.43980407714844,364.7278747558594
2021-02-19,211.7655792236328,364.0837097167969
2021-02-22,210.39259338378906,361.28326416015625
2021-02-23,208.54005432128906,361.7220764160156
2021-02-24,213.46766662597656,365.7080383300781
2021-02-25,205.5778350830078,356.8960266113281
2021-02-26,205.2957305908203,355.0570373535156
2021-03-01,212.5931396484375,363.6637268066406
2021-03-02,208.50247192382812,360.82598876953125
2021-03-03,206.24551391601562,356.0465087890625
2021-03-04,200.48097229003906,351.6405334472656
2021-03-05,204.73150634765625,358.10955810546875
2021-03-08,205.7000732421875,356.32659912109375
2021-03-09,210.02590942382812,361.41400146484375
2021-03-10,213.67454528808594,363.6637268066406
2021-03-11,218.37652587890625,367.3509216308594
2021-03-12,219.664794921875,367.84564208984375
2021-03-15,220.4453582763672,370.0393981933594
2021-03-16,216.75904846191406,369.5726623535156
2021-03-17,218.46116638183594,370.8328552246094
2021-03-18,211.81260681152344,365.4373474121094
2021-03-19,213.41123962402344,364.76116943359375
2021-03-22,211.80320739746094,367.6737060546875
2021-03-23,204.12025451660156,364.7799072265625
2021-03-24,199.3994903564453,362.92547607421875
2021-03-25,204.1272430419922,364.96722412109375
2021-03-26,207.84872436523438,370.8486328125
2021-03-29,201.99794006347656,370.66131591796875
2021-03-30,205.399169921875,369.6779479980469
2021-03-31,208.15966796875,371.1764221191406
2021-04-01,210.7976837158203,375.1847839355469
2021-04-05,211.95654296875,380.5697937011719
2021-04-06,211.33468627929688,380.3450927734375
2021-04-07,207.92413330078125,380.78521728515625
2021-04-08,209.68594360351562,382.59271240234375
2021-04-09,209.7141876220703,385.37420654296875
2021-04-12,208.89456176757812,385.5147399902344
2021-04-13,208.34808349609375,386.6572570800781
2021-04-14,210.4019775390625,385.3367919921875
2021-04-15,211.31590270996094,389.4762268066406
2021-04-16,211.65504455566406,390.7779846191406
2021-04-19,208.9039306640625,388.8581237792969
2021-04-20,204.62660217285156,386.0111083984375
2021-04-21,209.62940979003906,389.66357421875
2021-04-22,208.76266479492188,386.1047058105469
2021-04-23,212.7008514404297,390.2911071777344
2021-04-26,214.91488647460938,391.10577392578125
2021-04-27,215.2352294921875,391.02154541015625
2021-04-28,215.6027069091797,390.9091491699219
2021-04-29,214.80184936523438,393.40032958984375
2021-04-30,211.8811798095703,390.81549072265625
2021-05-03,212.9175262451172,391.658447265625
2021-05-04,210.37371826171875,389.2421569824219
2021-05-05,209.53517150878906,389.3638916015625
2021-05-06,209.7141876220703,392.4732360839844
2021-05-07,212.35226440429688,395.3296203613281
2021-05-10,206.95372009277344,391.4149169921875
2021-05-11,206.294189453125,387.921630859375
2021-05-12,199.5955047607422,379.68011474609375
2021-05-13,203.26991271972656,384.2409973144531
2021-05-14,208.2350311279297,390.14117431640625
2021-05-17,208.51773071289062,389.1485290527344
2021-05-18,206.9348602294922,385.79571533203125
2021-05-19,205.34259033203125,384.7842102050781
2021-05-20,206.708740234375,388.9237060546875
2021-05-21,207.24575805664062,388.6053161621094
2021-05-24,208.59304809570312,392.56689453125
2021-05-25,206.5768585205078,391.69586181640625
2021-05-26,210.43026733398438,392.4732360839844
2021-05-27,212.59722900390625,392.6791687011719
2021-05-28,212.45587158203125,393.3816223144531
2021-06-01,214.8677978515625,393.0351257324219
2021-06-02,215.1221923828125,393.6532287597656
2021-06-03,213.32266235351562,392.1922302246094
2021-06-04,214.2459716796875,395.77911376953125
2021-06-07,217.11952209472656,395.395263671875
2021-06-08,219.41844177246094,395.47943115234375
2021-06-09,217.9580535888672,394.889404296875
2021-06-10,216.3417205810547,396.7250061035156
2021-06-11,218.62515258789062,397.3805847167969
2021-06-14,217.98350524902344,398.2703552246094
2021-06-15,217.36077880859375,397.53985595703125
2021-06-16,216.89842224121094,395.32025146484375
2021-06-17,214.4640350341797,395.1891174316406
2021-06-18,209.59521484375,389.85791015625
2021-06-21,214.0771484375,395.43902587890625
2021-06-22,215.04905700683594,397.55316162109375
2021-06-23,215.75672912597656,397.07391357421875
2021-06-24,218.80442810058594,399.4229736328125
2021-06-25,219.1724395751953,400.8416442871094
2021-06-28,217.436279296875,401.6497802734375
2021-06-29,216.39833068847656,401.8658752441406
2021-06-30,216.42662048339844,402.2041320800781
2021-07-01,218.3326416015625,404.4309997558594
2021-07-02,216.2567901611328,407.522216796875
2021-07-06,213.11471557617188,406.7800598144531
2021-07-07,211.1332244873047,408.21759033203125
2021-07-08,209.189453125,404.8914489746094
2021-07-09,213.60536193847656,409.213623046875
2021-07-12,213.78463745117188,410.6792907714844
2021-07-13,209.75559997558594,409.2793884277344
2021-07-14,206.5191650390625,409.8901062011719
2021-07-15,205.34912109375,408.49005126953125
2021-07-16,202.82037353515625,405.2860107421875
2021-07-19,199.7820587158203,399.3008117675781
2021-07-20,205.98135375976562,405.02301025390625
2021-07-21,209.5291290283203,408.30218505859375
2021-07-22,206.19833374023438,409.1571960449219
2021-07-23,207.16079711914062,413.3665771484375
2021-07-26,207.7646484375,414.3813171386719
2021-07-27,205.33970642089844,412.49273681640625
2021-07-28,208.35911560058594,412.32366943359375
2021-07-29,209.9632110595703,414.03375244140625
2021-07-30,208.57615661621094,412.0229797363281
2021-08-02,207.53822326660156,411.1585388183594
2021-08-03,208.39686584472656,414.5035095214844
2021-08-04,205.80203247070312,412.464599609375
2021-08-05,209.50083923339844,415.07659912109375
2021-08-06,210.7841033935547,415.762451171875
2021-08-09,209.62353515625,415.42431640625
2021-08-10,210.03871154785156,415.9410705566406
2021-08-11,211.0671844482422,416.97467041015625
2021-08-12,210.5670928955078,418.22430419921875
2021-08-13,208.65162658691406,418.9853820800781
2021-08-16,206.70791625976562,419.9719543457031
2021-08-17,204.18856811523438,417.218994140625
2021-08-18,202.4051971435547,412.6524658203125
2021-08-19,199.98023986816406,413.29144287109375
2021-08-20,203.3582000732422,416.58001708984375
2021-08-23,207.22679138183594,420.2445068359375
2021-08-24,209.26495361328125,420.9115295410156
2021-08-25,210.00094604492188,421.7947082519531
2021-08-26,207.7740936279297,419.3048095703125
2021-08-27,213.63369750976562,423.0538330078125
2021-08-30,212.7561492919922,424.9141845703125
2021-08-31,213.17129516601562,424.2847595214844
2021-09-01,214.60557556152344,424.51025390625
2021-09-02,216.0963897705078,425.8161926269531
2021-09-03,215.0962371826172,425.712890625
2021-09-07,213.6147918701172,424.1907653808594
2021-09-08,211.2841796875,423.6740417480469
2021-09-09,211.1803741455078,421.8606262207031
2021-09-10,209.11399841308594,418.53436279296875
2021-09-13,210.3029022216797,419.60552978515625
2021-09-14,207.62310791015625,417.341064453125
2021-09-15,209.50083923339844,420.8270263671875
2021-09-16,209.65182495117188,420.1598815917969
2021-09-17,209.9254150390625,416.0671081542969
2021-09-20,204.9339599609375,409.1295471191406
2021-09-21,205.245361328125,408.7430114746094
2021-09-22,208.4346160888672,412.7302551269531
2021-09-23,212.12396240234375,417.7448425292969
2021-09-24,211.1008758544922,418.4330139160156
2021-09-27,214.30926513671875,417.2359313964844
2021-09-28,209.43519592285156,408.8279113769531
2021-09-29,208.9903564453125,409.5159912109375
2021-09-30,207.03126525878906,404.5107727050781
2021-10-01,210.37213134765625,409.31793212890625
2021-10-04,208.4603271484375,404.0394287109375
2021-10-05,209.17965698242188,408.24346923828125
2021-10-06,208.09121704101562,409.9400939941406
2021-10-07,211.2996063232422,413.484375
2021-10-08,209.7096405029297,412.7302551269531
2021-10-11,208.50765991210938,409.7422180175781
2021-10-12,209.65283203125,408.73358154296875
2021-10-13,210.64659118652344,410.2040710449219
2021-10-14,213.76980590820312,417.1039733886719
2021-10-15,213.0978546142578,420.2804870605469
2021-10-18,212.9748077392578,421.52471923828125
2021-10-19,213.76980590820312,424.77679443359375
2021-10-20,215.18943786621094,426.4451904296875
2021-10-21,215.7383575439453,427.5575256347656
2021-10-22,215.227294921875,427.11444091796875
2021-10-25,217.27159118652344,429.4049987792969
2021-10-26,215.63427734375,429.79144287109375
2021-10-27,211.66871643066406,427.8873596191406
2021-10-28,215.88980102539062,432.0159912109375
2021-10-29,215.83303833007812,432.89263916015625
2021-11-01,221.42642211914062,433.6373291015625
2021-11-02,221.8901824951172,435.39056396484375
2021-11-03,225.85569763183594,438.0486755371094
2021-11-04,225.77053833007812,440.1130065917969
2021-11-05,228.8558807373047,441.64007568359375
2021-11-08,229.56570434570312,442.0170593261719
2021-11-09,228.2312469482422,440.55609130859375
2021-11-10,224.63487243652344,437.0118408203125
2021-11-11,226.44248962402344,437.1532287597656
2021-11-12,226.66961669921875,440.45233154296875
2021-11-15,225.77053833007812,440.6031188964844
2021-11-16,226.1869659423828,442.3470153808594
2021-11-17,223.22462463378906,441.27239990234375
2021-11-18,222.2781982421875,442.77117919921875
2021-11-19,220.25283813476562,441.9793395996094
2021-11-22,219.31588745117188,440.7351989746094
2021-11-23,218.93728637695312,441.319580078125
2021-11-24,219.17393493652344,442.49774169921875
2021-11-26,210.91159057617188,432.6286926269531
2021-11-29,210.7790985107422,437.93560791015625
2021-11-30,206.4822998046875,429.4144592285156
2021-12-01,201.83538818359375,424.644775390625
2021-12-02,207.4666290283203,431.1488342285156
2021-12-03,203.20765686035156,427.397216796875
2021-12-06,207.28675842285156,432.45904541015625
2021-12-07,212.09463500976562,441.4044189453125
2021-12-08,213.54270935058594,442.5732116699219
2021-12-09,208.70640563964844,439.5851745605469
2021-12-10,208.1291046142578,443.72314453125
2021-12-13,205.0875244140625,439.79254150390625
2021-12-14,203.32177734375,436.7667541503906
2021-12-15,206.54945373535156,443.59124755859375
2021-12-16,202.37249755859375,439.679443359375
2021-12-17,204.23316955566406,434.9999694824219
2021-12-20,201.36624145507812,430.3744812011719
2021-12-21,207.1190185546875,438.0174255371094
2021-12-22,209.11257934570312,442.39703369140625
2021-12-23,210.7833709716797,445.1496276855469
2021-12-27,212.7578887939453,451.4494934082031
2021-12-28,211.45733642578125,451.08056640625
2021-12-29,211.6852264404297,451.6576232910156
2021-12-30,211.6282196044922,450.4090576171875
2021-12-31,211.17254638671875,449.27386474609375
2022-01-03,213.89706420898438,451.8751525878906
2022-01-04,213.5742645263672,451.72381591796875
2022-01-05,206.3406219482422,443.0497741699219
2022-01-06,207.51771545410156,442.6335144042969
2022-01-07,205.11602783203125,440.8836364746094
2022-01-10,204.40402221679688,440.3349609375
2022-01-11,206.5779266357422,444.3456726074219
2022-01-12,205.04006958007812,445.5469970703125
2022-01-13,203.16043090820312,439.40789794921875
2022-01-14,203.44522094726562,439.587646484375
2022-01-18,197.2937469482422,431.80267333984375
2022-01-19,194.0850830078125,427.3191223144531
2022-01-20,190.57266235351562,422.5894775390625
2022-01-21,187.0032958984375,414.2938232421875
2022-01-24,191.3131561279297,416.05316162109375
2022-01-25,188.75953674316406,410.9736022949219
2022-01-26,186.0350341796875,409.94256591796875
2022-01-27,181.81060791015625,407.9183044433594
2022-01-28,185.35153198242188,418.0491027832031
2022-01-31,191.03782653808594,425.57861328125
2022-02-01,193.05038452148438,428.4541931152344
2022-02-02,191.13275146484375,432.61627197265625
2022-02-03,187.5159149169922,422.4475402832031
2022-02-04,188.32281494140625,424.4340515136719
2022-02-07,189.2531280517578,423.0718994140625
2022-02-08,192.48077392578125,426.5529479980469
2022-02-09,196.1356201171875,432.79595947265625
2022-02-10,193.12632751464844,425.02056884765625
2022-02-11,191.17071533203125,416.6396179199219
2022-02-14,190.5062255859375,415.2774658203125
2022-02-15,195.6134796142578,421.97467041015625
2022-02-16,196.02166748046875,422.4475402832031
2022-02-17,190.9998321533203,413.4234924316406
2022-02-18,189.3575439453125,410.7465515136719
2022-02-22,186.6900177001953,406.338623046875
2022-02-23,183.19656372070312,399.1307373046875
2022-02-24,188.00006103515625,405.13720703125
2022-02-25,192.23394775390625,414.0762634277344
2022-02-28,193.0124053955078,413.0168762207031
2022-03-01,189.3765411376953,406.7264709472656
2022-03-02,193.88575744628906,414.2086181640625
2022-03-03,191.58843994140625,412.1465148925781
2022-03-04,188.58865356445312,408.7980041503906
2022-03-07,183.8990478515625,396.7469482421875
2022-03-08,184.91482543945312,393.7389221191406
2022-03-09,190.12648010253906,404.29541015625
2022-03-10,189.78475952148438,402.46978759765625
2022-03-11,186.75645446777344,397.3523254394531
2022-03-14,182.94029235839844,394.44830322265625
2022-03-15,185.85464477539062,403.12249755859375
2022-03-16,191.70233154296875,412.0613708496094
2022-03-17,194.711669921875,417.2166442871094
2022-03-18,196.7621612548828,421.786376953125
2022-03-21,195.02488708496094,421.6629943847656
2022-03-22,196.98049926757812,426.59710693359375
2022-03-23,193.56297302246094,421.10321044921875
2022-03-24,195.78872680664062,427.45098876953125
2022-03-25,196.05503845214844,429.5384826660156
2022-03-28,196.12164306640625,432.5939025878906
2022-03-29,201.37208557128906,437.9454040527344
2022-03-30,197.3296356201172,435.2411804199219
2022-03-31,195.24658203125,428.5422668457031
2022-04-01,197.4342498779297,429.7568054199219
2022-04-04,197.7576446533203,433.4383239746094
2022-04-05,193.07789611816406,427.96343994140625
2022-04-06,190.33851623535156,423.68414306640625
2022-04-07,189.7202606201172,425.81903076171875
2022-04-08,188.20787048339844,424.6804504394531
2022-04-11,186.9428253173828,417.4216613769531
2022-04-12,187.53260803222656,415.875
2022-04-13,191.09942626953125,420.63818359375
2022-04-14,189.24472045898438,415.4005432128906
2022-04-18,187.9700927734375,415.5713806152344
2022-04-19,191.7176971435547,422.2797546386719
2022-04-20,192.45013427734375,421.9665832519531
2022-04-21,188.14132690429688,415.6567077636719
2022-04-22,183.27133178710938,404.25146484375
2022-04-25,184.3842315673828,406.5951843261719
2022-04-26,178.57257080078125,394.8198547363281
2022-04-27,177.83067321777344,395.929931640625
2022-04-28,181.1502227783203,405.93096923828125
2022-04-29,175.91876220703125,390.9294738769531
2022-05-02,177.76405334472656,393.2827453613281
2022-05-03,179.28594970703125,395.0854797363281
2022-05-04,184.07032775878906,407.1169738769531
2022-05-05,176.60365295410156,392.6469421386719
2022-05-06,173.66453552246094,390.30328369140625
2022-05-09,166.3595428466797,377.8067626953125
2022-05-10,166.40708923339844,378.6797790527344
2022-05-11,162.26953125,372.6639404296875
2022-05-12,164.17184448242188,372.27496337890625
2022-05-13,169.374755859375,381.1752624511719
2022-05-16,168.56625366210938,379.6286315917969
2022-05-17,173.72158813476562,387.4377136230469
2022-05-18,167.63409423828125,371.8195495605469
2022-05-19,167.90994262695312,369.542236328125
2022-05-20,167.48191833496094,369.7035827636719
2022-05-23,169.50790405273438,376.6207275390625
2022-05-24,166.99684143066406,373.7456970214844
2022-05-25,170.0025177001953,377.0476989746094
2022-05-26,173.79771423339844,384.58160400390625
2022-05-27,178.47743225097656,394.02276611328125
2022-05-31,176.26119995117188,391.8118896484375
2022-06-01,175.26246643066406,388.64276123046875
2022-06-02,179.54275512695312,396.0438232421875
2022-06-03,177.92576599121094,389.544189453125
2022-06-06,178.6962127685547,390.73028564453125
2022-06-07,181.57823181152344,394.47821044921875
2022-06-08,178.77230834960938,390.1893615722656
2022-06-09,175.06629943847656,380.90960693359375
2022-06-10,170.31700134277344,369.86480712890625
2022-06-13,162.3156280517578,355.8217468261719
2022-06-14,161.53366088867188,354.74957275390625
2022-06-15,163.8987579345703,359.80694580078125
2022-06-16,156.30751037597656,347.8987731933594
2022-06-17,157.52821350097656,348.6488037109375
2022-06-21,160.3511199951172,357.425537109375
2022-06-22,160.04595947265625,356.77752685546875
2022-06-23,161.9628143310547,360.2748718261719
2022-06-24,166.9791259765625,371.7293395996094
2022-06-27,167.59906005859375,370.3094787597656
2022-06-28,164.45188903808594,362.7430725097656
2022-06-29,162.782958984375,362.4476318359375
2022-06-30,161.5145721435547,359.5029296875
2022-07-01,163.46963500976562,363.30523681640625
2022-07-05,164.82382202148438,363.9913635253906
2022-07-06,163.60313415527344,365.220703125
2022-07-07,167.4750213623047,370.690673828125
2022-07-08,167.45599365234375,370.3857421875
2022-07-11,164.08950805664062,366.15460205078125
2022-07-12,163.52684020996094,362.9145812988281
2022-07-13,163.3837890625,361.0086669921875
2022-07-14,161.70533752441406,360.1319274902344
2022-07-15,165.07177734375,367.0121765136719
2022-07-18,164.6044921875,363.98187255859375
2022-07-19,170.41238403320312,373.8163146972656
2022-07-20,173.0826873779297,376.19873046875
2022-07-21,173.9695587158203,380.0296325683594
2022-07-22,171.1943817138672,376.5036926269531
2022-07-25,172.08128356933594,376.96112060546875
2022-07-26,171.0227508544922,372.501220703125
2022-07-27,174.9137420654297,382.173828125
2022-07-28,177.31698608398438,386.9671936035156
2022-07-29,178.57586669921875,392.608642578125
2022-08-01,178.5091094970703,391.446044921875
2022-08-02,178.33743286132812,388.8636169433594
2022-08-03,180.96002197265625,394.9530029296875
2022-08-04,180.57858276367188,394.6861572265625
2022-08-05,181.96141052246094,394.01910400390625
2022-08-08,183.8878173828125,393.5616149902344
2022-08-09,181.37965393066406,391.9988098144531
2022-08-10,186.55813598632812,400.2323303222656
2022-08-11,187.2543182373047,400.2323303222656
2022-08-12,191.0785369873047,407.00787353515625
2022-08-15,191.75564575195312,408.6850280761719
2022-08-16,191.67938232421875,409.4855651855469
2022-08-17,188.45594787597656,406.5789794921875
2022-08-18,189.7052459716797,407.76068115234375
2022-08-19,185.63302612304688,402.2812194824219
2022-08-22,181.80880737304688,393.9046325683594
2022-08-23,182.1044464111328,392.9517517089844
2022-08-24,183.49684143066406,394.2095642089844
2022-08-25,186.3483123779297,399.77490234375
2022-08-26,180.2257080078125,386.242919921875
2022-08-29,178.56634521484375,383.6889953613281
2022-08-30,176.06768798828125,379.4769592285156
2022-08-31,174.9995574951172,376.58941650390625
2022-09-01,173.09222412109375,377.7711486816406
2022-09-02,171.74752807617188,373.7877502441406
2022-09-06,170.04998779296875,372.3774108886719
2022-09-07,173.75022888183594,379.0671081542969
2022-09-08,175.19984436035156,381.5448303222656
2022-09-09,178.71888732910156,387.4722595214844
2022-09-12,180.88372802734375,391.6366271972656
2022-09-13,173.80747985839844,374.60736083984375
2022-09-14,174.48458862304688,376.0367126464844
2022-09-15,173.21620178222656,371.7674865722656
2022-09-16,170.69850158691406,368.9313659667969
2022-09-19,172.15757751464844,371.7923583984375
2022-09-20,169.81158447265625,367.5247497558594
2022-09-21,167.2175750732422,361.1136474609375
2022-09-22,163.45054626464844,358.0804138183594
2022-09-23,159.5595703125,352.08087158203125
2022-09-26,157.37489318847656,348.5978088378906
2022-09-27,157.9116973876953,347.70794677734375
2022-09-28,162.90606689453125,354.5495910644531
2022-09-29,159.25375366210938,347.1434020996094
2022-09-30,158.09384155273438,341.77532958984375
2022-10-03,162.282958984375,350.798583984375
2022-10-04,168.71522521972656,361.66864013671875
2022-10-05,167.4690399169922,360.8266296386719
2022-10-06,166.52960205078125,357.1043701171875
2022-10-07,161.631103515625,347.1434020996094
2022-10-10,160.73001098632812,344.4928283691406
2022-10-11,160.77792358398438,342.3111572265625
2022-10-12,160.3369598388672,341.1820373535156
2022-10-13,164.30560302734375,350.18621826171875
2022-10-14,159.90562438964844,342.20587158203125
2022-10-17,165.00543212890625,350.99957275390625
2022-10-18,166.9609832763672,355.1236572265625
2022-10-19,164.1234893798828,352.6071472167969
2022-10-20,162.0337371826172,349.6503601074219
2022-10-21,165.55181884765625,358.14739990234375
2022-10-24,166.2611846923828,362.5298767089844
2022-10-25,170.79539489746094,368.31890869140625
2022-10-26,171.63897705078125,365.5439758300781
2022-10-27,171.6773223876953,363.59197998046875
2022-10-28,175.57887268066406,372.24212646484375
2022-10-31,175.7418212890625,369.5532531738281
2022-11-01,175.98147583007812,367.9361572265625
2022-11-02,170.14356994628906,358.7024230957031
2022-11-03,169.0028076171875,355.00885009765625
2022-11-04,171.28428649902344,360.1185302734375
2022-11-07,172.06077575683594,363.5632629394531
2022-11-08,172.12786865234375,365.52490234375
2022-11-09,167.40194702148438,357.9942932128906
2022-11-10,177.70700073242188,377.6675720214844
2022-11-11,179.16404724121094,381.3228454589844
2022-11-14,177.1605682373047,378.0789794921875
2022-11-15,179.7871856689453,381.3037109375
2022-11-16,176.62376403808594,378.394775390625
2022-11-17,174.98452758789062,377.2369689941406
2022-11-18,176.11569213867188,378.9497985839844
2022-11-21,175.19540405273438,377.5718994140625
2022-11-22,177.06471252441406,382.6528625488281
2022-11-23,177.5248565673828,385.06427001953125
2022-11-25,177.89874267578125,384.9780578613281
2022-11-28,174.3134765625,378.8349609375
2022-11-29,174.82154846191406,378.18426513671875
2022-11-30,179.61463928222656,390.0972900390625
2022-12-01,179.2216033935547,389.8103332519531
2022-12-02,180.2664794921875,389.3605041503906
2022-12-05,175.3008575439453,382.356201171875
2022-12-06,172.6167755126953,376.84466552734375
2022-12-07,172.10870361328125,376.20355224609375
2022-12-08,173.35487365722656,379.15069580078125
2022-12-09,171.22674560546875,376.3183898925781
2022-12-12,173.23985290527344,381.743896484375
2022-12-13,174.67478942871094,384.6335754394531
2022-12-14,173.52877807617188,382.1744384765625
2022-12-15,169.1854705810547,372.8258056640625
2022-12-16,167.9239044189453,368.4241943359375
2022-12-19,165.6511688232422,365.3000183105469
2022-12-20,166.52748107910156,365.7999267578125
2022-12-21,169.39736938476562,371.26953125
2022-12-22,167.18238830566406,365.972900390625
2022-12-23,167.94320678710938,368.0780944824219
2022-12-27,166.81640625,366.6265869140625
2022-12-28,164.22586059570312,362.07025146484375
2022-12-29,168.3861846923828,368.58758544921875
2022-12-30,167.91427612304688,367.61663818359375
2023-01-03,166.98977661132812,366.0690612792969
2023-01-04,169.06991577148438,368.89520263671875
2023-01-05,167.25942993164062,364.6848449707031
2023-01-06,171.0152587890625,373.0478515625
2023-01-09,171.30418395996094,372.83636474609375
2023-01-10,173.83697509765625,375.4509582519531
2023-01-11,176.00372314453125,380.19964599609375
2023-01-12,178.9602508544922,381.5838317871094
2023-01-13,180.1351776123047,383.0642395019531
2023-01-17,179.9136962890625,382.3625183105469
2023-01-18,177.00531005859375,376.3257141113281
2023-01-19,175.31036376953125,373.58624267578125
2023-01-20,178.19947814941406,380.54571533203125
2023-01-23,180.4048309326172,385.1117248535156
2023-01-24,180.01962280273438,384.6983947753906
2023-01-25,180.52037048339844,384.8425598144531
2023-01-26,181.58935546875,389.0721435546875
2023-01-27,182.57164001464844,389.9660949707031
2023-01-30,180.02923583984375,385.0732727050781
2023-01-31,184.40142822265625,390.73516845703125
2023-02-01,187.30014038085938,394.8878173828125
2023-02-02,190.98855590820312,400.63616943359375
2023-02-03,189.7077178955078,396.37774658203125
2023-02-06,186.96307373046875,393.9553527832031
2023-02-07,188.34982299804688,399.1077880859375
2023-02-08,185.59555053710938,394.7436218261719
2023-02-09,182.90870666503906,391.3215026855469
2023-02-10,183.27464294433594,392.2347412109375
2023-02-13,185.48001098632812,396.83917236328125
2023-02-14,185.39329528808594,396.6565246582031
2023-02-15,187.271240234375,397.9446716308594
2023-02-16,185.48001098632812,392.4654541015625
2023-02-17,185.9904022216797,391.48492431640625
2023-02-21,180.50111389160156,383.6313781738281
2023-02-22,180.99229431152344,383.1026611328125
2023-02-23,182.28273010253906,385.14056396484375
2023-02-24,180.57815551757812,381.0263366699219
2023-02-27,181.21376037597656,382.3240661621094
2023-02-28,181.223388671875,380.9110412597656
2023-03-01,181.4545135498047,379.44989013671875
2023-03-02,181.88787841796875,382.40093994140625
2023-03-03,184.420654296875,388.5338439941406
2023-03-06,181.72415161132812,388.802978515625
2023-03-07,179.61512756347656,382.8431701660156
2023-03-08,179.70179748535156,383.46795654296875
2023-03-09,174.70367431640625,376.39300537109375
2023-03-10,169.66700744628906,370.9619140625
2023-03-13,166.90310668945312,370.4332275390625
2023-03-14,169.99444580078125,376.5564880371094
2023-03-15,167.1920166015625,374.201416015625
2023-03-16,169.47438049316406,380.7668151855469
2023-03-17,164.89999389648438,376.3145751953125
2023-03-20,167.03793334960938,379.93310546875
2023-03-21,170.11961364746094,384.92181396484375
2023-03-22,165.2948455810547,378.36029052734375
2023-03-23,164.56118774414062,379.38311767578125
2023-03-24,166.0497589111328,381.8727111816406
2023-03-27,167.89590454101562,382.5867004394531
2023-03-28,167.65428161621094,381.7279052734375
2023-03-29,169.55845642089844,387.2762145996094
2023-03-30,169.32643127441406,389.54388427734375
2023-03-31,172.43885803222656,395.0343322753906
2023-04-03,172.51622009277344,396.5396728515625
2023-04-04,169.49081420898438,394.339599609375
2023-04-05,167.82827758789062,393.30712890625
2023-04-06,168.07957458496094,394.8414306640625
2023-04-10,169.87741088867188,395.2466125488281
2023-04-11,171.22096252441406,395.35272216796875
2023-04-12,169.9644012451172,393.7413635253906
2023-04-13,172.21653747558594,398.9713134765625
2023-04-14,170.6120147705078,397.9967346191406
2023-04-17,172.80616760253906,399.4248046875
2023-04-18,172.07159423828125,399.68536376953125
2023-04-19,172.29388427734375,399.6177673339844
2023-04-20,171.40464782714844,397.4370422363281
2023-04-21,171.626953125,397.7458190917969
2023-04-24,171.51095581054688,398.1607360839844
2023-04-25,167.27731323242188,391.8404541015625
2023-04-26,165.6630859375,390.1806945800781
2023-04-27,167.8765869140625,397.94842529296875
2023-04-28,169.34579467773438,401.3450012207031
2023-05-01,169.4424591064453,400.93975830078125
2023-05-02,165.96273803710938,396.4335021972656
2023-05-03,166.57171630859375,393.7123718261719
2023-05-04,164.70619201660156,390.9237060546875
2023-05-05,168.62086486816406,398.1607360839844
2023-05-08,168.2342071533203,398.26690673828125
2023-05-09,167.73159790039062,396.52032470703125
2023-05-10,168.5821990966797,398.37298583984375
2023-05-11,167.28700256347656,397.67822265625
2023-05-12,166.9486846923828,397.1572265625
2023-05-15,168.98817443847656,398.5274353027344
2023-05-16,166.52337646484375,395.8642272949219
2023-05-17,170.2350616455078,400.6695556640625
2023-05-18,171.26930236816406,404.529296875
2023-05-19,170.22540283203125,403.9407043457031
2023-05-22,172.3035430908203,404.104736328125
2023-05-23,171.4916229248047,399.56951904296875
2023-05-24,169.67442321777344,396.6746520996094
2023-05-25,168.35023498535156,400.1098327636719
2023-05-26,170.26405334472656,405.2915344238281
2023-05-30,169.63577270507812,405.44598388671875
2023-05-31,167.96360778808594,403.1977233886719
2023-06-01,169.78074645996094,407.0284729003906
2023-06-02,175.9379119873047,412.9145202636719
2023-06-05,173.5794677734375,412.1233215332031
2023-06-06,178.1514129638672,413.02069091796875
2023-06-07,181.48471069335938,411.59259033203125
2023-06-08,180.80621337890625,414.0821228027344
2023-06-09,179.34262084960938,414.82513427734375
2023-06-12,180.08895874023438,418.58837890625
2023-06-13,182.1534881591797,421.3481140136719
2023-06-14,180.19558715820312,421.8498229980469
2023-06-15,181.6785430908203,427.0798034667969
2023-06-16,180.2246551513672,425.6250915527344
2023-06-20,179.43955993652344,423.4168395996094
2023-06-21,179.0227813720703,421.2474060058594
2023-06-22,177.6949005126953,422.76800537109375
2023-06-23,175.01971435546875,419.57183837890625
2023-06-26,175.1941680908203,417.85760498046875
2023-06-27,177.7239532470703,422.43865966796875
2023-06-28,178.59629821777344,422.6517028808594
2023-06-29,180.65113830566406,424.3175964355469
2023-06-30,181.51377868652344,429.3248291015625
2023-07-03,181.88206481933594,429.8187255859375
2023-07-05,180.069580078125,429.17950439453125
2023-07-06,177.16180419921875,425.8188171386719
2023-07-07,179.03245544433594,424.74371337890625
2023-07-10,182.0953369140625,425.8188171386719
2023-07-11,183.96600341796875,428.5306396484375
2023-07-12,185.97238159179688,431.9785461425781
2023-07-13,187.47474670410156,435.4071350097656
2023-07-14,185.642822265625,435.13592529296875
2023-07-17,187.62985229492188,436.6468200683594
2023-07-18,189.9463653564453,439.8913269042969
2023-07-19,190.75083923339844,440.8695373535156
2023-07-20,189.08370971679688,437.9446105957031
2023-07-21,188.48275756835938,437.9446105957031
2023-07-24,188.94802856445312,439.9010314941406
2023-07-25,188.92861938476562,441.10205078125
2023-07-26,190.42129516601562,441.1698303222656
2023-07-27,187.9593963623047,438.2449035644531
2023-07-28,190.39219665527344,442.535400390625
2023-07-31,192.6021270751953,443.3780212402344
2023-08-01,191.7200927734375,442.1092834472656
2023-08-02,189.11280822753906,435.959228515625
2023-08-03,188.57968139648438,434.70977783203125
2023-08-04,188.20166015625,432.74371337890625
2023-08-07,188.32766723632812,436.5209045410156
2023-08-08,187.14517211914062,434.62261962890625
2023-08-09,185.681640625,431.717041015625
2023-08-10,184.8577423095703,431.8720397949219
2023-08-11,185.1194305419922,431.62017822265625
2023-08-14,184.799560546875,434.0027770996094
2023-08-15,182.35702514648438,428.9471130371094
2023-08-16,180.1277313232422,425.7994079589844
2023-08-17,178.0050048828125,422.55487060546875
2023-08-18,178.97430419921875,422.7582702636719
2023-08-21,178.7126007080078,425.5088806152344
2023-08-22,178.17950439453125,424.3563232421875
2023-08-23,180.07925415039062,429.08270263671875
2023-08-24,177.58827209472656,423.1359558105469
2023-08-25,178.3442840576172,426.11907958984375
2023-08-28,179.93385314941406,428.8211975097656
2023-08-29,182.4442596435547,435.0196838378906
2023-08-30,183.1324462890625,436.8114929199219
2023-08-31,182.8125762939453,436.17230224609375
2023-09-01,184.9837188720703,436.98577880859375
2023-09-05,181.08731079101562,435.0971984863281
2023-09-06,180.4088134765625,432.1722717285156
2023-09-07,178.66415405273438,430.84539794921875
2023-09-08,178.26673889160156,431.4942626953125
2023-09-11,178.6932373046875,434.33209228515625
2023-09-12,178.5187530517578,431.9494934082031
2023-09-13,177.34596252441406,432.4531555175781
2023-09-14,179.8466339111328,436.1819152832031
2023-09-15,177.96629333496094,430.92669677734375
2023-09-18,176.7837677001953,431.17938232421875
2023-09-19,176.09559631347656,430.2851867675781
2023-09-20,174.33155822753906,426.3294372558594
2023-09-21,171.62730407714844,419.2829284667969
2023-09-22,171.23959350585938,418.3401184082031
2023-09-25,172.00534057617188,420.0992736816406
2023-09-26,169.79379272460938,413.92755126953125
2023-09-27,171.38108825683594,414.0927734375
2023-09-28,172.9294891357422,416.493408203125
2023-09-29,172.1114501953125,415.482666015625
2023-10-02,169.51141357421875,415.3174133300781
2023-10-03,166.65809631347656,409.7579345703125
2023-10-04,166.7360076904297,412.7417907714844
2023-10-05,166.86260986328125,412.58624267578125
2023-10-06,168.46937561035156,417.48480224609375
2023-10-09,169.4431915283203,420.15765380859375
2023-10-10,171.36163330078125,422.3445129394531
2023-10-11,171.0694580078125,424.07452392578125
2023-10-12,167.20343017578125,421.4891357421875
2023-10-13,165.81088256835938,419.38983154296875
2023-10-16,168.48887634277344,423.80242919921875
2023-10-17,170.3683319091797,423.782958984375
2023-10-18,166.86260986328125,418.135986328125
2023-10-19,164.20407104492188,414.4620666503906
2023-10-20,162.0811767578125,409.3691711425781
2023-10-23,160.7081298828125,408.65966796875
2023-10-24,162.11041259765625,411.7406921386719
2023-10-25,159.43243408203125,405.8312683105469
2023-10-26,159.84141540527344,400.9716796875
2023-10-27,157.9619903564453,399.15411376953125
2023-10-30,158.83840942382812,403.9263610839844
2023-10-31,160.21145629882812,406.4631042480469
2023-11-01,161.12689208984375,410.7979431152344
2023-11-02,165.42135620117188,418.67059326171875
2023-11-03,169.92037963867188,422.49029541015625
2023-11-06,167.7974853515625,423.4622497558594
2023-11-07,167.20343017578125,424.6673278808594
2023-11-08,165.42135620117188,424.9784240722656
2023-11-09,162.86024475097656,421.6641540527344
2023-11-10,164.68125915527344,428.24407958984375
2023-11-13,164.7397003173828,427.8359375
2023-11-14,173.7864227294922,436.1362609863281
2023-11-15,174.08828735351562,437.05963134765625
2023-11-16,171.27395629882812,437.5941467285156
2023-11-17,173.62083435058594,438.1384582519531
2023-11-20,174.6336212158203,441.51104736328125
2023-11-21,172.38412475585938,440.5488586425781
2023-11-22,173.4650421142578,442.2497253417969
2023-11-24,174.6336212158203,442.5218505859375
2023-11-27,174.04933166503906,441.7248840332031
2023-11-28,173.37738037109375,442.1622619628906
2023-11-29,174.29278564453125,441.8512268066406
2023-11-30,174.95497131347656,443.5909729003906
2023-12-01,180.06748962402344,446.2152404785156
2023-12-04,181.9956512451172,443.87286376953125
2023-12-05,179.5611114501953,443.7853698730469
2023-12-06,179.23974609375,441.9970397949219
2023-12-07,180.534912109375,445.36962890625
2023-12-08,181.90802001953125,447.28436279296875
2023-12-11,182.28781127929688,449.02410888671875
2023-12-12,182.10275268554688,451.0748596191406
2023-12-13,188.26699829101562,457.2952880859375
2023-12-14,193.506103515625,458.7629089355469
2023-12-15,191.87979125976562,458.00750732421875
2023-12-18,191.947998046875,460.5838317871094
2023-12-19,195.66795349121094,463.3846435546875
2023-12-20,191.84051513671875,456.9633483886719
2023-12-21,195.10498046875,461.2962951660156
2023-12-22,196.9228973388672,462.2232971191406
2023-12-26,199.483642578125,464.1750793457031
2023-12-27,200.1873779296875,465.0143127441406
2023-12-28,199.4249725341797,465.19000244140625
2023-12-29,196.17034912109375,463.8432922363281
2024-01-02,195.0072479248047,461.2474670410156
2024-01-03,189.80755615234375,457.4805908203125
2024-01-04,189.4361572265625,456.00701904296875
2024-01-05,188.87904357910156,456.631591796875
2024-01-08,192.28036499023438,463.1504211425781
2024-01-09,190.56016540527344,462.4477844238281
2024-01-10,190.6676483154297,465.0631103515625
2024-01-11,189.17225646972656,464.85821533203125
2024-01-12,188.85951232910156,465.18023681640625
2024-01-16,186.52354431152344,463.472412109375
2024-01-17,185.19432067871094,460.8961486816406
2024-01-18,186.28900146484375,464.9947814941406
2024-01-19,188.0775909423828,470.7914733886719
2024-01-22,192.09461975097656,471.78692626953125
2024-01-23,191.5375213623047,473.1629333496094
2024-01-24,189.96392822265625,473.68011474609375
2024-01-25,191.5375213623047,476.2564392089844
2024-01-26,191.5472869873047,475.6513977050781
2024-01-29,194.89971923828125,479.418212890625
2024-01-30,193.23818969726562,479.0474548339844
2024-01-31,188.51744079589844,471.23065185546875
2024-02-01,191.01950073242188,477.3982238769531
2024-02-02,190.0128173828125,482.4239501953125
2024-02-05,187.59869384765625,480.6673583984375
2024-02-06,189.28956604003906,482.0628662109375
2024-02-07,188.84974670410156,486.08349609375
2024-02-08,191.7134552001953,486.2981262207031
2024-02-09,194.83131408691406,489.10870361328125
2024-02-12,198.3694305419922,488.8940124511719
2024-02-13,190.2082977294922,482.1604309082031
2024-02-14,194.6260528564453,486.5421142578125
2024-02-15,199.81594848632812,489.8991394042969
2024-02-16,197.09884643554688,487.4595031738281
2024-02-20,194.3817138671875,484.77587890625
2024-02-21,193.4629669189453,485.2149658203125
2024-02-22,194.92904663085938,495.2567138671875
2024-02-23,195.36886596679688,495.5982971191406
2024-02-26,196.600341796875,493.7831115722656
2024-02-27,199.3859100341797,494.7004699707031
2024-02-28,197.74392700195312,494.046630859375
2024-02-29,199.1219940185547,495.82275390625
2024-03-01,201.23313903808594,500.4776306152344
2024-03-04,201.04745483398438,499.94091796875
2024-03-05,199.1219940185547,494.9444274902344
2024-03-06,200.60763549804688,497.4524230957031
2024-03-07,202.2789764404297,502.3903503417969
2024-03-08,202.1519012451172,499.3749084472656
2024-03-11,200.5489959716797,498.9455261230469
2024-03-12,200.27529907226562,504.31280517578125
2024-03-13,201.05723571777344,503.5223388671875
2024-03-14,197.46046447753906,502.5269775390625
2024-03-15,197.83189392089844,499.07635498046875
2024-03-18,196.6981201171875,502.04241943359375
2024-03-19,197.52891540527344,504.8323669433594
2024-03-20,201.43841552734375,509.5017395019531
2024-03-21,203.7528533935547,511.1854248046875
2024-03-22,200.9406280517578,510.2163391113281
2024-03-25,201.4011688232422,508.8067321777344
2024-03-26,201.03863525390625,507.86688232421875
2024-03-27,205.41864013671875,512.135009765625
2024-03-28,206.06533813476562,512.037109375
2024-04-01,204.1251983642578,511.146240234375
2024-04-02,200.372314453125,507.8963317871094
2024-04-03,201.68531799316406,508.4542541503906
2024-04-04,199.66683959960938,502.2480163574219
2024-04-05,200.33314514160156,507.4949645996094
2024-04-08,201.4305877685547,507.77874755859375
2024-04-09,202.22427368164062,508.3661193847656
2024-04-10,196.88400268554688,503.2758483886719
2024-04-11,198.2165985107422,507.0739440917969
2024-04-12,194.6891326904297,500.0748291015625
2024-04-15,191.83770751953125,493.8098449707031
2024-04-16,191.13221740722656,492.9092102050781
2024-04-17,189.1136932373047,489.9920654296875
2024-04-18,188.9569091796875,488.9837951660156
2024-04-19,189.25086975097656,484.7158203125
2024-04-22,191.36737060546875,489.1795959472656
2024-04-23,194.57154846191406,494.9845275878906
2024-04-24,193.69943237304688,494.7496032714844
2024-04-25,192.5236053466797,492.87005615234375
2024-04-26,194.36575317382812,497.5394592285156
2024-04-29,195.93356323242188,499.3014831542969
2024-04-30,191.95529174804688,491.3919677734375
2024-05-01,192.35702514648438,489.7962646484375
2024-05-02,195.89434814453125,494.3775939941406
2024-05-03,197.83445739746094,500.5055847167969
2024-05-06,200.39190673828125,505.6741638183594
2024-05-07,200.84266662597656,506.2321472167969
2024-05-08,199.67660522460938,506.2811279296875
2024-05-09,201.71473693847656,509.1982116699219
2024-05-10,200.1959228515625,509.8541259765625
2024-05-13,200.61729431152344,509.9225769042969
2024-05-14,202.69461059570312,512.26220703125
2024-05-15,205.22264099121094,518.6055908203125
2024-05-16,203.7430419921875,517.5385131835938
2024-05-17,203.8900146484375,518.2825317382812
2024-05-20,204.3407440185547,518.879638671875
2024-05-21,204.144775390625,520.1521606445312
2024-05-22,202.4202117919922,518.6544189453125
2024-05-23,199.09852600097656,514.8662109375
2024-05-24,201.30319213867188,518.272705078125
2024-05-28,201.02883911132812,518.6348266601562
2024-05-29,198.05982971191406,515.003173828125
2024-05-30,199.94119262695312,511.58685302734375
2024-05-31,201.62655639648438,516.246337890625
2024-06-03,200.48989868164062,516.6673583984375
2024-06-04,197.90306091308594,517.2448120117188
2024-06-05,200.9308319091797,523.3923950195312
2024-06-06,199.49046325683594,523.3826293945312
2024-06-07,197.1485595703125,522.7463989257812
2024-06-10,197.82467651367188,524.3615112304688
2024-06-11,197.14865112304688,525.6243286132812
2024-06-12,200.17506408691406,529.9412231445312
2024-06-13,198.426025390625,531.00830078125
2024-06-14,195.2718963623047,531.3314208984375
2024-06-17,196.91282653808594,535.5602416992188
2024-06-18,197.25674438476562,536.9208984375
2024-06-20,196.42152404785156,535.4622802734375
2024-06-21,196.86370849609375,534.744384765625
2024-06-24,197.71856689453125,533.0061645507812
2024-06-25,197.07005310058594,535.0587768554688
2024-06-26,196.5492706298828,535.7265625
2024-06-27,198.5439453125,536.5711059570312
2024-06-28,199.35951232910156,534.4595947265625
2024-07-01,197.6890869140625,535.5596313476562
2024-07-02,198.36709594726562,539.1636962890625
2024-07-03,198.3179473876953,541.56982421875
2024-07-05,197.37466430664062,544.6928100585938
2024-07-08,198.7601318359375,545.3213500976562
2024-07-09,197.8954315185547,545.8516235351562
2024-07-10,199.8311309814453,551.2529296875
2024-07-11,207.01394653320312,546.4996948242188
2024-07-12,209.43115234375,549.9468383789062
2024-07-15,213.4106903076172,551.459228515625
2024-07-16,220.6917266845703,554.7294921875
2024-07-17,218.38262939453125,546.9515380859375
2024-07-18,214.15744018554688,542.748291015625
2024-07-19,213.06675720214844,539.1441040039062
2024-07-22,216.4567413330078,544.70263671875
2024-07-23,218.75599670410156,543.8482055664062
2024-07-24,214.05918884277344,531.5231323242188
2024-07-25,216.73187255859375,528.7537841796875
2024-07-26,220.31832885742188,534.6757202148438
2024-07-29,217.87164306640625,534.9900512695312
2024-07-30,218.69705200195312,532.2794799804688
2024-07-31,219.96461486816406,540.931396484375
2024-08-01,212.811279296875,533.2713012695312
2024-08-02,205.2845916748047,523.3427124023438
2024-08-05,198.68148803710938,508.1009826660156
2024-08-06,200.8432159423828,512.7855834960938
2024-08-07,198.46533203125,509.35797119140625
2024-08-08,203.28990173339844,521.1329345703125
2024-08-09,202.8673858642578,523.4310302734375
2024-08-12,201.03976440429688,523.7060546875
2024-08-13,204.35110473632812,532.3187255859375
2024-08-14,203.0835418701172,533.9981079101562
2024-08-15,208.3502655029297,543.1510009765625
2024-08-16,208.90052795410156,544.3687744140625
2024-08-19,211.4552764892578,549.5735473632812
2024-08-20,208.98898315429688,548.6799926757812
2024-08-21,211.7107696533203,550.5654296875
2024-08-22,209.8438262939453,546.2444458007812
2024-08-23,216.54515075683594,552.0484619140625
2024-08-26,216.6139373779297,550.7324829101562
2024-08-27,214.93370056152344,551.4886474609375
2024-08-28,213.47943115234375,548.287109375
2024-08-29,215.0024871826172,548.3363037109375
2024-08-30,216.25038146972656,553.5706787109375
2024-09-03,209.63748168945312,542.1786499023438
2024-09-04,209.28375244140625,541.0689697265625
2024-09-05,208.2421875,539.7530517578125
2024-09-06,204.2823028564453,530.6688232421875
2024-09-09,204.85223388671875,536.6102905273438
2024-09-10,204.6851806640625,538.9476318359375
2024-09-11,205.2845916748047,544.4766845703125
2024-09-12,207.92776489257812,549.0630493164062
2024-09-13,213.0569305419922,551.9306030273438
2024-09-16,213.8233642578125,552.7457885742188
2024-09-17,215.59202575683594,552.9715576171875
2024-09-18,215.63133239746094,551.33154296875
2024-09-19,220.07269287109375,560.7396850585938
2024-09-20,217.71446228027344,559.7703857421875
2024-09-23,216.9185333251953,561.169189453125
2024-09-24,217.2821044921875,562.77490234375
2024-09-25,214.63185119628906,561.5336303710938
2024-09-26,215.77557373046875,563.7599487304688
2024-09-27,217.2347869873047,562.9423217773438
2024-09-30,217.78692626953125,565.1981811523438
2024-10-01,214.8290557861328,560.1348876953125
2024-10-02,214.53326416015625,560.371337890625
2024-10-03,213.0937957763672,559.3468017578125
2024-10-04,216.0713653564453,564.4298095703125
2024-10-07,214.37551879882812,559.3270263671875
2024-10-08,214.52340698242188,564.6170043945312
2024-10-09,214.9966583251953,568.5277709960938
2024-10-10,213.80369567871094,567.5328369140625
2024-10-11,218.15171813964844,570.9312744140625
2024-10-14,219.75880432128906,575.6005859375
2024-10-15,219.93629455566406,571.1283569335938
2024-10-16,223.5547637939453,573.6107177734375
2024-10-17,222.9434356689453,573.6600341796875
2024-10-18,222.48004150390625,575.8665771484375
2024-10-21,218.9799346923828,574.9208984375
2024-10-22,218.15171813964844,574.6155395507812
2024-10-23,216.16009521484375,569.364990234375
2024-10-24,216.63336181640625,570.596435546875
2024-10-25,215.81500244140625,570.3993530273438
2024-10-28,219.33485412597656,572.1626586914062
2024-10-29,218.62498474121094,573.088623046875
2024-10-30,218.32919311523438,571.35498046875
2024-10-31,214.7008819580078,560.1546020507812
2024-11-01,215.90374755859375,562.5187377929688
2024-11-04,216.99815368652344,561.30712890625
2024-11-05,221.0800018310547,568.0942993164062
2024-11-06,233.88751220703125,582.2203369140625
2024-11-07,233.05931091308594,586.7221069335938
2024-11-08,234.77484130859375,589.2637329101562
2024-11-11,238.3045654296875,589.8250732421875
2024-11-12,234.12416076660156,587.992919921875
2024-11-13,231.80715942382812,588.2785034179688
2024-11-14,228.6816864013672,584.4957885742188
2024-11-15,225.27029418945312,577.0091552734375
2024-11-18,225.7139434814453,579.3734741210938
2024-11-19,227.39010620117188,581.4913940429688
2024-11-20,227.6858673095703,581.6884155273438
2024-11-21,231.14657592773438,584.8110961914062
2024-11-22,235.41575622558594,586.6235961914062
2024-11-25,238.9947509765625,588.613525390625
2024-11-26,237.23976135253906,591.68701171875
2024-11-27,237.5651092529297,589.8941650390625
2024-11-29,238.47218322753906,593.55859375
2024-12-02,238.35386657714844,594.6224365234375
2024-12-03,236.6580352783203,594.898193359375
2024-12-04,237.50596618652344,598.5923461914062
2024-12-05,234.7354278564453,597.607177734375
2024-12-06,235.573486328125,598.739990234375
2024-12-09,234.39035034179688,595.65673828125
2024-12-10,233.37481689453125,593.8048095703125
2024-12-11,234.4298095703125,598.3953247070312
2024-12-12,231.38319396972656,595.31201171875
2024-12-13,229.7958221435547,595.19384765625
2024-12-16,231.14657592773438,597.7352294921875
2024-12-17,228.50033569335938,595.2725830078125
2024-12-18,218.3840789794922,577.5314331054688
2024-12-19,217.4149932861328,577.35400390625
2024-12-20,219.4521026611328,584.2886962890625
2024-12-23,218.94775390625,587.78759765625
2024-12-24,220.90576171875,594.3207397460938
2024-12-26,223.17027282714844,594.3604125976562
2024-12-27,219.9168701171875,588.103759765625
2024-12-30,218.22586059570312,581.392578125
2024-12-31,218.50277709960938,579.2774047851562
2025-01-02,218.68077087402344,577.8541870117188
2025-01-03,221.9341583251953,585.079345703125
2025-01-06,222.02316284179688,588.44970703125
2025-01-07,220.24319458007812,581.7978515625
2025-01-08,219.2444305419922,582.6478881835938
2025-01-10,214.418701171875,573.7522583007812
2025-01-13,214.83401489257812,574.6419067382812
2025-01-14,217.27655029296875,575.4325561523438
2025-01-15,221.5485076904297,585.8997192382812
2025-01-16,221.99351501464844,584.77294921875
2025-01-17,222.95272827148438,590.64404296875
2025-01-21,227.2345733642578,596.0504150390625
2025-01-22,225.751220703125,599.401123046875
2025-01-23,226.77969360351562,602.6727294921875
2025-01-24,226.1468048095703,600.9132690429688
2025-01-27,223.9811553955078,592.4132080078125
2025-01-28,224.22836303710938,597.5034790039062
2025-01-29,223.7141571044922,594.8248901367188
2025-01-30,225.9885711669922,598.017333984375
2025-01-31,223.9613800048828,594.834716796875
2025-02-03,221.34085083007812,590.8317260742188
2025-02-04,224.40635681152344,594.795166015625
2025-02-05,226.84890747070312,597.2068481445312
2025-02-06,226.10723876953125,599.2825927734375
2025-02-07,223.48672485351562,593.7969970703125
2025-02-10,224.49537658691406,597.82958984375
2025-02-11,223.1900634765625,598.2843017578125
2025-02-12,221.13316345214844,596.3568115234375
2025-02-13,223.62515258789062,602.6528930664062
2025-02-14,223.45704650878906,602.623291015625
2025-02-18,224.68325805664062,604.3924560546875
2025-02-19,223.91192626953125,605.8158569335938
2025-02-20,221.76605224609375,603.2953491210938
2025-02-21,215.37789916992188,592.9765625
2025-02-24,213.8253631591797,590.2783203125
2025-02-25,213.01451110839844,587.3427124023438
2025-02-26,213.28146362304688,587.6392211914062
2025-02-27,210.02806091308594,578.2593994140625
2025-02-28,212.262939453125,587.283447265625
2025-03-03,206.45822143554688,576.9942626953125
2025-03-04,204.12445068359375,570.1644897460938
2025-03-05,206.15167236328125,576.29248046875
2025-03-06,202.99713134765625,566.0625610351562
2025-03-07,203.65968322753906,569.2353515625
2025-03-10,198.53729248046875,554.0734252929688
2025-03-11,198.5175323486328,549.467529296875
2025-03-12,198.86361694335938,552.38330078125
2025-03-13,195.89697265625,545.0196533203125
2025-03-14,200.6337127685547,556.2775268554688
2025-03-17,203.1652374267578,560.5671997070312
2025-03-18,201.40109252929688,554.50830078125
2025-03-19,204.532958984375,560.5474243164062
2025-03-20,203.23463439941406,558.9264526367188
2025-03-21,201.97592163085938,559.11083984375
2025-03-24,207.00079345703125,569.1236572265625
2025-03-25,205.8511199951172,570.49169921875
2025-03-26,203.75991821289062,563.6810913085938
2025-03-27,202.78863525390625,562.18408203125
2025-03-28,198.6656494140625,550.8626708984375
2025-03-31,197.71421813964844,554.5604858398438
2025-04-01,197.7340087890625,556.1268310546875
2025-04-02,200.85598754882812,559.646240234375
2025-04-03,187.9617919921875,532.06640625
2025-04-04,179.57711791992188,500.9176330566406
2025-04-07,177.9517059326172,500.025390625
2025-04-08,173.26380920410156,492.1936340332031
2025-04-09,187.99151611328125,543.8834838867188
2025-04-10,180.0924835205078,520.0509643554688
2025-04-11,182.71888732910156,529.3301391601562
2025-04-14,184.86956787109375,534.4654541015625
2025-04-15,185.09751892089844,532.968505859375
2025-04-16,183.32345581054688,521.1216430664062
2025-04-17,184.82000732421875,521.8651733398438
2025-04-21,181.11331176757812,509.4433898925781
2025-04-22,185.8011932373047,522.6979370117188
2025-04-23,188.5564727783203,530.79736328125
2025-04-24,192.33253479003906,541.9701538085938
2025-04-25,192.3920135498047,545.8860473632812
2025-04-28,193.20469665527344,546.09423828125
2025-04-29,194.34446716308594,549.5342407226562
2025-04-30,193.12542724609375,549.7523193359375
2025-05-01,194.3246612548828,553.6483764648438
2025-05-02,198.6953887939453,561.8668212890625
2025-05-05,197.16909790039062,558.6448364257812
2025-05-06,195.01841735839844,553.9755859375
2025-05-07,195.66262817382812,556.3052978515625
2025-05-08,199.38916015625,560.1815795898438
2025-05-09,199.0224609375,559.4677124023438
2025-05-12,206.0196075439453,577.9567260742188
2025-05-13,206.77285766601562,581.7734985351562
2025-05-14,204.93931579589844,582.5170288085938
2025-05-15,206.27728271484375,585.3622436523438
2025-05-16,207.9819793701172,589.0698852539062
2025-05-19,207.1098175048828,589.7142944335938
2025-05-20,207.21884155273438,587.7315673828125
2025-05-21,201.40109252929688,577.8278198242188
2025-05-22,201.39117431640625,578.055908203125
2025-05-23,200.7568817138672,574.1101684570312
2025-05-27,205.8511199951172,586.0463256835938
2025-05-28,203.6806182861328,582.6558227539062
2025-05-29,204.28517150878906,584.9557495117188
2025-05-30,203.24453735351562,584.301513671875
2025-06-02,203.87884521484375,587.5928344726562
2025-06-03,207.16928100585938,590.943603515625
2025-06-04,206.58453369140625,590.7850341796875
2025-06-05,206.6737518310547,587.9298706054688
2025-06-06,210.0137176513672,593.96728515625
2025-06-09,211.4607391357422,594.5026245117188
2025-06-10,212.6005096435547,597.873291015625
2025-06-11,211.7283477783203,596.1681518554688
2025-06-12,210.88589477539062,598.5374755859375
2025-06-13,207.03053283691406,591.845703125
2025-06-16,209.47140502929688,597.4767456054688
2025-06-17,207.26507568359375,592.3712158203125
2025-06-18,208.35829162597656,592.281982421875
2025-06-20,207.9210205078125,590.8909912109375
2025-06-23,210.46524047851562,596.7274780273438
2025-06-24,213.1486053466797,603.3196411132812
2025-06-25,210.66400146484375,603.65771484375
2025-06-26,214.08282470703125,608.380615234375
2025-06-27,214.15237426757812,611.4032592773438
2025-06-30,214.46044921875,614.3264770507812
2025-07-01,216.66677856445312,614.127685546875
2025-07-02,219.66818237304688,616.9117431640625
2025-07-03,221.70555114746094,621.7738647460938
2025-07-07,218.3761749267578,617.1403198242188
2025-07-08,219.88682556152344,616.8023681640625
2025-07-09,222.27203369140625,620.5010986328125
2025-07-10,223.4149627685547,622.2510375976562
2025-07-11,220.33404541015625,620.0636596679688
2025-07-14,221.81488037109375,621.246826171875
2025-07-15,217.47181701660156,618.592041015625
2025-07-16,219.6582489013672,620.66015625
2025-07-17,222.54037475585938,624.4583740234375
2025-07-18,220.96017456054688,624.0010375976562
2025-07-21,220.06570434570312,625.1842651367188
2025-07-22,221.89437866210938,625.2737426757812
2025-07-23,225.28335571289062,630.5932006835938
2025-07-24,222.17266845703125,630.802001953125
2025-07-25,222.99754333496094,633.4667358398438
2025-07-28,222.7391357421875,633.3076782226562
2025-07-29,221.31796264648438,631.6372680664062
2025-07-30,220.19491577148438,630.841796875
2025-07-31,218.0382843017578,628.475341796875
2025-08-01,213.5958251953125,618.1743774414062
2025-08-04,218.3761749267578,627.570556640625
2025-08-05,219.48928833007812,624.3887939453125
2025-08-06,219.20108032226562,629.17138671875
2025-08-07,218.48550415039062,628.6444091796875
2025-08-08,218.96255493164062,633.5462646484375
2025-08-11,218.91287231445312,632.29345703125
2025-08-12,225.41256713867188,639.0248413085938
2025-08-13,229.79541015625,641.2123413085938
2025-08-14,226.83375549316406,641.27197265625
2025-08-15,225.73060607910156,639.7705688476562
2025-08-18,226.5554962158203,639.6314086914062
2025-08-19,224.81626892089844,636.1612548828125
2025-08-20,224.0211944580078,634.470947265625
2025-08-21,224.5777587890625,631.9255981445312
2025-08-22,233.38316345214844,641.6299438476562
2025-08-25,230.92837524414062,638.8060913085938
2025-08-26,232.83653259277344,641.4807739257812
2025-08-27,234.486328125,642.9423828125
2025-08-28,234.7646026611328,645.2192993164062
2025-08-29,233.7210693359375,641.3713989257812
2025-09-02,232.45889282226562,636.6187133789062
2025-09-03,232.2303009033203,640.06884765625
2025-09-04,235.13230895996094,645.418212890625
2025-09-05,236.3050537109375,643.5488891601562
2025-09-08,236.78208923339844,645.1298828125
2025-09-09,235.39073181152344,646.6212768554688
2025-09-10,234.97329711914062,648.4905395507812
2025-09-11,239.31637573242188,653.8796997070312
2025-09-12,236.87152099609375,653.6608276367188
2025-09-15,237.8753204345703,657.1409301757812
2025-09-16,237.48361206054688,656.2361450195312
2025-09-17,238.09158325195312,655.4208374023438
2025-09-18,244.0216827392578,658.4832153320312
2025-09-19,242.16790771484375,661.74462890625
2025-09-22,243.5731964111328,664.8753662109375
2025-09-23,243.0250244140625,661.256103515625
2025-09-24,240.7925262451172,659.1522216796875
2025-09-25,238.490234375,656.1112670898438
2025-09-26,240.53338623046875,659.8701782226562
2025-09-29,240.8124542236328,661.7246704101562
2025-09-30,241.1513214111328,664.21728515625
2025-10-01,241.67955017089844,666.4806518554688
2025-10-02,243.20443725585938,667.248291015625
2025-10-03,245.00839233398438,667.2384033203125
2025-10-06,245.985107421875,669.6312866210938
2025-10-07,243.34396362304688,667.1486206054688
2025-10-08,245.89541625976562,671.1268920898438
2025-10-09,244.31072998046875,669.1826171875
2025-10-10,236.99525451660156,651.0960693359375
2025-10-13,243.5931396484375,661.0865478515625
2025-10-14,247.0714569091797,660.2789306640625
2025-10-15,249.49334716796875,663.2102661132812
2025-10-16,244.24095153808594,658.6936645507812
2025-10-17,242.5964813232422,662.4326171875
2025-10-20,247.33059692382812,669.3222045898438
2025-10-21,246.16452026367188,669.3121948242188
2025-10-22,242.52670288085938,665.83251953125
2025-10-23,245.59640502929688,669.7808837890625
2025-10-24,248.59634399414062,675.2546997070312
2025-10-27,249.46343994140625,683.2211303710938
2025-10-28,248.1279296875,685.0357666015625
2025-10-29,246.01499938964844,685.3648071289062
2025-10-30,244.0316619873047,677.8270874023438
2025-10-31,245.40704345703125,680.050537109375
2025-11-03,244.61968994140625,681.3267822265625
2025-11-04,240.39385986328125,673.2506103515625
2025-11-05,243.86221313476562,675.583740234375
2025-11-06,239.5467071533203,668.3351440429688
2025-11-07,240.802490234375,668.9931640625
2025-11-10,243.2144012451172,679.432373046875
2025-11-11,243.4237060546875,680.9877319335938
2025-11-12,242.82569885253906,681.3666381835938
2025-11-13,235.99859619140625,670.0599975585938
2025-11-14,236.68629455566406,669.9503784179688
2025-11-17,231.9820556640625,663.7088012695312
2025-11-18,232.689697265625,658.1353149414062
2025-11-19,232.6498260498047,660.6777954101562
2025-11-20,228.34426879882812,650.6075439453125
2025-11-21,234.8125762939453,657.08837890625
2025-11-24,239.0981903076172,666.759765625
2025-11-25,244.31072998046875,673.03125
2025-11-26,246.47348022460938,677.6775512695312
2025-11-28,247.9186248779297,681.3765869140625
2025-12-01,244.79908752441406,678.2658081054688
2025-12-02,244.3505859375,679.5220947265625
2025-12-03,248.79568481445312,681.8751220703125
2025-12-04,250.97837829589844,682.3736572265625
2025-12-05,249.931884765625,683.6697998046875
2025-12-08,250.0315399169922,681.6159057617188
2025-12-09,250.5498046875,681.027587890625
2025-12-10,253.9583740234375,685.5443115234375
2025-12-11,256.9383544921875,687.1395263671875
2025-12-12,253.0015869140625,679.7514038085938
2025-12-15,251.08798217773438,678.7244262695312
2025-12-16,249.89999389648438,676.8699340820312
2025-12-17,247.24000549316406,669.4219360351562
2025-12-18,248.7100067138672,674.4769287109375
2025-12-19,250.7899932861328,680.5900268554688
2025-12-22,253.5800018310547,684.8300170898438
2025-12-23,252.0800018310547,687.9600219726562
2025-12-24,252.7100067138672,690.3800048828125
2025-12-26,251.4199981689453,690.3099975585938
2025-12-29,249.8800048828125,687.8499755859375
2025-12-30,248.02999877929688,687.010009765625
2025-12-31,246.16000366210938,681.9199829101562
2026-01-02,248.77999877929688,683.1699829101562
2026-01-05,252.72999572753906,687.719970703125
2026-01-06,256.0799865722656,691.8099975585938
2026-01-07,255.47999572753906,689.5800170898438
2026-01-08,258.2699890136719,689.510009765625
2026-01-09,260.2300109863281,694.0700073242188
2026-01-12,261.5,695.1599731445312
2026-01-13,261.3500061035156,693.77001953125
2026-01-14,263.19000244140625,690.3599853515625
2026-01-15,265.510009765625,692.239990234375
2026-01-16,265.760009765625,691.6599731445312
2026-01-20,262.5799865722656,677.5800170898438
2026-01-21,267.7900085449219,685.4000244140625
2026-01-22,269.7900085449219,688.97998046875
2026-01-23,264.80999755859375,689.22998046875
2026-01-26,263.9800109863281,692.72998046875
2026-01-27,264.7300109863281,695.489990234375
2026-01-28,263.29998779296875,695.4199829101562
2026-01-29,263.3699951171875,694.0399780273438
2026-01-30,259.6499938964844,691.969970703125
2026-02-02,262.17999267578125,695.4099731445312
2026-02-03,262.7799987792969,689.530029296875
2026-02-04,260.5199890136719,686.1900024414062
2026-02-05,255.8300018310547,677.6199951171875
2026-02-06,265.0199890136719,690.6199951171875
2026-02-09,266.8800048828125,693.9500122070312
2026-02-10,266.1600036621094,692.1199951171875
2026-02-11,264.95001220703125,691.9600219726562
2026-02-12,259.5400085449219,681.27001953125
2026-02-13,262.9599914550781,681.75
2026-02-17,263.0400085449219,682.8499755859375
2026-02-18,263.989990234375,686.2899780273438
2026-02-19,264.6000061035156,684.47998046875
2026-02-20,264.6099853515625,689.4299926757812
2026-02-23,260.489990234375,682.3900146484375
2026-02-24,263.3299865722656,687.3499755859375
2026-02-25,264.5799865722656,693.1500244140625
2026-02-26,265.989990234375,689.2999877929688
2026-02-27,261.4100036621094,685.989990234375
2026-03-02,263.80999755859375,686.3800048828125
2026-03-03,259.239990234375,680.3300170898438
2026-03-04,261.760009765625,685.1300048828125
2026-03-05,256.760009765625,681.3099975585938
2026-03-06,250.88999938964844,672.3800048828125
