,SELIC,DI_DAILY,DI_360D
1986-06-04,,,17.8
1986-06-05,,,18.5
1986-06-06,,,18.31
1986-06-09,,,18.76
1986-06-10,,,18.4
1986-06-11,,,18.31
1986-06-12,,,18.26
1986-06-13,,,18.14
1986-06-16,,,18.24
1986-06-17,,,18.16
1986-06-18,,,18.18
1986-06-19,,,18.14
1986-06-20,,,18.1
1986-06-23,,,18.12
1986-06-24,,,18.1
1986-06-25,,,18.24
1986-06-26,,,18.21
1986-06-27,,,18.18
1986-06-30,,,18.27
1986-07-01,,,18.28
1986-07-02,,,18.77
1986-07-03,,,20.48
1986-07-04,,,23.31
1986-07-07,,,23.35
1986-07-08,,,23.3
1986-07-09,,,23.69
1986-07-10,,,23.91
1986-07-11,,,23.92
1986-07-14,,,23.93
1986-07-15,,,23.8
1986-07-16,,,23.83
1986-07-17,,,23.83
1986-07-18,,,23.88
1986-07-21,,,23.89
1986-07-22,,,23.96
1986-07-23,,,24.78
1986-07-24,,,24.87
1986-07-25,,,24.95
1986-07-28,,,25.08
1986-07-29,,,25.08
1986-07-30,,,25.07
1986-07-31,,,25.08
1986-08-01,,,25.13
1986-08-04,,,25.23
1986-08-05,,,25.34
1986-08-06,,,25.51
1986-08-07,,,26.6
1986-08-08,,,32.04
1986-08-11,,,37.91
1986-08-12,,,37.54
1986-08-13,,,38.49
1986-08-14,,,38.59
1986-08-15,,,39.46
1986-08-18,,,39.76
1986-08-19,,,39.62
1986-08-20,,,39.54
1986-08-21,,,39.75
1986-08-22,,,39.83
1986-08-25,,,39.8
1986-08-26,,,39.79
1986-08-27,,,39.81
1986-08-28,,,39.78
1986-08-29,,,39.88
1986-09-01,,,39.07
1986-09-02,,,39.15
1986-09-03,,,39.28
1986-09-04,,,39.17
1986-09-05,,,39.2
1986-09-08,,,39.14
1986-09-09,,,39.23
1986-09-10,,,39.19
1986-09-11,,,39.19
1986-09-12,,,39.19
1986-09-15,,,39.19
1986-09-16,,,39.19
1986-09-17,,,39.42
1986-09-18,,,39.47
1986-09-19,,,39.56
1986-09-22,,,39.64
1986-09-23,,,39.75
1986-09-24,,,39.63
1986-09-25,,,39.7
1986-09-26,,,39.67
1986-09-29,,,39.75
1986-09-30,,,39.78
1986-10-01,,,18.29
1986-10-02,,,19.87
1986-10-03,,,21.33
1986-10-06,,,23.37
1986-10-07,,,23.51
1986-10-08,,,23.69
1986-10-09,,,24.21
1986-10-10,,,24.3
1986-10-13,,,24.22
1986-10-14,,,24.22
1986-10-15,,,24.28
1986-10-16,,,24.34
1986-10-17,,,24.25
1986-10-20,,,24.32
1986-10-21,,,24.3
1986-10-22,,,24.3
1986-10-23,,,24.28
1986-10-24,,,24.28
1986-10-27,,,24.3
1986-10-28,,,24.33
1986-10-29,,,24.31
1986-10-30,,,24.34
1986-10-31,,,25.46
1986-11-03,,,32.82
1986-11-04,,,33.61
1986-11-05,,,33.64
1986-11-06,,,33.61
1986-11-07,,,33.45
1986-11-10,,,33.07
1986-11-11,,,32.2
1986-11-12,,,32.32
1986-11-13,,,32.37
1986-11-14,,,32.52
1986-11-17,,,32.66
1986-11-18,,,32.64
1986-11-19,,,32.65
1986-11-20,,,32.33
1986-11-21,,,32.65
1986-11-24,,,33.61
1986-11-25,,,36.45
1986-11-26,,,40.49
1986-11-27,,,41.56
1986-11-28,,,42.43
1986-12-01,,,65.07
1986-12-02,,,80.59
1986-12-03,,,76.49
1986-12-04,,,73.71
1986-12-05,,,74.24
1986-12-08,,,77.78
1986-12-09,,,84.5
1986-12-10,,,86.04
1986-12-11,,,82.16
1986-12-12,,,82.16
1986-12-15,,,82.23
1986-12-16,,,81.18
1986-12-17,,,82.63
1986-12-18,,,83.37
1986-12-19,,,83.21
1986-12-22,,,84.58
1986-12-23,,,85.58
1986-12-24,,,85.58
1986-12-25,,,85.58
1986-12-26,,,85.58
1986-12-29,,,86.6
1986-12-30,,,115.56
1986-12-31,,,115.56
1987-01-01,,,115.56
1987-01-02,,,115.56
1987-01-05,,,184.88
1987-01-06,,,178.36
1987-01-07,,,177.5
1987-01-08,,,179.97
1987-01-09,,,250.81
1987-01-12,,,249.18
1987-01-13,,,250.47
1987-01-14,,,251.75
1987-01-15,,,266.43
1987-01-16,,,265.19
1987-01-19,,,265.19
1987-01-20,,,265.67
1987-01-21,,,265.8
1987-01-22,,,265.14
1987-01-23,,,321.78
1987-01-26,,,321.61
1987-01-27,,,320.54
1987-01-28,,,320.89
1987-01-29,,,320.45
1987-01-30,,,321.15
1987-02-02,,,586.14
1987-02-03,,,585.9
1987-02-04,,,586.0
1987-02-05,,,585.62
1987-02-06,,,596.18
1987-02-09,,,882.05
1987-02-10,,,1129.42
1987-02-11,,,1181.94
1987-02-12,,,1183.34
1987-02-13,,,1184.3
1987-02-16,,,1179.22
1987-02-17,,,1186.15
1987-02-18,,,1186.94
1987-02-19,,,1186.59
1987-02-20,,,1189.14
1987-02-23,,,1190.37
1987-02-24,,,1190.72
1987-02-25,,,851.75
1987-02-26,,,351.5
1987-02-27,,,298.37
1987-03-02,,,298.37
1987-03-03,,,298.37
1987-03-04,,,298.37
1987-03-05,,,302.16
1987-03-06,,,382.71
1987-03-09,,,380.7
1987-03-10,,,380.7
1987-03-11,,,379.61
1987-03-12,,,242.78
1987-03-13,,,174.63
1987-03-16,,,306.66
1987-03-17,,,307.02
1987-03-18,,,308.56
1987-03-19,,,311.88
1987-03-20,,,317.38
1987-03-23,,,322.77
1987-03-24,,,322.74
1987-03-25,,,322.74
1987-03-26,,,322.74
1987-03-27,,,322.77
1987-03-30,,,322.77
1987-03-31,,,322.77
1987-04-01,,,322.74
1987-04-02,,,322.71
1987-04-03,,,322.65
1987-04-06,,,422.16
1987-04-07,,,423.91
1987-04-08,,,426.18
1987-04-09,,,584.73
1987-04-10,,,587.36
1987-04-13,,,589.06
1987-04-14,,,589.11
1987-04-15,,,594.13
1987-04-16,,,594.13
1987-04-17,,,594.13
1987-04-20,,,594.13
1987-04-21,,,607.24
1987-04-22,,,609.66
1987-04-23,,,612.49
1987-04-24,,,614.39
1987-04-27,,,743.51
1987-04-28,,,908.33
1987-04-29,,,910.47
1987-04-30,,,926.77
1987-05-01,,,926.77
1987-05-04,,,943.41
1987-05-05,,,947.85
1987-05-06,,,962.28
1987-05-07,,,2259.79
1987-05-08,,,2281.12
1987-05-11,,,4156.56
1987-05-12,,,4201.97
1987-05-13,,,4283.48
1987-05-14,,,4348.96
1987-05-15,,,873.15
1987-05-18,,,890.55
1987-05-19,,,903.65
1987-05-20,,,916.99
1987-05-21,,,946.49
1987-05-22,,,1023.86
1987-05-25,,,1089.97
1987-05-26,,,1283.61
1987-05-27,,,1293.48
1987-05-28,,,1304.47
1987-05-29,,,1330.62
1987-06-01,,,1329.16
1987-06-02,,,1314.68
1987-06-03,,,1295.77
1987-06-04,,,1290.72
1987-06-05,,,1293.86
1987-06-08,,,1287.12
1987-06-09,,,1273.26
1987-06-10,,,1247.6
1987-06-11,,,1200.91
1987-06-12,,,1051.32
1987-06-15,,,1051.32
1987-06-16,,,424.74
1987-06-17,,,399.11
1987-06-18,,,375.51
1987-06-19,,,351.53
1987-06-22,,,329.47
1987-06-23,,,310.53
1987-06-24,,,292.42
1987-06-25,,,276.99
1987-06-26,,,265.82
1987-06-29,,,251.44
1987-06-30,,,242.73
1987-07-01,,,197.45
1987-07-02,,,185.12
1987-07-03,,,173.69
1987-07-06,,,173.01
1987-07-07,,,173.4
1987-07-08,,,173.4
1987-07-09,,,162.24
1987-07-10,,,156.92
1987-07-13,,,151.54
1987-07-14,,,146.3
1987-07-15,,,146.47
1987-07-16,,,146.33
1987-07-17,,,141.25
1987-07-20,,,141.57
1987-07-21,,,142.0
1987-07-22,,,143.3
1987-07-23,,,145.69
1987-07-24,,,147.61
1987-07-27,,,148.41
1987-07-28,,,149.35
1987-07-29,,,147.18
1987-07-30,,,141.2
1987-07-31,,,135.14
1987-08-03,,,135.4
1987-08-04,,,133.24
1987-08-05,,,131.45
1987-08-06,,,129.56
1987-08-07,,,130.19
1987-08-10,,,132.16
1987-08-11,,,136.03
1987-08-12,,,138.3
1987-08-13,,,142.3
1987-08-14,,,144.06
1987-08-17,,,148.2
1987-08-18,,,148.37
1987-08-19,,,149.38
1987-08-20,,,150.61
1987-08-21,,,161.31
1987-08-24,,,174.4
1987-08-25,,,183.96
1987-08-26,,,192.62
1987-08-27,,,198.86
1987-08-28,,,202.07
1987-08-31,,,201.24
1987-09-01,,,198.08
1987-09-02,,,201.24
1987-09-03,,,201.44
1987-09-04,,,201.4
1987-09-07,,,201.4
1987-09-08,,,198.33
1987-09-09,,,190.82
1987-09-10,,,173.46
1987-09-11,,,152.79
1987-09-14,,,152.74
1987-09-15,,,152.91
1987-09-16,,,153.26
1987-09-17,,,152.58
1987-09-18,,,149.42
1987-09-21,,,132.0
1987-09-22,,,112.7
1987-09-23,,,113.67
1987-09-24,,,113.17
1987-09-25,,,113.69
1987-09-28,,,114.9
1987-09-29,,,121.06
1987-09-30,,,125.27
1987-10-01,,,137.46
1987-10-02,,,140.06
1987-10-05,,,140.99
1987-10-06,,,142.6
1987-10-07,,,145.94
1987-10-08,,,146.1
1987-10-09,,,148.65
1987-10-12,,,148.65
1987-10-13,,,152.6
1987-10-14,,,169.37
1987-10-15,,,182.46
1987-10-16,,,194.22
1987-10-19,,,254.47
1987-10-20,,,254.05
1987-10-21,,,254.27
1987-10-22,,,253.86
1987-10-23,,,254.15
1987-10-26,,,250.71
1987-10-27,,,240.93
1987-10-28,,,241.25
1987-10-29,,,243.54
1987-10-30,,,244.34
1987-11-02,,,244.34
1987-11-03,,,280.17
1987-11-04,,,284.6
1987-11-05,,,287.57
1987-11-06,,,293.28
1987-11-09,,,301.22
1987-11-10,,,312.9
1987-11-11,,,329.38
1987-11-12,,,335.67
1987-11-13,,,352.28
1987-11-16,,,371.06
1987-11-17,,,369.06
1987-11-18,,,372.1
1987-11-19,,,373.23
1987-11-20,,,386.37
1987-11-23,,,420.76
1987-11-24,,,432.32
1987-11-25,,,432.13
1987-11-26,,,448.4
1987-11-27,,,469.95
1987-11-30,,,470.92
1987-12-01,,,372.42
1987-12-02,,,374.21
1987-12-03,,,380.5
1987-12-04,,,390.05
1987-12-07,,,391.57
1987-12-08,,,395.33
1987-12-09,,,399.15
1987-12-10,,,398.94
1987-12-11,,,394.99
1987-12-14,,,392.34
1987-12-15,,,389.45
1987-12-16,,,385.87
1987-12-17,,,378.0
1987-12-18,,,364.32
1987-12-21,,,347.8
1987-12-22,,,335.73
1987-12-23,,,319.94
1987-12-24,,,319.94
1987-12-25,,,319.94
1987-12-28,,,326.5
1987-12-29,,,330.06
1987-12-30,,,342.09
1987-12-31,,,342.09
1988-01-01,,,342.09
1988-01-04,,,429.59
1988-01-05,,,439.08
1988-01-06,,,446.75
1988-01-07,,,456.66
1988-01-08,,,454.64
1988-01-11,,,462.57
1988-01-12,,,471.51
1988-01-13,,,481.95
1988-01-14,,,568.55
1988-01-15,,,584.4
1988-01-18,,,584.4
1988-01-19,,,612.83
1988-01-20,,,643.55
1988-01-21,,,658.36
1988-01-22,,,843.58
1988-01-25,,,864.4
1988-01-26,,,865.72
1988-01-27,,,877.69
1988-01-28,,,888.39
1988-01-29,,,891.09
1988-02-01,,,729.2
1988-02-02,,,715.79
1988-02-03,,,708.12
1988-02-04,,,700.79
1988-02-05,,,692.88
1988-02-08,,,704.86
1988-02-09,,,706.3
1988-02-10,,,708.51
1988-02-11,,,943.41
1988-02-12,,,939.99
1988-02-15,,,939.99
1988-02-16,,,939.99
1988-02-17,,,939.99
1988-02-18,,,931.28
1988-02-19,,,929.3
1988-02-22,,,921.31
1988-02-23,,,922.64
1988-02-24,,,941.63
1988-02-25,,,945.48
1988-02-26,,,949.28
1988-02-29,,,949.21
1988-03-01,,,570.75
1988-03-02,,,554.1
1988-03-03,,,536.63
1988-03-04,,,536.23
1988-03-07,,,536.15
1988-03-08,,,536.58
1988-03-09,,,537.45
1988-03-10,,,538.29
1988-03-11,,,424.74
1988-03-14,,,424.92
1988-03-15,,,426.18
1988-03-16,,,426.76
1988-03-17,,,427.59
1988-03-18,,,430.17
1988-03-21,,,432.68
1988-03-22,,,432.06
1988-03-23,,,431.66
1988-03-24,,,443.91
1988-03-25,,,460.68
1988-03-28,,,482.99
1988-03-29,,,509.97
1988-03-30,,,512.86
1988-03-31,,,512.86
1988-04-01,,,512.86
1988-04-04,,,788.07
1988-04-05,,,825.93
1988-04-06,,,867.84
1988-04-07,,,909.64
1988-04-08,,,909.64
1988-04-11,,,989.06
1988-04-12,,,1039.96
1988-04-13,,,1080.09
1988-04-14,,,1115.29
1988-04-15,,,1110.57
1988-04-18,,,1110.57
1988-04-19,,,1124.22
1988-04-20,,,1177.39
1988-04-21,,,1201.44
1988-04-22,,,1200.02
1988-04-25,,,1349.91
1988-04-26,,,1373.07
1988-04-27,,,1297.87
1988-04-28,,,1049.35
1988-04-29,,,862.56
1988-05-02,,,802.22
1988-05-03,,,807.73
1988-05-04,,,903.44
1988-05-05,,,906.26
1988-05-06,,,907.98
1988-05-09,,,900.84
1988-05-10,,,819.36
1988-05-11,,,851.62
1988-05-12,,,832.86
1988-05-13,,,832.86
1988-05-16,,,820.68
1988-05-17,,,793.68
1988-05-18,,,796.31
1988-05-19,,,795.51
1988-05-20,,,797.78
1988-05-23,,,657.38
1988-05-24,,,632.28
1988-05-25,,,589.67
1988-05-26,,,591.05
1988-05-27,,,596.61
1988-05-30,,,596.61
1988-05-31,,,598.47
1988-06-01,,,596.37
1988-06-02,,,596.65
1988-06-03,,,601.3
1988-06-06,,,608.54
1988-06-07,,,608.35
1988-06-08,,,608.59
1988-06-09,,,609.81
1988-06-10,,,612.78
1988-06-13,,,632.73
1988-06-14,,,663.26
1988-06-15,,,662.42
1988-06-16,,,665.04
1988-06-17,,,700.14
1988-06-20,,,699.04
1988-06-21,,,702.33
1988-06-22,,,713.89
1988-06-23,,,939.28
1988-06-24,,,1054.0
1988-06-27,,,1031.49
1988-06-28,,,1034.28
1988-06-29,,,1036.46
1988-06-30,,,788.61
1988-07-01,,,697.95
1988-07-04,,,714.84
1988-07-05,,,727.27
1988-07-06,,,741.03
1988-07-07,,,762.84
1988-07-08,,,815.53
1988-07-11,,,886.56
1988-07-12,,,879.9
1988-07-13,,,912.54
1988-07-14,,,999.91
1988-07-15,,,1184.39
1988-07-18,,,1282.29
1988-07-19,,,1385.09
1988-07-20,,,2139.85
1988-07-21,,,2139.7
1988-07-22,,,2151.03
1988-07-25,,,2277.55
1988-07-26,,,2588.64
1988-07-27,,,2589.93
1988-07-28,,,2582.97
1988-07-29,,,2583.34
1988-08-01,,,1132.36
1988-08-02,,,1137.34
1988-08-03,,,1136.24
1988-08-04,,,1136.24
1988-08-05,,,1136.16
1988-08-08,,,1135.82
1988-08-09,,,1134.81
1988-08-10,,,937.51
1988-08-11,,,769.6
1988-08-12,,,715.63
1988-08-15,,,714.34
1988-08-16,,,708.51
1988-08-17,,,699.26
1988-08-18,,,704.86
1988-08-19,,,674.21
1988-08-22,,,674.05
1988-08-23,,,670.93
1988-08-24,,,667.66
1988-08-25,,,687.2
1988-08-26,,,686.12
1988-08-29,,,697.24
1988-08-30,,,711.17
1988-08-31,,,997.96
1988-09-01,,,997.96
1988-09-02,,,1032.73
1988-09-05,,,1122.13
1988-09-06,,,1238.15
1988-09-07,,,1238.15
1988-09-08,,,1305.72
1988-09-09,,,1489.95
1988-09-12,,,1500.3
1988-09-13,,,1481.18
1988-09-14,,,1481.61
1988-09-15,,,1501.5
1988-09-16,,,1531.08
1988-09-19,,,1592.57
1988-09-20,,,1586.34
1988-09-21,,,1606.26
1988-09-22,,,1607.31
1988-09-23,,,1622.64
1988-09-26,,,1613.14
1988-09-27,,,1686.23
1988-09-28,,,2386.46
1988-09-29,,,2383.25
1988-09-30,,,2400.57
1988-10-03,,,2386.29
1988-10-04,,,2387.99
1988-10-05,,,2389.35
1988-10-06,,,2392.92
1988-10-07,,,2401.42
1988-10-10,,,2401.42
1988-10-11,,,2544.3
1988-10-12,,,2689.99
1988-10-13,,,6340.28
1988-10-14,,,3223.26
1988-10-17,,,3272.5
1988-10-18,,,3273.19
1988-10-19,,,3319.67
1988-10-20,,,3423.65
1988-10-21,,,3601.89
1988-10-24,,,3688.28
1988-10-25,,,3792.02
1988-10-26,,,3814.07
1988-10-27,,,2815.13
1988-10-28,,,2559.49
1988-10-31,,,2559.49
1988-11-01,,,2128.12
1988-11-02,,,2123.72
1988-11-03,,,2108.46
1988-11-04,,,2114.64
1988-11-07,,,2123.11
1988-11-08,,,2113.73
1988-11-09,,,2110.56
1988-11-10,,,2103.94
1988-11-11,,,2097.49
1988-11-14,,,2036.89
1988-11-15,,,2036.89
1988-11-16,,,1903.21
1988-11-17,,,1902.66
1988-11-18,,,1901.98
1988-11-21,,,1896.66
1988-11-22,,,1889.45
1988-11-23,,,1765.98
1988-11-24,,,1610.69
1988-11-25,,,1584.96
1988-11-28,,,1594.42
1988-11-29,,,1591.18
1988-11-30,,,1623.12
1988-12-01,,,1486.37
1988-12-02,,,1477.84
1988-12-05,,,1473.86
1988-12-06,,,1474.82
1988-12-07,,,1478.91
1988-12-08,,,1542.81
1988-12-09,,,1581.4
1988-12-12,,,1617.01
1988-12-13,,,1687.33
1988-12-14,,,1757.09
1988-12-15,,,1857.01
1988-12-16,,,1928.37
1988-12-19,,,2037.03
1988-12-20,,,2202.41
1988-12-21,,,2369.07
1988-12-22,,,2482.68
1988-12-23,,,2498.92
1988-12-26,,,2491.5
1988-12-27,,,2691.13
1988-12-28,,,2720.56
1988-12-29,,,2741.21
1988-12-30,,,2741.21
1989-01-02,,,2099.58
1989-01-03,,,2122.35
1989-01-04,,,2126.76
1989-01-05,,,2091.05
1989-01-06,,,2102.89
1989-01-09,,,2091.35
1989-01-10,,,2081.36
1989-01-11,,,2104.39
1989-01-12,,,2082.85
1989-01-13,,,2502.65
1989-01-16,,,2502.65
1989-01-17,,,2502.65
1989-01-18,,,709.5
1989-01-19,,,709.5
1989-01-20,,,709.5
1989-01-23,,,709.5
1989-01-24,,,714.84
1989-01-25,,,712.06
1989-01-26,,,701.62
1989-01-27,,,707.57
1989-01-30,,,740.97
1989-01-31,,,778.15
1989-02-01,,,828.66
1989-02-02,,,845.78
1989-02-03,,,875.35
1989-02-06,,,875.35
1989-02-07,,,875.35
1989-02-08,,,875.35
1989-02-09,,,871.16
1989-02-10,,,920.47
1989-02-13,,,1010.72
1989-02-14,,,1075.9
1989-02-15,,,1115.29
1989-02-16,,,1117.29
1989-02-17,,,1153.17
1989-02-20,,,1184.57
1989-02-21,,,1191.34
1989-02-22,,,1209.65
1989-02-23,,,1201.27
1989-02-24,,,1156.26
1989-02-27,,,1098.22
1989-02-28,,,1039.18
1989-03-01,,,978.83
1989-03-02,,,892.45
1989-03-03,,,925.02
1989-03-06,,,959.3
1989-03-07,,,950.21
1989-03-08,,,955.83
1989-03-09,,,953.6
1989-03-10,,,953.53
1989-03-13,,,950.36
1989-03-14,,,941.06
1989-03-15,,,932.34
1989-03-16,,,884.81
1989-03-17,,,871.69
1989-03-20,,,822.07
1989-03-21,,,734.66
1989-03-22,,,707.18
1989-03-23,,,707.18
1989-03-24,,,707.18
1989-03-27,,,700.14
1989-03-28,,,666.82
1989-03-29,,,647.23
1989-03-30,,,611.36
1989-03-31,,,583.51
1989-04-03,,,574.72
1989-04-04,,,543.34
1989-04-05,,,531.02
1989-04-06,,,494.45
1989-04-07,,,457.35
1989-04-10,,,432.54
1989-04-11,,,404.76
1989-04-12,,,376.69
1989-04-13,,,342.64
1989-04-14,,,298.72
1989-04-17,,,298.72
1989-04-18,,,260.48
1989-04-19,,,221.21
1989-04-20,,,224.85
1989-04-21,,,225.3
1989-04-24,,,224.02
1989-04-25,,,219.84
1989-04-26,,,219.84
1989-04-27,,,219.97
1989-04-28,,,219.97
1989-05-01,,,219.97
1989-05-02,,,218.96
1989-05-03,,,219.27
1989-05-04,,,225.94
1989-05-05,,,241.02
1989-05-08,,,253.93
1989-05-09,,,253.52
1989-05-10,,,252.89
1989-05-11,,,256.96
1989-05-12,,,261.18
1989-05-15,,,263.49
1989-05-16,,,266.25
1989-05-17,,,260.63
1989-05-18,,,257.03
1989-05-19,,,252.19
1989-05-22,,,241.86
1989-05-23,,,242.95
1989-05-24,,,244.34
1989-05-25,,,244.34
1989-05-26,,,306.83
1989-05-29,,,315.06
1989-05-30,,,385.67
1989-05-31,,,440.15
1989-06-01,,,477.66
1989-06-02,,,525.77
1989-06-05,,,528.0
1989-06-06,,,570.94
1989-06-07,,,621.57
1989-06-08,,,706.46
1989-06-09,,,767.58
1989-06-12,,,818.16
1989-06-13,,,927.2
1989-06-14,,,1355.26
1989-06-15,,,1968.76
1989-06-16,,,1993.75
1989-06-19,,,2004.06
1989-06-20,,,2023.52
1989-06-21,,,2047.99
1989-06-22,,,2078.39
1989-06-23,,,2701.79
1989-06-26,,,3984.38
1989-06-27,,,3972.17
1989-06-28,,,3939.06
1989-06-29,,,3595.34
1989-06-30,,,3738.11
1989-07-03,,,3156.51
1989-07-04,,,2705.81
1989-07-05,,,2841.45
1989-07-06,,,2925.38
1989-07-07,,,2898.71
1989-07-10,,,2999.21
1989-07-11,,,2950.63
1989-07-12,,,2986.36
1989-07-13,,,3126.27
1989-07-14,,,3085.01
1989-07-17,,,3492.42
1989-07-18,,,3283.08
1989-07-19,,,3179.21
1989-07-20,,,3030.18
1989-07-21,,,3056.94
1989-07-24,,,3024.0
1989-07-25,,,3060.38
1989-07-26,,,3022.3
1989-07-27,,,2881.81
1989-07-28,,,2811.16
1989-07-31,,,2700.46
1989-08-01,,,2694.17
1989-08-02,,,2629.62
1989-08-03,,,2565.83
1989-08-04,,,2575.67
1989-08-07,,,2585.17
1989-08-08,,,2583.7
1989-08-09,,,2590.48
1989-08-10,,,2640.81
1989-08-11,,,2659.36
1989-08-14,,,2644.55
1989-08-15,,,2631.11
1989-08-16,,,2596.72
1989-08-17,,,2548.1
1989-08-18,,,2545.21
1989-08-21,,,2586.44
1989-08-22,,,2569.47
1989-08-23,,,2538.37
1989-08-24,,,2579.68
1989-08-25,,,2657.48
1989-08-28,,,2681.26
1989-08-29,,,2850.29
1989-08-30,,,3280.77
1989-08-31,,,3870.13
1989-09-01,,,4907.02
1989-09-04,,,4876.49
1989-09-05,,,4950.44
1989-09-06,,,4889.02
1989-09-07,,,4889.02
1989-09-08,,,4909.76
1989-09-11,,,4919.99
1989-09-12,,,4883.26
1989-09-13,,,4883.93
1989-09-14,,,5037.0
1989-09-15,,,5205.19
1989-09-18,,,5219.62
1989-09-19,,,5205.9
1989-09-20,,,5252.26
1989-09-21,,,5318.88
1989-09-22,,,7854.59
1989-09-25,,,8840.26
1989-09-26,,,9153.01
1989-09-27,,,9424.82
1989-09-28,,,9637.7
1989-09-29,,,9492.88
1989-10-02,,,9993.26
1989-10-03,,,9744.58
1989-10-04,,,9878.95
1989-10-05,,,9981.63
1989-10-06,,,10532.58
1989-10-09,,,10532.58
1989-10-10,,,10183.88
1989-10-11,,,9835.76
1989-10-12,,,10756.12
1989-10-13,,,10913.97
1989-10-16,,,10788.56
1989-10-17,,,10719.4
1989-10-18,,,10552.78
1989-10-19,,,10650.7
1989-10-20,,,10669.65
1989-10-23,,,10536.19
1989-10-24,,,10577.37
1989-10-25,,,10578.08
1989-10-26,,,10561.45
1989-10-27,,,10682.07
1989-10-30,,,12986.32
1989-10-31,,,13871.82
1989-11-01,,,15136.34
1989-11-02,,,15136.34
1989-11-03,,,14813.96
1989-11-06,,,14630.36
1989-11-07,,,14301.05
1989-11-08,,,14228.15
1989-11-09,,,14128.59
1989-11-10,,,13974.35
1989-11-13,,,13938.19
1989-11-14,,,13873.71
1989-11-15,,,13873.71
1989-11-16,,,13746.57
1989-11-17,,,13780.35
1989-11-20,,,13784.12
1989-11-21,,,13600.17
1989-11-22,,,13652.21
1989-11-23,,,13607.59
1989-11-24,,,13900.22
1989-11-27,,,14411.63
1989-11-28,,,14711.33
1989-11-29,,,15142.55
1989-11-30,,,18660.88
1989-12-01,,,23971.77
1989-12-04,,,25420.16
1989-12-05,,,25152.68
1989-12-06,,,24534.37
1989-12-07,,,27754.23
1989-12-08,,,30987.58
1989-12-11,,,38954.0
1989-12-12,,,45438.59
1989-12-13,,,46850.01
1989-12-14,,,51126.29
1989-12-15,,,53249.49
1989-12-18,,,52934.26
1989-12-19,,,51821.06
1989-12-20,,,62448.45
1989-12-21,,,96702.69
1989-12-22,,,110174.67
1989-12-25,,,110174.67
1989-12-26,,,115334.03
1989-12-27,,,110657.08
1989-12-28,,,103484.22
1989-12-29,,,103484.22
1990-01-01,,,103484.22
1990-01-02,,,78163.74
1990-01-03,,,77869.64
1990-01-04,,,28698.83
1990-01-05,,,28899.78
1990-01-08,,,29005.72
1990-01-09,,,28913.5
1990-01-10,,,28522.47
1990-01-11,,,29007.66
1990-01-12,,,30500.49
1990-01-15,,,33097.19
1990-01-16,,,20487.2
1990-01-17,,,20469.13
1990-01-18,,,20747.68
1990-01-19,,,21879.19
1990-01-22,,,28796.21
1990-01-23,,,32934.41
1990-01-24,,,38986.5
1990-01-25,,,46522.66
1990-01-26,,,54916.14
1990-01-29,,,64707.23
1990-01-30,,,76734.2
1990-01-31,,,97138.3
1990-02-01,,,141597.24
1990-02-02,,,179416.67
1990-02-05,,,237117.58
1990-02-06,,,331361.31
1990-02-07,,,388631.22
1990-02-08,,,406404.52
1990-02-09,,,428453.98
1990-02-12,,,445861.07
1990-02-13,,,568882.45
1990-02-14,,,610507.74
1990-02-15,,,671306.9
1990-02-16,,,720975.81
1990-02-19,,,790799.15
1990-02-20,,,788239.49
1990-02-21,,,747772.38
1990-02-22,,,613487.79
1990-02-23,,,355085.65
1990-02-26,,,355085.65
1990-02-27,,,355085.65
1990-02-28,,,355085.65
1990-03-01,,,135155.75
1990-03-02,,,134824.92
1990-03-05,,,135931.05
1990-03-06,,,132965.62
1990-03-07,,,126707.69
1990-03-08,,,118785.33
1990-03-09,,,109908.5
1990-03-12,,,100781.24
1990-03-13,,,93779.62
1990-03-14,,,0.0
1990-03-15,,,0.0
1990-03-16,,,0.0
1990-03-19,,,351.91
1990-03-20,,,351.53
1990-03-21,,,351.53
1990-03-22,,,351.16
1990-03-23,,,351.16
1990-03-26,,,351.16
1990-03-27,,,350.78
1990-03-28,,,350.78
1990-03-29,,,350.41
1990-03-30,,,351.16
1990-04-02,,,116.51
1990-04-03,,,116.69
1990-04-04,,,116.51
1990-04-05,,,116.51
1990-04-06,,,116.33
1990-04-09,,,116.51
1990-04-10,,,116.33
1990-04-11,,,116.33
1990-04-12,,,116.33
1990-04-13,,,116.33
1990-04-16,,,47.25
1990-04-17,,,47.12
1990-04-18,,,46.63
1990-04-19,,,45.53
1990-04-20,,,44.68
1990-04-23,,,44.19
1990-04-24,,,44.43
1990-04-25,,,44.68
1990-04-26,,,45.04
1990-04-27,,,47.0
1990-04-30,,,64.76
1990-05-01,,,64.76
1990-05-02,,,79.46
1990-05-03,,,79.46
1990-05-04,,,79.31
1990-05-07,,,79.61
1990-05-08,,,79.76
1990-05-09,,,79.61
1990-05-10,,,79.76
1990-05-11,,,79.76
1990-05-14,,,87.61
1990-05-15,,,87.61
1990-05-16,,,87.46
1990-05-17,,,91.58
1990-05-18,,,92.23
1990-05-21,,,92.87
1990-05-22,,,93.68
1990-05-23,,,93.85
1990-05-24,,,94.01
1990-05-25,,,96.96
1990-05-28,,,98.11
1990-05-29,,,100.62
1990-05-30,,,100.79
1990-05-31,,,97.78
1990-06-01,,,138.79
1990-06-04,,,137.59
1990-06-05,,,121.46
1990-06-06,,,137.0
1990-06-07,,,147.33
1990-06-08,,,161.82
1990-06-11,,,180.65
1990-06-12,,,192.14
1990-06-13,,,163.58
1990-06-14,,,163.58
1990-06-15,,,112.73
1990-06-18,,,196.33
1990-06-19,,,168.25
1990-06-20,,,181.35
1990-06-21,,,172.09
1990-06-22,,,214.46
1990-06-25,,,261.57
1990-06-26,,,210.54
1990-06-27,,,259.46
1990-06-28,,,277.31
1990-06-29,,,460.96
1990-07-02,,,306.77
1990-07-03,,,337.07
1990-07-04,,,377.11
1990-07-05,,,399.53
1990-07-06,,,399.53
1990-07-09,,,394.14
1990-07-10,,,344.8
1990-07-11,,,406.67
1990-07-12,,,329.83
1990-07-13,,,366.09
1990-07-16,,,379.11
1990-07-17,,,372.75
1990-07-18,,,356.84
1990-07-19,,,305.76
1990-07-20,,,324.48
1990-07-23,,,329.47
1990-07-24,,,285.92
1990-07-25,,,288.18
1990-07-26,,,290.13
1990-07-27,,,337.8
1990-07-30,,,300.03
1990-07-31,,,274.8
1990-08-01,,,239.6
1990-08-02,,,265.52
1990-08-03,,,303.73
1990-08-06,,,253.5
1990-08-07,,,252.03
1990-08-08,,,235.93
1990-08-09,,,267.97
1990-08-10,,,254.68
1990-08-13,,,218.96
1990-08-14,,,239.31
1990-08-15,,,209.24
1990-08-16,,,207.95
1990-08-17,,,216.04
1990-08-20,,,191.41
1990-08-21,,,228.15
1990-08-22,,,188.98
1990-08-23,,,184.9
1990-08-24,,,188.02
1990-08-27,,,227.33
1990-08-28,,,167.35
1990-08-29,,,180.18
1990-08-30,,,256.17
1990-08-31,,,394.14
1990-09-03,,,347.41
1990-09-04,,,354.94
1990-09-05,,,366.09
1990-09-06,,,406.67
1990-09-07,,,406.67
1990-09-10,,,535.73
1990-09-11,,,546.41
1990-09-12,,,467.08
1990-09-13,,,424.74
1990-09-14,,,348.53
1990-09-17,,,636.18
1990-09-18,,,672.64
1990-09-19,,,682.36
1990-09-20,,,693.52
1990-09-21,,,772.56
1990-09-24,,,702.83
1990-09-25,,,558.93
1990-09-26,,,727.27
1990-09-27,,,744.67
1990-09-28,,,951.44
1990-10-01,,,591.57
1990-10-02,,,832.67
1990-10-03,,,832.67
1990-10-04,,,495.69
1990-10-05,,,974.43
1990-10-08,,,974.43
1990-10-09,,,899.39
1990-10-10,,,857.85
1990-10-11,,,396.21
1990-10-12,,,309.5
1990-10-15,,,812.69
1990-10-16,,,940.12
1990-10-17,,,708.19
1990-10-18,,,320.59
1990-10-19,,,487.79
1990-10-22,,,345.54
1990-10-23,,,221.64
1990-10-24,,,542.12
1990-10-25,,,366.48
1990-10-26,,,416.49
1990-10-29,,,568.89
1990-10-30,,,319.54
1990-10-31,,,434.46
1990-11-01,,,365.31
1990-11-02,,,365.31
1990-11-05,,,1065.71
1990-11-06,,,937.53
1990-11-07,,,679.1
1990-11-08,,,832.67
1990-11-09,,,779.12
1990-11-12,,,1008.03
1990-11-13,,,605.55
1990-11-14,,,1027.56
1990-11-15,,,1027.56
1990-11-16,,,1144.88
1990-11-19,,,977.12
1990-11-20,,,947.94
1990-11-21,,,793.15
1990-11-22,,,744.67
1990-11-23,,,799.87
1990-11-26,,,866.66
1990-11-27,,,804.37
1990-11-28,,,1117.24
1990-11-29,,,1111.18
1990-11-30,,,1512.11
1990-12-03,,,725.89
1990-12-04,,,781.32
1990-12-05,,,1166.81
1990-12-06,,,1012.65
1990-12-07,,,1299.72
1990-12-10,,,1368.85
1990-12-11,,,1361.54
1990-12-12,,,1443.94
1990-12-13,,,1272.07
1990-12-14,,,1088.22
1990-12-17,,,1441.38
1990-12-18,,,1414.71
1990-12-19,,,1402.18
1990-12-20,,,1381.1
1990-12-21,,,1508.09
1990-12-24,,,1508.09
1990-12-25,,,1508.09
1990-12-26,,,1485.54
1990-12-27,,,592.15
1990-12-28,,,1618.59
1990-12-31,,,1618.59
1991-01-01,,,1618.59
1991-01-02,,,843.6
1991-01-03,,,890.28
1991-01-04,,,727.96
1991-01-07,,,634.35
1991-01-08,,,773.29
1991-01-09,,,831.11
1991-01-10,,,704.83
1991-01-11,,,540.51
1991-01-14,,,850.7
1991-01-15,,,774.74
1991-01-16,,,722.46
1991-01-17,,,1184.84
1991-01-18,,,997.02
1991-01-21,,,663.68
1991-01-22,,,644.2
1991-01-23,,,603.79
1991-01-24,,,685.62
1991-01-25,,,816.5
1991-01-28,,,741.86
1991-01-29,,,789.44
1991-01-30,,,976.22
1991-01-31,,,1329.11
1991-02-01,,,1329.11
1991-02-04,,,120.53
1991-02-05,,,118.15
1991-02-06,,,113.45
1991-02-07,,,116.33
1991-02-08,,,121.83
1991-02-11,,,121.83
1991-02-12,,,121.83
1991-02-13,,,121.83
1991-02-14,,,121.83
1991-02-15,,,198.32
1991-02-18,,,248.51
1991-02-19,,,232.02
1991-02-20,,,202.34
1991-02-21,,,200.32
1991-02-22,,,199.57
1991-02-25,,,194.6
1991-02-26,,,217.63
1991-02-27,,,198.32
1991-02-28,,,179.24
1991-03-01,,,193.37
1991-03-04,,,193.86
1991-03-05,,,192.88
1991-03-06,,,192.63
1991-03-07,,,199.82
1991-03-08,,,198.82
1991-03-11,,,204.62
1991-03-12,,,206.66
1991-03-13,,,207.69
1991-03-14,,,214.46
1991-03-15,,,222.71
1991-03-18,,,222.71
1991-03-19,,,225.15
1991-03-20,,,232.85
1991-03-21,,,232.3
1991-03-22,,,222.98
1991-03-25,,,223.25
1991-03-26,,,230.08
1991-03-27,,,243.59
1991-03-28,,,243.59
1991-03-29,,,243.59
1991-04-01,,,186.34
1991-04-02,,,180.18
1991-04-03,,,183.24
1991-04-04,,,185.14
1991-04-05,,,188.02
1991-04-08,,,186.82
1991-04-09,,,188.02
1991-04-10,,,182.77
1991-04-11,,,186.1
1991-04-12,,,187.54
1991-04-15,,,184.67
1991-04-16,,,186.1
1991-04-17,,,189.23
1991-04-18,,,193.12
1991-04-19,,,194.35
1991-04-22,,,183.48
1991-04-23,,,186.34
1991-04-24,,,190.44
1991-04-25,,,190.68
1991-04-26,,,190.92
1991-04-29,,,194.11
1991-04-30,,,193.86
1991-05-01,,,193.86
1991-05-02,,,195.83
1991-05-03,,,195.58
1991-05-06,,,190.2
1991-05-07,,,190.68
1991-05-08,,,196.82
1991-05-09,,,196.58
1991-05-10,,,198.57
1991-05-13,,,196.82
1991-05-14,,,199.57
1991-05-15,,,194.6
1991-05-16,,,198.32
1991-05-17,,,199.57
1991-05-20,,,199.82
1991-05-21,,,200.07
1991-05-22,,,201.07
1991-05-23,,,200.82
1991-05-24,,,200.82
1991-05-27,,,200.82
1991-05-28,,,200.82
1991-05-29,,,205.39
1991-05-30,,,205.39
1991-05-31,,,217.1
1991-06-03,,,228.7
1991-06-04,,,232.02
1991-06-05,,,233.13
1991-06-06,,,233.41
1991-06-07,,,234.25
1991-06-10,,,236.49
1991-06-11,,,237.33
1991-06-12,,,239.03
1991-06-13,,,243.31
1991-06-14,,,249.68
1991-06-17,,,251.14
1991-06-18,,,252.32
1991-06-19,,,251.14
1991-06-20,,,251.73
1991-06-21,,,253.2
1991-06-24,,,254.39
1991-06-25,,,254.98
1991-06-26,,,253.8
1991-06-27,,,253.8
1991-06-28,,,254.39
1991-07-01,,,249.97
1991-07-02,,,249.97
1991-07-03,,,249.68
1991-07-04,,,249.97
1991-07-05,,,250.26
1991-07-08,,,249.97
1991-07-09,,,249.97
1991-07-10,,,249.39
1991-07-11,,,248.8
1991-07-12,,,249.09
1991-07-15,,,249.09
1991-07-16,,,249.39
1991-07-17,,,249.68
1991-07-18,,,251.14
1991-07-19,,,252.03
1991-07-22,,,252.61
1991-07-23,,,255.87
1991-07-24,,,262.47
1991-07-25,,,267.97
1991-07-26,,,275.42
1991-07-29,,,288.51
1991-07-30,,,305.08
1991-07-31,,,323.06
1991-08-01,,,349.28
1991-08-02,,,350.41
1991-08-05,,,354.94
1991-08-06,,,355.32
1991-08-07,,,355.7
1991-08-08,,,357.99
1991-08-09,,,363.76
1991-08-12,,,368.04
1991-08-13,,,398.7
1991-08-14,,,399.53
1991-08-15,,,401.62
1991-08-16,,,403.72
1991-08-19,,,408.36
1991-08-20,,,430.46
1991-08-21,,,432.68
1991-08-22,,,435.36
1991-08-23,,,454.91
1991-08-26,,,483.88
1991-08-27,,,594.46
1991-08-28,,,649.18
1991-08-29,,,705.5
1991-08-30,,,712.92
1991-09-02,,,756.72
1991-09-03,,,763.16
1991-09-04,,,769.66
1991-09-05,,,774.02
1991-09-06,,,771.11
1991-09-09,,,776.93
1991-09-10,,,776.2
1991-09-11,,,778.39
1991-09-12,,,779.86
1991-09-13,,,776.93
1991-09-16,,,778.39
1991-09-17,,,777.66
1991-09-18,,,777.66
1991-09-19,,,777.66
1991-09-20,,,776.93
1991-09-23,,,774.02
1991-09-24,,,768.94
1991-09-25,,,766.77
1991-09-26,,,767.49
1991-09-27,,,767.49
1991-09-30,,,766.04
1991-10-01,,,763.88
1991-10-02,,,771.83
1991-10-03,,,771.83
1991-10-04,,,775.47
1991-10-07,,,779.12
1991-10-08,,,793.15
1991-10-09,,,800.61
1991-10-10,,,823.4
1991-10-11,,,874.74
1991-10-14,,,926.36
1991-10-15,,,931.5
1991-10-16,,,933.22
1991-10-17,,,940.12
1991-10-18,,,939.26
1991-10-21,,,981.61
1991-10-22,,,1040.77
1991-10-23,,,1104.14
1991-10-24,,,1285.82
1991-10-25,,,1544.57
1991-10-28,,,3179.51
1991-10-29,,,3234.29
1991-10-30,,,3228.78
1991-10-31,,,3220.51
1991-11-01,,,3144.37
1991-11-04,,,3352.33
1991-11-05,,,3323.86
1991-11-06,,,3346.62
1991-11-07,,,3369.53
1991-11-08,,,3395.49
1991-11-11,,,3395.49
1991-11-12,,,3395.49
1991-11-13,,,3398.39
1991-11-14,,,3404.19
1991-11-15,,,3404.19
1991-11-18,,,3404.19
1991-11-19,,,3398.39
1991-11-20,,,3395.49
1991-11-21,,,3389.71
1991-11-22,,,3372.41
1991-11-25,,,3335.22
1991-11-26,,,3306.88
1991-11-27,,,3281.58
1991-11-28,,,3250.9
1991-11-29,,,3223.26
1991-12-02,,,3204.05
1991-12-03,,,3223.26
1991-12-04,,,3215.01
1991-12-05,,,3201.31
1991-12-06,,,3193.11
1991-12-09,,,3184.94
1991-12-10,,,3093.7
1991-12-11,,,3002.41
1991-12-12,,,2837.28
1991-12-13,,,2718.04
1991-12-16,,,2585.74
1991-12-17,,,2476.68
1991-12-18,,,2323.29
1991-12-19,,,2205.64
1991-12-20,,,2039.73
1991-12-23,,,1917.29
1991-12-24,,,1917.29
1991-12-25,,,1917.29
1991-12-26,,,1884.08
1991-12-27,,,1848.17
1991-12-30,,,1795.52
1991-12-31,,,1795.52
1992-01-01,,,1795.52
1992-01-02,,,1782.97
1992-01-03,,,1741.23
1992-01-06,,,1758.12
1992-01-07,,,1782.97
1992-01-08,,,1830.46
1992-01-09,,,1856.27
1992-01-10,,,1827.26
1992-01-13,,,1797.1
1992-01-14,,,1792.38
1992-01-15,,,1744.29
1992-01-16,,,1679.6
1992-01-17,,,1628.61
1992-01-20,,,1628.61
1992-01-21,,,1640.14
1992-01-22,,,1643.03
1992-01-23,,,1672.22
1992-01-24,,,1697.42
1992-01-27,,,1716.93
1992-01-28,,,1755.04
1992-01-29,,,1819.27
1992-01-30,,,1903.94
1992-01-31,,,2016.77
1992-02-03,,,2257.86
1992-02-04,,,2293.33
1992-02-05,,,2309.27
1992-02-06,,,2323.29
1992-02-07,,,2341.45
1992-02-10,,,2361.78
1992-02-11,,,2359.74
1992-02-12,,,2361.78
1992-02-13,,,2365.87
1992-02-14,,,2357.71
1992-02-17,,,2359.74
1992-02-18,,,2357.71
1992-02-19,,,2345.51
1992-02-20,,,2343.48
1992-02-21,,,2327.32
1992-02-24,,,2299.29
1992-02-25,,,2279.48
1992-02-26,,,2255.91
1992-02-27,,,2228.7
1992-02-28,,,2201.81
1992-03-02,,,2201.81
1992-03-03,,,2201.81
1992-03-04,,,2201.81
1992-03-05,,,2192.29
1992-03-06,,,2190.38
1992-03-09,,,2186.59
1992-03-10,,,2182.8
1992-03-11,,,2124.83
1992-03-12,,,2061.15
1992-03-13,,,2059.36
1992-03-16,,,1912.27
1992-03-17,,,1773.62
1992-03-18,,,1765.85
1992-03-19,,,1758.12
1992-03-20,,,1747.35
1992-03-23,,,1729.04
1992-03-24,,,1739.7
1992-03-25,,,1736.65
1992-03-26,,,1726.0
1992-03-27,,,1727.52
1992-03-30,,,1724.49
1992-03-31,,,1724.49
1992-04-01,,,1803.41
1992-04-02,,,1793.95
1992-04-03,,,1787.67
1992-04-06,,,1789.24
1992-04-07,,,1784.54
1992-04-08,,,1776.73
1992-04-09,,,1761.21
1992-04-10,,,1758.12
1992-04-13,,,1750.43
1992-04-14,,,1747.35
1992-04-15,,,1744.29
1992-04-16,,,1744.29
1992-04-17,,,1744.29
1992-04-20,,,1741.23
1992-04-21,,,1741.23
1992-04-22,,,1497.44
1992-04-23,,,1414.71
1992-04-24,,,1382.34
1992-04-27,,,1374.96
1992-04-28,,,1366.41
1992-04-29,,,1350.65
1992-04-30,,,1350.65
1992-05-01,,,1350.65
1992-05-04,,,1345.84
1992-05-05,,,1347.04
1992-05-06,,,1343.43
1992-05-07,,,1348.24
1992-05-08,,,1348.24
1992-05-11,,,1341.03
1992-05-12,,,1320.82
1992-05-13,,,1285.82
1992-05-14,,,1244.96
1992-05-15,,,1234.94
1992-05-18,,,1223.88
1992-05-19,,,1211.83
1992-05-20,,,1200.97
1992-05-21,,,1189.12
1992-05-22,,,1193.42
1992-05-25,,,1193.42
1992-05-26,,,1195.57
1992-05-27,,,1195.57
1992-05-28,,,1200.97
1992-05-29,,,1208.56
1992-06-01,,,1238.27
1992-06-02,,,1269.79
1992-06-03,,,1276.64
1992-06-04,,,1285.82
1992-06-05,,,1284.67
1992-06-08,,,1283.52
1992-06-09,,,1281.22
1992-06-10,,,1277.78
1992-06-11,,,1270.93
1992-06-12,,,1267.51
1992-06-15,,,1266.38
1992-06-16,,,1265.24
1992-06-17,,,1266.38
1992-06-18,,,1266.38
1992-06-19,,,1267.51
1992-06-22,,,1265.24
1992-06-23,,,1264.11
1992-06-24,,,1234.94
1992-06-25,,,1224.99
1992-06-26,,,1215.11
1992-06-29,,,1207.47
1992-06-30,,,1204.22
1992-07-01,,,1166.81
1992-07-02,,,1200.97
1992-07-03,,,1199.89
1992-07-06,,,1197.73
1992-07-07,,,1194.49
1992-07-08,,,1191.27
1992-07-09,,,1189.12
1992-07-10,,,1190.2
1992-07-13,,,1188.05
1992-07-14,,,1186.98
1992-07-15,,,1183.78
1992-07-16,,,1182.71
1992-07-17,,,1178.45
1992-07-20,,,1171.03
1992-07-21,,,1162.6
1992-07-22,,,1152.14
1992-07-23,,,1142.81
1992-07-24,,,1138.68
1992-07-27,,,1138.68
1992-07-28,,,1136.62
1992-07-29,,,1137.65
1992-07-30,,,1232.72
1992-07-31,,,1323.18
1992-08-03,,,1446.51
1992-08-04,,,1442.66
1992-08-05,,,1440.1
1992-08-06,,,1446.51
1992-08-07,,,1445.22
1992-08-10,,,1443.94
1992-08-11,,,1440.1
1992-08-12,,,1440.1
1992-08-13,,,1440.1
1992-08-14,,,1441.38
1992-08-17,,,1440.1
1992-08-18,,,1436.26
1992-08-19,,,1440.1
1992-08-20,,,1434.99
1992-08-21,,,1433.71
1992-08-24,,,1437.54
1992-08-25,,,1433.71
1992-08-26,,,1432.44
1992-08-27,,,1433.71
1992-08-28,,,1489.5
1992-08-31,,,1573.51
1992-09-01,,,1778.29
1992-09-02,,,1779.85
1992-09-03,,,1787.67
1992-09-04,,,1782.97
1992-09-07,,,1782.97
1992-09-08,,,1775.17
1992-09-09,,,1793.95
1992-09-10,,,1776.73
1992-09-11,,,1758.12
1992-09-14,,,1761.21
1992-09-15,,,1761.21
1992-09-16,,,1761.21
1992-09-17,,,1758.12
1992-09-18,,,1755.04
1992-09-21,,,1753.5
1992-09-22,,,1755.04
1992-09-23,,,1753.5
1992-09-24,,,1756.58
1992-09-25,,,1750.43
1992-09-28,,,1776.73
1992-09-29,,,1806.57
1992-09-30,,,1859.53
1992-10-01,,,1934.1
1992-10-02,,,1907.27
1992-10-05,,,1913.94
1992-10-06,,,1930.73
1992-10-07,,,1915.62
1992-10-08,,,1905.6
1992-10-09,,,1869.31
1992-10-12,,,1869.31
1992-10-13,,,1846.55
1992-10-14,,,1849.79
1992-10-15,,,1848.17
1992-10-16,,,1836.88
1992-10-19,,,1827.26
1992-10-20,,,1814.5
1992-10-21,,,1811.33
1992-10-22,,,1808.15
1992-10-23,,,1809.74
1992-10-26,,,1814.5
1992-10-27,,,1812.91
1992-10-28,,,1857.9
1992-10-29,,,1912.27
1992-10-30,,,1987.12
1992-11-02,,,1987.12
1992-11-03,,,2099.14
1992-11-04,,,2128.52
1992-11-05,,,2130.38
1992-11-06,,,2128.52
1992-11-09,,,2132.23
1992-11-10,,,2130.38
1992-11-11,,,2117.46
1992-11-12,,,2115.62
1992-11-13,,,2110.11
1992-11-16,,,2032.64
1992-11-17,,,1957.88
1992-11-18,,,1882.43
1992-11-19,,,1803.41
1992-11-20,,,1718.44
1992-11-23,,,1612.89
1992-11-24,,,1486.86
1992-11-25,,,1366.41
1992-11-26,,,1304.38
1992-11-27,,,1314.92
1992-11-30,,,1303.21
1992-12-01,,,1231.61
1992-12-02,,,1223.88
1992-12-03,,,1218.39
1992-12-04,,,1205.3
1992-12-07,,,1197.73
1992-12-08,,,1199.89
1992-12-09,,,1200.97
1992-12-10,,,1202.05
1992-12-11,,,1205.3
1992-12-14,,,1206.39
1992-12-15,,,1207.47
1992-12-16,,,1215.11
1992-12-17,,,1221.69
1992-12-18,,,1255.07
1992-12-21,,,1313.75
1992-12-22,,,1363.97
1992-12-23,,,1398.44
1992-12-24,,,1398.44
1992-12-25,,,1398.44
1992-12-28,,,1456.82
1992-12-29,,,1533.68
1992-12-30,,,1657.57
1992-12-31,,,1657.57
1993-01-01,,,1657.57
1993-01-04,,,1927.36
1993-01-05,,,1910.6
1993-01-06,,,1913.94
1993-01-07,,,1922.32
1993-01-08,,,1940.87
1993-01-11,,,1944.26
1993-01-12,,,1945.96
1993-01-13,,,1956.17
1993-01-14,,,1978.47
1993-01-15,,,2029.11
1993-01-18,,,2097.31
1993-01-19,,,2180.9
1993-01-20,,,2180.9
1993-01-21,,,2295.31
1993-01-22,,,2461.76
1993-01-25,,,2706.38
1993-01-26,,,2987.02
1993-01-27,,,3072.6
1993-01-28,,,3239.82
1993-01-29,,,3346.62
1993-02-01,,,3439.19
1993-02-02,,,3616.4
1993-02-03,,,3728.85
1993-02-04,,,3792.78
1993-02-05,,,3792.78
1993-02-08,,,3808.92
1993-02-09,,,3786.33
1993-02-10,,,3760.68
1993-02-11,,,3741.55
1993-02-12,,,3722.51
1993-02-15,,,3687.86
1993-02-16,,,3594.93
1993-02-17,,,3445.06
1993-02-18,,,3267.6
1993-02-19,,,2911.23
1993-02-22,,,2911.23
1993-02-23,,,2911.23
1993-02-24,,,2911.23
1993-02-25,,,2590.2
1993-02-26,,,2184.69
1993-03-01,,,1929.05
1993-03-02,,,1915.62
1993-03-03,,,1709.4
1993-03-04,,,1506.76
1993-03-05,,,1365.19
1993-03-08,,,1276.64
1993-03-09,,,1232.72
1993-03-10,,,1233.83
1993-03-11,,,1229.4
1993-03-12,,,1232.72
1993-03-15,,,1231.61
1993-03-16,,,1231.61
1993-03-17,,,1238.27
1993-03-18,,,1252.81
1993-03-19,,,1280.08
1993-03-22,,,1319.64
1993-03-23,,,1360.33
1993-03-24,,,1367.63
1993-03-25,,,1392.22
1993-03-26,,,1468.51
1993-03-29,,,1612.89
1993-03-30,,,1945.96
1993-03-31,,,2411.27
1993-04-01,,,3101.65
1993-04-02,,,3198.58
1993-04-05,,,3292.8
1993-04-06,,,3389.71
1993-04-07,,,3442.12
1993-04-08,,,3442.12
1993-04-09,,,3442.12
1993-04-12,,,3543.27
1993-04-13,,,3528.22
1993-04-14,,,3501.28
1993-04-15,,,3528.22
1993-04-16,,,3531.23
1993-04-19,,,3492.34
1993-04-20,,,3442.12
1993-04-21,,,3442.12
1993-04-22,,,3381.05
1993-04-23,,,3318.19
1993-04-26,,,3312.53
1993-04-27,,,3321.03
1993-04-28,,,3182.22
1993-04-29,,,3020.46
1993-04-30,,,2784.21
1993-05-03,,,2570.2
1993-05-04,,,2537.2
1993-05-05,,,2506.76
1993-05-06,,,2459.64
1993-05-07,,,2417.53
1993-05-10,,,2388.47
1993-05-11,,,2353.63
1993-05-12,,,2321.29
1993-05-13,,,2291.35
1993-05-14,,,2285.4
1993-05-17,,,2303.28
1993-05-18,,,2317.27
1993-05-19,,,2323.29
1993-05-20,,,2329.33
1993-05-21,,,2347.53
1993-05-24,,,2374.06
1993-05-25,,,2413.36
1993-05-26,,,2466.01
1993-05-27,,,2548.16
1993-05-28,,,2692.46
1993-05-31,,,2871.56
1993-06-01,,,2951.42
1993-06-02,,,2956.48
1993-06-03,,,2938.8
1993-06-04,,,2916.22
1993-06-07,,,2886.38
1993-06-08,,,2861.73
1993-06-09,,,2837.28
1993-06-10,,,2837.28
1993-06-11,,,2817.87
1993-06-14,,,2793.78
1993-06-15,,,2760.4
1993-06-16,,,2720.38
1993-06-17,,,2669.41
1993-06-18,,,2617.1
1993-06-21,,,2554.75
1993-06-22,,,2491.67
1993-06-23,,,2446.93
1993-06-24,,,2440.6
1993-06-25,,,2430.09
1993-06-28,,,2425.9
1993-06-29,,,2419.62
1993-06-30,,,2421.71
1993-07-01,,,2421.71
1993-07-02,,,2421.71
1993-07-05,,,2432.19
1993-07-06,,,2442.71
1993-07-07,,,2444.82
1993-07-08,,,2444.82
1993-07-09,,,2442.71
1993-07-12,,,2442.71
1993-07-13,,,2442.71
1993-07-14,,,2442.71
1993-07-15,,,2444.82
1993-07-16,,,2442.71
1993-07-19,,,2444.82
1993-07-20,,,2444.82
1993-07-21,,,2442.71
1993-07-22,,,2444.82
1993-07-23,,,2444.82
1993-07-26,,,2446.93
1993-07-27,,,2453.28
1993-07-28,,,2491.67
1993-07-29,,,2585.74
1993-07-30,,,2699.41
1993-08-02,,,2791.39
1993-08-03,,,2839.72
1993-08-04,,,2817.87
1993-08-05,,,2808.21
1993-08-06,,,2820.29
1993-08-09,,,2808.21
1993-08-10,,,2803.4
1993-08-11,,,2781.82
1993-08-12,,,2786.6
1993-08-13,,,2796.19
1993-08-16,,,2813.04
1993-08-17,,,2815.45
1993-08-18,,,2822.71
1993-08-19,,,2827.56
1993-08-20,,,2842.16
1993-08-23,,,2859.27
1993-08-24,,,2901.26
1993-08-25,,,2979.36
1993-08-26,,,3120.27
1993-08-27,,,3256.46
1993-08-30,,,3424.57
1993-08-31,,,3601.05
1993-09-01,,,3751.1
1993-09-02,,,3773.49
1993-09-03,,,3783.12
1993-09-06,,,3792.78
1993-09-07,,,3792.78
1993-09-08,,,3841.42
1993-09-09,,,3897.27
1993-09-10,,,3953.92
1993-09-13,,,3997.78
1993-09-14,,,4048.97
1993-09-15,,,4107.76
1993-09-16,,,4163.85
1993-09-17,,,4206.4
1993-09-20,,,4336.62
1993-09-21,,,4512.55
1993-09-22,,,4651.99
1993-09-23,,,4828.13
1993-09-24,,,5002.32
1993-09-27,,,5160.84
1993-09-28,,,5342.25
1993-09-29,,,5520.58
1993-09-30,,,5709.53
1993-10-01,,,5899.84
1993-10-04,,,5909.77
1993-10-05,,,5904.8
1993-10-06,,,5899.84
1993-10-07,,,5909.77
1993-10-08,,,5904.8
1993-10-11,,,5894.89
1993-10-12,,,5894.89
1993-10-13,,,5899.84
1993-10-14,,,5899.84
1993-10-15,,,5894.89
1993-10-18,,,5899.84
1993-10-19,,,5904.8
1993-10-20,,,5899.84
1993-10-21,,,5904.8
1993-10-22,,,5904.8
1993-10-25,,,5904.8
1993-10-26,,,5899.84
1993-10-27,,,5899.84
1993-10-28,,,5904.8
1993-10-29,,,5904.8
1993-11-01,,,5904.8
1993-11-02,,,5904.8
1993-11-03,,,5904.8
1993-11-04,,,5904.8
1993-11-05,,,5904.8
1993-11-08,,,5904.8
1993-11-09,,,5904.8
1993-11-10,,,5855.38
1993-11-11,,,5850.46
1993-11-12,,,5899.84
1993-11-15,,,5899.84
1993-11-16,,,5899.84
1993-11-17,,,5894.89
1993-11-18,,,5899.84
1993-11-19,,,5889.93
1993-11-22,,,5894.89
1993-11-23,,,5889.93
1993-11-24,,,5884.99
1993-11-25,,,5894.89
1993-11-26,,,5889.93
1993-11-29,,,5889.93
1993-11-30,,,5880.05
1993-12-01,,,3480.46
1993-12-02,,,3415.82
1993-12-03,,,3410.0
1993-12-06,,,3415.82
1993-12-07,,,3421.64
1993-12-08,,,3421.64
1993-12-09,,,3418.73
1993-12-10,,,3418.73
1993-12-13,,,3864.32
1993-12-14,,,4156.8
1993-12-15,,,4153.27
1993-12-16,,,4146.25
1993-12-17,,,4146.25
1993-12-20,,,4146.25
1993-12-21,,,4135.72
1993-12-22,,,4125.21
1993-12-23,,,4125.21
1993-12-24,,,4125.21
1993-12-27,,,4132.21
1993-12-28,,,4516.36
1993-12-29,,,4897.9
1993-12-30,,,5571.91
1993-12-31,,,5571.91
1994-01-03,,,6432.85
1994-01-04,,,6389.83
1994-01-05,,,6384.46
1994-01-06,,,6384.46
1994-01-07,,,6384.46
1994-01-10,,,6379.11
1994-01-11,,,6384.46
1994-01-12,,,6384.46
1994-01-13,,,6389.83
1994-01-14,,,6395.19
1994-01-17,,,6395.19
1994-01-18,,,6400.55
1994-01-19,,,7492.53
1994-01-20,,,7492.53
1994-01-21,,,7492.53
1994-01-24,,,7492.53
1994-01-25,,,7492.53
1994-01-26,,,8855.34
1994-01-27,,,8855.34
1994-01-28,,,8862.72
1994-01-31,,,8862.72
1994-02-01,,,14853.88
1994-02-02,,,14866.18
1994-02-03,,,14841.58
1994-02-04,,,14841.58
1994-02-07,,,14238.81
1994-02-08,,,14215.2
1994-02-09,,,14203.43
1994-02-10,,,14179.87
1994-02-11,,,13424.27
1994-02-14,,,13424.27
1994-02-15,,,13424.27
1994-02-16,,,13424.27
1994-02-17,,,13424.27
1994-02-18,,,13402.03
1994-02-21,,,13402.03
1994-02-22,,,13435.44
1994-02-23,,,11550.33
1994-02-24,,,11550.33
1994-02-25,,,11531.13
1994-02-28,,,11521.56
1994-03-01,,,5791.74
1994-03-02,,,5786.86
1994-03-03,,,5786.86
1994-03-04,,,5791.74
1994-03-07,,,5791.74
1994-03-08,,,6416.68
1994-03-09,,,6596.79
1994-03-10,,,6613.4
1994-03-11,,,6618.96
1994-03-14,,,6770.5
1994-03-15,,,6781.85
1994-03-16,,,6781.85
1994-03-17,,,6776.18
1994-03-18,,,7233.73
1994-03-21,,,8855.34
1994-03-22,,,10906.13
1994-03-23,,,10915.2
1994-03-24,,,10897.07
1994-03-25,,,10906.13
1994-03-28,,,10969.82
1994-03-29,,,10960.71
1994-03-30,,,14440.99
1994-03-31,,,14440.99
1994-04-01,,,14440.99
1994-04-04,,,17371.29
1994-04-05,,,17142.75
1994-04-06,,,17142.75
1994-04-07,,,17256.62
1994-04-08,,,17270.94
1994-04-11,,,17270.94
1994-04-12,,,17256.62
1994-04-13,,,17242.36
1994-04-14,,,17228.11
1994-04-15,,,17228.11
1994-04-18,,,17213.82
1994-04-19,,,17199.59
1994-04-20,,,16987.34
1994-04-21,,,16987.34
1994-04-22,,,16017.32
1994-04-25,,,14369.32
1994-04-26,,,13115.88
1994-04-27,,,12375.19
1994-04-28,,,11340.97
1994-04-29,,,10788.8
1994-05-02,,,8186.87
1994-05-03,,,7970.86
1994-05-04,,,8037.75
1994-05-05,,,8051.2
1994-05-06,,,8118.76
1994-05-09,,,8139.13
1994-05-10,,,8500.43
1994-05-11,,,8951.91
1994-05-12,,,8966.87
1994-05-13,,,9110.12
1994-05-16,,,9125.34
1994-05-17,,,9125.34
1994-05-18,,,9132.94
1994-05-19,,,9125.34
1994-05-20,,,9117.71
1994-05-23,,,9125.34
1994-05-24,,,9125.34
1994-05-25,,,9125.34
1994-05-26,,,9125.34
1994-05-27,,,9102.53
1994-05-30,,,9125.34
1994-05-31,,,9125.34
1994-06-01,,,11089.12
1994-06-02,,,11089.12
1994-06-03,,,10887.99
1994-06-06,,,10887.99
1994-06-07,,,10906.13
1994-06-08,,,11378.74
1994-06-09,,,11502.4
1994-06-10,,,11832.18
1994-06-13,,,12050.49
1994-06-14,,,12211.76
1994-06-15,,,12252.43
1994-06-16,,,13050.71
1994-06-17,,,13280.22
1994-06-20,,,14016.18
1994-06-21,,,15278.44
1994-06-22,,,16474.82
1994-06-23,,,16763.81
1994-06-24,,,16598.06
1994-06-27,,,17371.29
1994-06-28,,,17778.52
1994-06-29,,,17675.84
1994-06-30,,,15405.6
1994-07-01,,,15405.6
1994-07-04,,,170.96
1994-07-05,,,173.23
1994-07-06,,,172.32
1994-07-07,,,173.23
1994-07-08,,,169.15
1994-07-11,,,163.58
1994-07-12,,,159.85
1994-07-13,,,159.85
1994-07-14,,,159.85
1994-07-15,,,138.19
1994-07-18,,,137.2
1994-07-19,,,136.4
1994-07-20,,,136.21
1994-07-21,,,99.61
1994-07-22,,,98.61
1994-07-25,,,98.11
1994-07-26,,,88.4
1994-07-27,,,85.43
1994-07-28,,,85.12
1994-07-29,,,70.8
1994-08-01,,,59.32
1994-08-02,,,58.92
1994-08-03,,,58.79
1994-08-04,,,58.79
1994-08-05,,,59.59
1994-08-08,,,56.02
1994-08-09,,,56.28
1994-08-10,,,56.67
1994-08-11,,,56.02
1994-08-12,,,55.89
1994-08-15,,,56.28
1994-08-16,,,55.63
1994-08-17,,,55.76
1994-08-18,,,55.89
1994-08-19,,,55.37
1994-08-22,,,55.63
1994-08-23,,,55.37
1994-08-24,,,55.11
1994-08-25,,,55.37
1994-08-26,,,55.76
1994-08-29,,,55.37
1994-08-30,,,55.5
1994-08-31,,,55.5
1994-09-01,,,55.63
1994-09-02,,,56.41
1994-09-05,,,56.41
1994-09-06,,,56.67
1994-09-07,,,56.67
1994-09-08,,,56.81
1994-09-09,,,56.54
1994-09-12,,,56.81
1994-09-13,,,59.73
1994-09-14,,,57.2
1994-09-15,,,56.81
1994-09-16,,,57.2
1994-09-19,,,57.2
1994-09-20,,,57.33
1994-09-21,,,57.2
1994-09-22,,,57.2
1994-09-23,,,57.07
1994-09-26,,,57.07
1994-09-27,,,57.2
1994-09-28,,,57.2
1994-09-29,,,57.33
1994-09-30,,,57.33
1994-10-03,,,57.33
1994-10-04,,,59.99
1994-10-05,,,59.99
1994-10-06,,,59.99
1994-10-07,,,59.86
1994-10-10,,,59.86
1994-10-11,,,59.99
1994-10-12,,,59.99
1994-10-13,,,60.13
1994-10-14,,,60.13
1994-10-17,,,59.99
1994-10-18,,,59.99
1994-10-19,,,59.99
1994-10-20,,,59.99
1994-10-21,,,59.99
1994-10-24,,,60.13
1994-10-25,,,60.13
1994-10-26,,,60.26
1994-10-27,,,60.4
1994-10-28,,,60.26
1994-10-31,,,64.76
1994-11-01,,,64.62
1994-11-02,,,64.62
1994-11-03,,,65.17
1994-11-04,,,65.31
1994-11-07,,,65.31
1994-11-08,,,65.31
1994-11-09,,,65.31
1994-11-10,,,65.31
1994-11-11,,,65.45
1994-11-14,,,65.45
1994-11-15,,,65.45
1994-11-16,,,65.45
1994-11-17,,,65.45
1994-11-18,,,65.45
1994-11-21,,,65.45
1994-11-22,,,65.45
1994-11-23,,,65.45
1994-11-24,,,65.45
1994-11-25,,,65.45
1994-11-28,,,65.45
1994-11-29,,,65.45
1994-11-30,,,65.45
1994-12-01,,,59.19
1994-12-02,,,58.26
1994-12-05,,,58.26
1994-12-06,,,57.99
1994-12-07,,,54.85
1994-12-08,,,54.98
1994-12-09,,,54.98
1994-12-12,,,55.11
1994-12-13,,,54.85
1994-12-14,,,54.46
1994-12-15,,,53.17
1994-12-16,,,51.63
1994-12-19,,,52.02
1994-12-20,,,51.25
1994-12-21,,,50.62
1994-12-22,,,50.75
1994-12-23,,,50.24
1994-12-26,,,50.24
1994-12-27,,,49.86
1994-12-28,,,49.86
1994-12-29,,,49.86
1994-12-30,,,49.86
1995-01-02,,,47.37
1995-01-03,,,47.12
1995-01-04,,,47.12
1995-01-05,,,47.12
1995-01-06,,,47.12
1995-01-09,,,47.12
1995-01-10,,,47.0
1995-01-11,,,45.89
1995-01-12,,,45.77
1995-01-13,,,45.89
1995-01-16,,,45.77
1995-01-17,,,45.77
1995-01-18,,,46.02
1995-01-19,,,45.89
1995-01-20,,,45.89
1995-01-23,,,45.77
1995-01-24,,,45.89
1995-01-25,,,45.77
1995-01-26,,,45.65
1995-01-27,,,45.53
1995-01-30,,,45.89
1995-01-31,,,46.14
1995-02-01,,,56.28
1995-02-02,,,56.67
1995-02-03,,,56.94
1995-02-06,,,56.94
1995-02-07,,,56.81
1995-02-08,,,56.81
1995-02-09,,,56.67
1995-02-10,,,56.67
1995-02-13,,,56.67
1995-02-14,,,56.54
1995-02-15,,,56.54
1995-02-16,,,56.41
1995-02-17,,,56.41
1995-02-20,,,56.28
1995-02-21,,,56.28
1995-02-22,,,56.28
1995-02-23,,,56.28
1995-02-24,,,56.28
1995-02-27,,,56.28
1995-02-28,,,56.28
1995-03-01,,,41.67
1995-03-02,,,41.56
1995-03-03,,,41.67
1995-03-06,,,41.67
1995-03-07,,,41.67
1995-03-08,,,41.67
1995-03-09,,,41.67
1995-03-10,,,65.87
1995-03-13,,,65.73
1995-03-14,,,65.59
1995-03-15,,,65.73
1995-03-16,,,65.73
1995-03-17,,,65.73
1995-03-20,,,65.73
1995-03-21,,,65.73
1995-03-22,,,65.73
1995-03-23,,,65.73
1995-03-24,,,65.73
1995-03-27,,,65.73
1995-03-28,,,65.59
1995-03-29,,,65.59
1995-03-30,,,65.59
1995-03-31,,,65.73
1995-04-03,,,85.74
1995-04-04,,,85.58
1995-04-05,,,85.43
1995-04-06,,,85.43
1995-04-07,,,85.43
1995-04-10,,,85.43
1995-04-11,,,85.43
1995-04-12,,,85.43
1995-04-13,,,85.43
1995-04-14,,,85.43
1995-04-17,,,85.58
1995-04-18,,,85.43
1995-04-19,,,85.43
1995-04-20,,,85.43
1995-04-21,,,85.43
1995-04-24,,,85.58
1995-04-25,,,85.43
1995-04-26,,,85.43
1995-04-27,,,85.43
1995-04-28,,,85.43
1995-05-01,,,85.43
1995-05-02,,,61.34
1995-05-03,,,61.21
1995-05-04,,,61.21
1995-05-05,,,61.21
1995-05-08,,,61.21
1995-05-09,,,61.21
1995-05-10,,,61.21
1995-05-11,,,61.07
1995-05-12,,,61.07
1995-05-15,,,61.07
1995-05-16,,,60.94
1995-05-17,,,60.94
1995-05-18,,,60.94
1995-05-19,,,60.94
1995-05-22,,,60.94
1995-05-23,,,60.94
1995-05-24,,,60.94
1995-05-25,,,60.94
1995-05-26,,,60.94
1995-05-29,,,60.94
1995-05-30,,,60.94
1995-05-31,,,60.94
1995-06-01,,,61.34
1995-06-02,,,60.94
1995-06-05,,,60.94
1995-06-06,,,60.8
1995-06-07,,,60.8
1995-06-08,,,60.8
1995-06-09,,,60.8
1995-06-12,,,60.8
1995-06-13,,,60.8
1995-06-14,,,60.8
1995-06-15,,,60.8
1995-06-16,,,60.8
1995-06-19,,,60.8
1995-06-20,,,60.8
1995-06-21,,,60.8
1995-06-22,,,60.8
1995-06-23,,,60.8
1995-06-26,,,60.8
1995-06-27,,,60.8
1995-06-28,,,60.8
1995-06-29,,,60.8
1995-06-30,,,60.8
1995-07-03,,,60.53
1995-07-04,,,60.8
1995-07-05,,,60.8
1995-07-06,,,60.8
1995-07-07,,,60.8
1995-07-10,,,60.67
1995-07-11,,,60.67
1995-07-12,,,60.67
1995-07-13,,,60.53
1995-07-14,,,60.53
1995-07-17,,,60.4
1995-07-18,,,60.4
1995-07-19,,,60.4
1995-07-20,,,60.4
1995-07-21,,,60.4
1995-07-24,,,60.4
1995-07-25,,,60.4
1995-07-26,,,60.4
1995-07-27,,,60.4
1995-07-28,,,60.4
1995-07-31,,,60.4
1995-08-01,,,52.4
1995-08-02,,,52.27
1995-08-03,,,52.27
1995-08-04,,,51.76
1995-08-07,,,51.0
1995-08-08,,,51.0
1995-08-09,,,50.87
1995-08-10,,,50.87
1995-08-11,,,50.87
1995-08-14,,,50.87
1995-08-15,,,50.87
1995-08-16,,,50.87
1995-08-17,,,50.87
1995-08-18,,,50.87
1995-08-21,,,50.87
1995-08-22,,,50.87
1995-08-23,,,50.87
1995-08-24,,,50.87
1995-08-25,,,50.87
1995-08-28,,,50.87
1995-08-29,,,50.87
1995-08-30,,,50.87
1995-08-31,,,50.87
1995-09-01,,,52.27
1995-09-04,,,51.0
1995-09-05,,,51.0
1995-09-06,,,51.0
1995-09-07,,,51.0
1995-09-08,,,51.0
1995-09-11,,,51.0
1995-09-12,,,51.0
1995-09-13,,,51.0
1995-09-14,,,50.75
1995-09-15,,,51.0
1995-09-18,,,51.0
1995-09-19,,,51.0
1995-09-20,,,51.0
1995-09-21,,,51.0
1995-09-22,,,51.0
1995-09-25,,,51.0
1995-09-26,,,51.0
1995-09-27,,,51.0
1995-09-28,,,50.62
1995-09-29,,,50.37
1995-10-02,,,44.19
1995-10-03,,,44.8
1995-10-04,,,44.55
1995-10-05,,,44.19
1995-10-06,,,43.59
1995-10-09,,,43.59
1995-10-10,,,43.59
1995-10-11,,,43.71
1995-10-12,,,43.71
1995-10-13,,,43.59
1995-10-16,,,45.41
1995-10-17,,,44.43
1995-10-18,,,44.55
1995-10-19,,,44.68
1995-10-20,,,44.8
1995-10-23,,,44.8
1995-10-24,,,43.71
1995-10-25,,,44.19
1995-10-26,,,44.07
1995-10-27,,,43.47
1995-10-30,,,43.47
1995-10-31,,,42.99
1995-11-01,,,42.63
1995-11-02,,,42.63
1995-11-03,,,42.03
1995-11-06,,,42.63
1995-11-07,,,42.87
1995-11-08,,,43.71
1995-11-09,,,43.71
1995-11-10,,,43.71
1995-11-13,,,44.19
1995-11-14,,,44.07
1995-11-15,,,44.07
1995-11-16,,,44.31
1995-11-17,,,44.19
1995-11-20,,,44.19
1995-11-21,,,42.39
1995-11-22,,,42.15
1995-11-23,,,42.03
1995-11-24,,,41.91
1995-11-27,,,42.03
1995-11-28,,,42.15
1995-11-29,,,41.91
1995-11-30,,,41.91
1995-12-01,,,40.02
1995-12-04,,,40.61
1995-12-05,,,40.25
1995-12-06,,,40.25
1995-12-07,,,40.49
1995-12-08,,,40.14
1995-12-11,,,41.79
1995-12-12,,,40.73
1995-12-13,,,40.84
1995-12-14,,,42.03
1995-12-15,,,42.51
1995-12-18,,,42.51
1995-12-19,,,42.39
1995-12-20,,,42.39
1995-12-21,,,42.27
1995-12-22,,,42.15
1995-12-25,,,42.15
1995-12-26,,,41.67
1995-12-27,,,40.96
1995-12-28,,,40.25
1995-12-29,,,40.25
1996-01-01,,,40.25
1996-01-02,,34.49,35.29
1996-01-03,,34.38,35.17
1996-01-04,,32.7,33.48
1996-01-05,,32.7,33.15
1996-01-08,,32.7,33.15
1996-01-09,,32.81,33.15
1996-01-10,,33.03,33.15
1996-01-11,,33.03,33.26
1996-01-12,,33.03,33.26
1996-01-15,,33.03,33.15
1996-01-16,,33.26,33.26
1996-01-17,,33.15,33.48
1996-01-18,,33.03,33.15
1996-01-19,,34.72,34.72
1996-01-22,,34.27,34.72
1996-01-23,,33.93,34.61
1996-01-24,,34.49,34.72
1996-01-25,,33.71,34.16
1996-01-26,,33.48,33.59
1996-01-29,,33.15,33.48
1996-01-30,,33.93,34.27
1996-01-31,,35.85,33.93
1996-02-01,,35.06,36.08
1996-02-02,,35.17,35.85
1996-02-05,,35.17,35.51
1996-02-06,,35.17,35.85
1996-02-07,,35.17,35.51
1996-02-08,,35.17,35.51
1996-02-09,,35.17,35.4
1996-02-12,,35.29,35.97
1996-02-13,,35.51,35.74
1996-02-14,,36.31,36.65
1996-02-15,,36.43,37.23
1996-02-16,,36.65,37.23
1996-02-19,,36.65,37.23
1996-02-20,,36.65,37.23
1996-02-21,,36.77,37.46
1996-02-22,,36.77,37.46
1996-02-23,,36.65,37.46
1996-02-26,,35.4,36.2
1996-02-27,,34.95,35.4
1996-02-28,,34.72,35.17
1996-02-29,,29.73,34.38
1996-03-01,,30.49,31.15
1996-03-04,,30.27,31.59
1996-03-05,,29.84,29.95
1996-03-06,,29.95,30.16
1996-03-07,,29.84,30.16
1996-03-08,,29.73,29.95
1996-03-11,,30.05,30.49
1996-03-12,,29.95,30.49
1996-03-13,,29.73,29.95
1996-03-14,,29.73,29.95
1996-03-15,,29.73,29.95
1996-03-18,,29.73,30.27
1996-03-19,,29.73,30.16
1996-03-20,,29.73,29.95
1996-03-21,,29.73,29.95
1996-03-22,,29.73,29.84
1996-03-25,,29.62,29.84
1996-03-26,,29.62,29.95
1996-03-27,,29.62,29.95
1996-03-28,,29.62,29.84
1996-03-29,,29.62,29.84
1996-04-01,,28.54,29.18
1996-04-02,,28.54,28.86
1996-04-03,,28.54,29.18
1996-04-04,,28.54,29.18
1996-04-05,,28.54,29.18
1996-04-08,,28.64,29.08
1996-04-09,,28.64,28.97
1996-04-10,,30.05,30.16
1996-04-11,,30.05,30.27
1996-04-12,,30.16,30.27
1996-04-15,,30.38,30.82
1996-04-16,,30.49,30.93
1996-04-17,,30.49,30.93
1996-04-18,,30.49,30.82
1996-04-19,,30.16,30.6
1996-04-22,,29.95,30.38
1996-04-23,,28.75,29.29
1996-04-24,,28.64,28.97
1996-04-25,,28.43,28.86
1996-04-26,,26.5,28.1
1996-04-29,,25.55,26.93
1996-04-30,,24.82,25.97
1996-05-01,,24.82,25.97
1996-05-02,,25.13,25.34
1996-05-03,,24.82,25.13
1996-05-06,,24.82,25.02
1996-05-07,,24.82,25.02
1996-05-08,,24.82,25.02
1996-05-09,,24.82,25.02
1996-05-10,,24.82,25.02
1996-05-13,,24.82,25.02
1996-05-14,,24.92,25.13
1996-05-15,,24.92,25.34
1996-05-16,,24.92,25.13
1996-05-17,,24.92,25.23
1996-05-20,,24.92,25.13
1996-05-21,,24.92,25.13
1996-05-22,,24.92,25.13
1996-05-23,,24.92,25.02
1996-05-24,,25.02,25.34
1996-05-27,,26.4,26.08
1996-05-28,,27.03,26.82
1996-05-29,,27.68,27.35
1996-05-30,,28.43,28.0
1996-05-31,,28.97,28.75
1996-06-03,,29.18,29.18
1996-06-04,,29.4,29.73
1996-06-05,,29.4,29.73
1996-06-06,,29.4,29.73
1996-06-07,,30.6,30.27
1996-06-10,,31.04,30.93
1996-06-11,,31.04,31.26
1996-06-12,,31.04,31.37
1996-06-13,,31.04,31.37
1996-06-14,,31.04,31.37
1996-06-17,,31.04,31.37
1996-06-18,,30.49,31.26
1996-06-19,,30.82,31.04
1996-06-20,,29.84,31.26
1996-06-21,,28.97,29.95
1996-06-24,,28.21,29.84
1996-06-25,,26.08,27.46
1996-06-26,,25.45,26.18
1996-06-27,,24.19,25.76
1996-06-28,,23.25,24.4
1996-07-01,,23.25,24.08
1996-07-02,,23.25,23.46
1996-07-03,,23.15,23.67
1996-07-04,,23.05,23.25
1996-07-05,,23.15,23.25
1996-07-08,,23.05,23.25
1996-07-09,,23.05,23.15
1996-07-10,,22.94,23.05
1996-07-11,,23.15,23.25
1996-07-12,,23.15,23.56
1996-07-15,,23.05,23.46
1996-07-16,,23.05,23.15
1996-07-17,,23.05,23.15
1996-07-18,,22.94,23.15
1996-07-19,,22.94,23.25
1996-07-22,,22.94,23.15
1996-07-23,,22.94,23.15
1996-07-24,,22.94,23.25
1996-07-25,,22.94,23.15
1996-07-26,,22.94,23.05
1996-07-29,,22.94,23.05
1996-07-30,,22.94,23.15
1996-07-31,,23.98,23.36
1996-08-01,,24.19,24.5
1996-08-02,,24.61,24.71
1996-08-05,,25.45,25.23
1996-08-06,,25.13,25.55
1996-08-07,,25.23,25.55
1996-08-08,,25.23,25.55
1996-08-09,,25.23,25.45
1996-08-12,,25.23,25.55
1996-08-13,,25.23,25.55
1996-08-14,,25.23,25.45
1996-08-15,,25.23,25.55
1996-08-16,,25.23,25.55
1996-08-19,,25.23,25.55
1996-08-20,,25.02,25.34
1996-08-21,,24.61,24.92
1996-08-22,,24.29,24.61
1996-08-23,,24.19,24.4
1996-08-26,,24.08,24.29
1996-08-27,,24.19,24.4
1996-08-28,,24.08,24.4
1996-08-29,,24.08,24.08
1996-08-30,,24.61,24.08
1996-09-02,,24.61,24.71
1996-09-03,,25.02,24.92
1996-09-04,,24.92,25.13
1996-09-05,,24.92,25.02
1996-09-06,,25.02,25.23
1996-09-09,,25.02,25.13
1996-09-10,,25.13,25.23
1996-09-11,,25.34,25.45
1996-09-12,,26.18,26.4
1996-09-13,,26.18,26.4
1996-09-16,,25.87,26.29
1996-09-17,,25.55,25.97
1996-09-18,,25.76,25.97
1996-09-19,,25.87,26.18
1996-09-20,,25.45,25.87
1996-09-23,,24.92,25.34
1996-09-24,,24.71,24.92
1996-09-25,,24.5,24.82
1996-09-26,,24.5,24.71
1996-09-27,,24.4,24.61
1996-09-30,,23.46,25.13
1996-10-01,,23.05,23.15
1996-10-02,,23.05,23.36
1996-10-03,,23.05,23.36
1996-10-04,,23.15,23.25
1996-10-07,,23.05,23.05
1996-10-08,,23.15,23.15
1996-10-09,,22.84,22.94
1996-10-10,,23.05,23.05
1996-10-11,,23.46,23.46
1996-10-14,,23.46,23.67
1996-10-15,,24.08,24.08
1996-10-16,,23.67,23.98
1996-10-17,,23.98,23.77
1996-10-18,,23.56,23.98
1996-10-21,,23.25,23.25
1996-10-22,,23.56,23.67
1996-10-23,,23.15,23.25
1996-10-24,,23.36,23.46
1996-10-25,,23.46,23.67
1996-10-28,,23.46,23.36
1996-10-29,,23.67,23.67
1996-10-30,,23.77,23.67
1996-10-31,,24.92,23.77
1996-11-01,,25.13,25.23
1996-11-04,,25.23,25.23
1996-11-05,,25.76,25.55
1996-11-06,,25.34,25.45
1996-11-07,,25.66,25.45
1996-11-08,,25.45,25.66
1996-11-11,,25.55,25.76
1996-11-12,,25.45,25.66
1996-11-13,,25.13,25.13
1996-11-14,,25.23,25.23
1996-11-15,,25.23,25.23
1996-11-18,,25.13,25.34
1996-11-19,,25.13,25.13
1996-11-20,,25.13,25.23
1996-11-21,,25.02,25.02
1996-11-22,,25.02,25.23
1996-11-25,,25.02,25.13
1996-11-26,,25.02,25.02
1996-11-27,,24.71,24.82
1996-11-28,,24.82,25.02
1996-11-29,,23.46,25.13
1996-12-02,,23.56,23.56
1996-12-03,,23.25,23.15
1996-12-04,,23.25,23.25
1996-12-05,,23.67,23.46
1996-12-06,,23.36,23.56
1996-12-09,,23.46,23.46
1996-12-10,,23.56,23.67
1996-12-11,,23.56,23.67
1996-12-12,,23.67,23.77
1996-12-13,,23.77,23.77
1996-12-16,,23.77,23.88
1996-12-17,,23.88,24.08
1996-12-18,,24.5,24.4
1996-12-19,,23.98,24.19
1996-12-20,,24.08,24.19
1996-12-23,,24.19,24.29
1996-12-24,,24.19,24.29
1996-12-25,,24.19,24.29
1996-12-26,,24.08,24.19
1996-12-27,,23.98,23.98
1996-12-30,,23.36,24.92
1996-12-31,,23.36,24.92
1997-01-01,,23.36,24.92
1997-01-02,,21.51,21.71
1997-01-03,,21.41,21.41
1997-01-06,,21.41,21.41
1997-01-07,,21.41,21.51
1997-01-08,,21.41,21.51
1997-01-09,,21.41,21.51
1997-01-10,,21.61,21.71
1997-01-13,,21.61,21.71
1997-01-14,,21.61,21.71
1997-01-15,,21.61,21.71
1997-01-16,,21.61,21.81
1997-01-17,,21.71,21.81
1997-01-20,,21.71,21.71
1997-01-21,,21.61,21.61
1997-01-22,,21.61,21.61
1997-01-23,,21.71,21.71
1997-01-24,,21.81,21.92
1997-01-27,,21.71,21.81
1997-01-28,,22.12,22.02
1997-01-29,,21.71,21.92
1997-01-30,,22.63,21.71
1997-01-31,,25.97,22.63
1997-02-03,,25.97,25.97
1997-02-04,,26.18,26.5
1997-02-05,,26.08,25.97
1997-02-06,,26.18,26.08
1997-02-07,,26.18,26.4
1997-02-10,,26.18,26.4
1997-02-11,,26.18,26.4
1997-02-12,,26.18,26.4
1997-02-13,,26.4,26.61
1997-02-14,,26.4,26.5
1997-02-17,,26.18,26.4
1997-02-18,,26.18,26.5
1997-02-19,,26.08,26.18
1997-02-20,,25.97,26.08
1997-02-21,,25.97,26.08
1997-02-24,,25.87,25.97
1997-02-25,,25.76,25.87
1997-02-26,,25.66,25.87
1997-02-27,,25.55,25.76
1997-02-28,,23.98,25.34
1997-03-03,,24.08,24.4
1997-03-04,,23.88,24.08
1997-03-05,,23.88,23.98
1997-03-06,,23.98,24.08
1997-03-07,,24.08,24.19
1997-03-10,,23.98,24.08
1997-03-11,,24.08,24.19
1997-03-12,,23.98,24.19
1997-03-13,,24.08,24.08
1997-03-14,,24.08,24.19
1997-03-17,,24.08,24.19
1997-03-18,,24.08,24.08
1997-03-19,,23.98,24.08
1997-03-20,,23.98,24.08
1997-03-21,,23.98,23.98
1997-03-24,,23.98,23.98
1997-03-25,,23.98,24.08
1997-03-26,,23.98,24.19
1997-03-27,,23.98,24.19
1997-03-28,,23.98,24.19
1997-03-31,,21.0,23.88
1997-04-01,,21.0,21.0
1997-04-02,,21.0,21.1
1997-04-03,,21.0,21.1
1997-04-04,,21.2,21.2
1997-04-07,,21.51,21.41
1997-04-08,,22.43,22.43
1997-04-09,,21.92,21.81
1997-04-10,,22.84,22.74
1997-04-11,,23.05,23.15
1997-04-14,,22.94,23.15
1997-04-15,,22.12,22.74
1997-04-16,,22.53,22.33
1997-04-17,,23.05,23.25
1997-04-18,,21.92,22.43
1997-04-21,,21.92,22.43
1997-04-22,,21.41,21.92
1997-04-23,,21.1,21.1
1997-04-24,,21.0,21.0
1997-04-25,,21.1,21.1
1997-04-28,,21.2,21.2
1997-04-29,,21.2,21.41
1997-04-30,,22.12,21.1
1997-05-01,,22.12,21.1
1997-05-02,,21.92,21.81
1997-05-05,,21.81,21.71
1997-05-06,,21.92,21.81
1997-05-07,,21.92,21.81
1997-05-08,,21.92,21.92
1997-05-09,,22.12,22.12
1997-05-12,,22.02,22.02
1997-05-13,,22.02,22.02
1997-05-14,,22.02,22.12
1997-05-15,,22.02,22.02
1997-05-16,,22.02,22.12
1997-05-19,,22.02,22.22
1997-05-20,,22.02,22.22
1997-05-21,,22.02,22.12
1997-05-22,,22.02,22.12
1997-05-23,,21.92,22.12
1997-05-26,,21.81,22.02
1997-05-27,,21.3,21.81
1997-05-28,,20.8,21.0
1997-05-29,,20.8,21.0
1997-05-30,,20.69,21.0
1997-06-02,,20.69,20.9
1997-06-03,,20.8,20.9
1997-06-04,,20.8,21.0
1997-06-05,,20.9,21.1
1997-06-06,,21.2,21.3
1997-06-09,,21.1,21.51
1997-06-10,,21.1,21.2
1997-06-11,,21.1,21.2
1997-06-12,,21.2,21.1
1997-06-13,,21.1,21.3
1997-06-16,,21.2,21.2
1997-06-17,,21.2,21.3
1997-06-18,,21.1,21.2
1997-06-19,,21.1,21.2
1997-06-20,,21.0,21.1
1997-06-23,,21.0,21.1
1997-06-24,,21.0,21.1
1997-06-25,,20.69,20.8
1997-06-26,,20.59,20.8
1997-06-27,,20.49,20.49
1997-06-30,,18.88,20.9
1997-07-01,,18.88,19.18
1997-07-02,,18.88,18.88
1997-07-03,,18.88,18.98
1997-07-04,,18.98,18.98
1997-07-07,,19.08,19.18
1997-07-08,,19.18,19.18
1997-07-09,,19.08,19.08
1997-07-10,,19.08,19.18
1997-07-11,,19.18,19.28
1997-07-14,,19.18,19.28
1997-07-15,,19.08,19.38
1997-07-16,,19.08,19.18
1997-07-17,,19.08,19.08
1997-07-18,,18.98,19.08
1997-07-21,,18.98,18.98
1997-07-22,,18.88,18.88
1997-07-23,,18.88,18.88
1997-07-24,,18.88,18.88
1997-07-25,,18.88,18.98
1997-07-28,,18.88,18.88
1997-07-29,,18.88,18.88
1997-07-30,,18.88,18.88
1997-07-31,,20.8,18.78
1997-08-01,,20.69,20.69
1997-08-04,,20.59,20.59
1997-08-05,,20.59,20.59
1997-08-06,,20.49,20.49
1997-08-07,,20.59,20.69
1997-08-08,,20.69,20.69
1997-08-11,,20.8,20.9
1997-08-12,,21.0,21.0
1997-08-13,,21.0,21.0
1997-08-14,,20.9,21.0
1997-08-15,,20.9,20.9
1997-08-18,,20.8,20.8
1997-08-19,,20.8,20.8
1997-08-20,,20.8,20.8
1997-08-21,,20.8,20.8
1997-08-22,,20.8,20.8
1997-08-25,,20.69,20.8
1997-08-26,,20.69,20.8
1997-08-27,,20.69,20.8
1997-08-28,,20.69,20.8
1997-08-29,,19.89,20.69
1997-09-01,,19.89,20.09
1997-09-02,,19.79,19.99
1997-09-03,,19.79,19.89
1997-09-04,,19.79,19.89
1997-09-05,,19.79,19.89
1997-09-08,,19.79,19.89
1997-09-09,,19.79,19.89
1997-09-10,,19.79,19.89
1997-09-11,,19.79,19.89
1997-09-12,,19.89,19.99
1997-09-15,,19.89,19.99
1997-09-16,,19.79,19.89
1997-09-17,,19.79,19.89
1997-09-18,,19.79,19.89
1997-09-19,,19.79,19.89
1997-09-22,,19.79,19.79
1997-09-23,,19.79,19.89
1997-09-24,,19.58,19.79
1997-09-25,,19.48,19.69
1997-09-26,,19.38,19.48
1997-09-29,,18.98,19.18
1997-09-30,,18.98,19.18
1997-10-01,,18.88,18.98
1997-10-02,,18.78,18.88
1997-10-03,,18.78,18.88
1997-10-06,,18.78,18.88
1997-10-07,,18.78,18.98
1997-10-08,,18.78,18.88
1997-10-09,,18.78,18.88
1997-10-10,,18.78,18.88
1997-10-13,,18.78,18.88
1997-10-14,,18.88,19.08
1997-10-15,,18.98,19.08
1997-10-16,,18.98,19.08
1997-10-17,,18.98,18.98
1997-10-20,,18.88,18.98
1997-10-21,,18.88,18.98
1997-10-22,,18.88,18.98
1997-10-23,,18.88,18.88
1997-10-24,,18.78,18.88
1997-10-27,,18.88,18.88
1997-10-28,,19.08,19.18
1997-10-29,,19.28,19.18
1997-10-30,,19.99,20.69
1997-10-31,,47.37,41.2
1997-11-03,,44.68,44.92
1997-11-04,,44.68,44.92
1997-11-05,,44.55,45.04
1997-11-06,,45.04,45.65
1997-11-07,,45.28,46.02
1997-11-10,,45.28,46.14
1997-11-11,,45.28,46.26
1997-11-12,,45.28,46.26
1997-11-13,,45.28,46.26
1997-11-14,,45.28,46.39
1997-11-17,,45.28,46.26
1997-11-18,,45.28,46.26
1997-11-19,,45.28,46.14
1997-11-20,,45.28,46.02
1997-11-21,,45.28,46.14
1997-11-24,,45.28,46.14
1997-11-25,,45.28,46.14
1997-11-26,,45.28,46.14
1997-11-27,,45.65,46.02
1997-11-28,,38.73,44.92
1997-12-01,,38.15,38.73
1997-12-02,,38.15,38.62
1997-12-03,,38.27,38.97
1997-12-04,,38.62,39.2
1997-12-05,,38.5,39.32
1997-12-08,,38.39,38.85
1997-12-09,,38.39,38.62
1997-12-10,,38.39,38.85
1997-12-11,,38.39,38.85
1997-12-12,,38.39,38.73
1997-12-15,,38.39,38.73
1997-12-16,,38.39,39.08
1997-12-17,,38.73,39.32
1997-12-18,,39.9,41.08
1997-12-19,,39.9,41.32
1997-12-22,,40.49,41.56
1997-12-23,,40.02,41.91
1997-12-24,,40.02,41.91
1997-12-25,,40.02,41.91
1997-12-26,,39.9,40.96
1997-12-29,,40.02,40.84
1997-12-30,,39.08,40.84
1997-12-31,,39.08,40.84
1998-01-01,,39.08,40.84
1998-01-02,,38.11,35.76
1998-01-05,,38.06,37.49
1998-01-06,,38.07,37.94
1998-01-07,,38.09,38.07
1998-01-08,,38.1,38.04
1998-01-09,,38.09,38.02
1998-01-12,,38.1,37.98
1998-01-13,,38.08,38.01
1998-01-14,,37.55,37.84
1998-01-15,,37.56,37.85
1998-01-16,,37.61,37.83
1998-01-19,,37.41,37.72
1998-01-20,,37.34,37.57
1998-01-21,,37.29,37.44
1998-01-22,,37.07,37.41
1998-01-23,,36.64,37.41
1998-01-26,,36.35,36.82
1998-01-27,,36.31,36.52
1998-01-28,,35.74,36.32
1998-01-29,,34.02,34.24
1998-01-30,,34.25,34.79
1998-02-02,,34.15,34.45
1998-02-03,,34.23,34.46
1998-02-04,,34.2,34.68
1998-02-05,,34.21,34.46
1998-02-06,,34.22,34.65
1998-02-09,,34.18,34.48
1998-02-10,,34.1,34.48
1998-02-11,,34.07,34.45
1998-02-12,,34.09,34.41
1998-02-13,,34.06,34.67
1998-02-16,,33.94,34.41
1998-02-17,,33.96,34.39
1998-02-18,,33.91,34.37
1998-02-19,,33.75,34.07
1998-02-20,,33.39,33.97
1998-02-23,,33.39,33.97
1998-02-24,,33.39,33.97
1998-02-25,,33.3,33.97
1998-02-26,,33.25,33.67
1998-02-27,,33.28,33.69
1998-03-02,,33.25,33.68
1998-03-03,,32.81,33.58
1998-03-04,,28.85,32.55
1998-03-05,,27.6,27.9
1998-03-06,,27.63,28.04
1998-03-09,,27.63,27.96
1998-03-10,,27.64,27.9
1998-03-11,,27.61,27.75
1998-03-12,,27.54,27.42
1998-03-13,,27.63,27.89
1998-03-16,,27.54,27.63
1998-03-17,,27.5,27.5
1998-03-18,,27.41,27.51
1998-03-19,,27.45,27.32
1998-03-20,,27.41,27.45
1998-03-23,,27.4,27.35
1998-03-24,,27.35,27.33
1998-03-25,,27.35,27.34
1998-03-26,,27.37,27.34
1998-03-27,,27.34,27.33
1998-03-30,,27.25,27.31
1998-03-31,,27.22,27.27
1998-04-01,,27.27,27.25
1998-04-02,,27.24,27.24
1998-04-03,,27.32,27.26
1998-04-06,,27.66,27.6
1998-04-07,,27.95,27.92
1998-04-08,,27.85,27.96
1998-04-09,,27.85,27.96
1998-04-10,,27.85,27.96
1998-04-13,,27.81,27.83
1998-04-14,,27.34,27.67
1998-04-15,,22.71,25.9
1998-04-16,,23.35,23.57
1998-04-17,,23.27,23.35
1998-04-20,,23.23,23.2
1998-04-21,,23.23,23.2
1998-04-22,,23.2,23.16
1998-04-23,,23.19,23.16
1998-04-24,,23.17,23.16
1998-04-27,,23.15,23.13
1998-04-28,,23.17,23.17
1998-04-29,,23.09,23.08
1998-04-30,,22.83,22.85
1998-05-01,,22.83,22.85
1998-05-04,,23.03,23.02
1998-05-05,,23.38,23.37
1998-05-06,,23.19,23.33
1998-05-07,,23.16,23.19
1998-05-08,,23.27,23.19
1998-05-11,,23.23,23.23
1998-05-12,,23.27,23.44
1998-05-13,,23.17,23.23
1998-05-14,,23.24,23.23
1998-05-15,,23.11,23.16
1998-05-18,,23.0,23.12
1998-05-19,,23.02,23.1
1998-05-20,,22.13,22.29
1998-05-21,,21.59,21.69
1998-05-22,,21.58,21.59
1998-05-25,,21.59,21.58
1998-05-26,,21.57,21.58
1998-05-27,,21.62,21.57
1998-05-28,,21.61,21.57
1998-05-29,,21.5,21.5
1998-06-01,,21.13,21.2
1998-06-02,,21.1,21.06
1998-06-03,,21.13,21.06
1998-06-04,,21.07,21.07
1998-06-05,,21.07,21.07
1998-06-08,,21.08,21.08
1998-06-09,,21.04,21.09
1998-06-10,,21.05,21.09
1998-06-11,,21.05,21.09
1998-06-12,,21.06,21.09
1998-06-15,,21.07,21.09
1998-06-16,,21.07,21.09
1998-06-17,,21.14,21.09
1998-06-18,,21.09,21.1
1998-06-19,,21.11,21.09
1998-06-22,,21.06,21.09
1998-06-23,,20.97,21.09
1998-06-24,,20.45,21.05
1998-06-25,,20.56,20.76
1998-06-26,,20.56,20.76
1998-06-29,,20.49,20.7
1998-06-30,,20.43,20.65
1998-07-01,,20.43,20.59
1998-07-02,,20.4,20.55
1998-07-03,,20.35,20.5
1998-07-06,,20.33,20.46
1998-07-07,,20.3,20.49
1998-07-08,,20.42,20.49
1998-07-09,,20.47,20.49
1998-07-10,,20.37,20.49
1998-07-13,,20.37,20.49
1998-07-14,,20.36,20.49
1998-07-15,,20.37,20.49
1998-07-16,,20.37,20.49
1998-07-17,,20.39,20.49
1998-07-20,,20.37,20.49
1998-07-21,,20.37,20.49
1998-07-22,,20.25,20.39
1998-07-23,,20.17,20.25
1998-07-24,,20.07,20.19
1998-07-27,,20.03,20.09
1998-07-28,,19.88,19.99
1998-07-29,,19.65,19.98
1998-07-30,,19.51,19.67
1998-07-31,,19.54,19.63
1998-08-03,,19.48,19.59
1998-08-04,,19.45,19.55
1998-08-05,,19.4,19.49
1998-08-06,,19.34,19.45
1998-08-07,,19.31,19.39
1998-08-10,,19.28,19.35
1998-08-11,,19.22,19.29
1998-08-12,,19.17,19.25
1998-08-13,,19.16,19.24
1998-08-14,,19.14,19.2
1998-08-17,,19.16,19.18
1998-08-18,,19.16,19.17
1998-08-19,,19.11,19.15
1998-08-20,,19.09,19.14
1998-08-21,,19.07,19.1
1998-08-24,,19.08,19.09
1998-08-25,,19.04,19.07
1998-08-26,,19.04,19.05
1998-08-27,,19.02,19.02
1998-08-28,,18.96,19.01
1998-08-31,,18.99,19.0
1998-09-01,,19.03,19.08
1998-09-02,,19.05,19.11
1998-09-03,,19.1,19.14
1998-09-04,,19.27,19.2
1998-09-07,,19.27,19.2
1998-09-08,,29.81,29.87
1998-09-09,,30.5,30.05
1998-09-10,,31.01,29.73
1998-09-11,,42.07,39.78
1998-09-14,,40.74,39.76
1998-09-15,,39.65,39.75
1998-09-16,,39.1,39.75
1998-09-17,,39.27,39.75
1998-09-18,,39.33,39.73
1998-09-21,,39.88,39.79
1998-09-22,,39.88,39.89
1998-09-23,,39.87,40.08
1998-09-24,,39.36,39.96
1998-09-25,,39.98,40.13
1998-09-28,,40.07,40.26
1998-09-29,,40.13,40.39
1998-09-30,,40.25,40.5
1998-10-01,,40.43,40.6
1998-10-02,,40.5,40.7
1998-10-05,,40.66,40.8
1998-10-06,,40.73,40.9
1998-10-07,,40.7,40.99
1998-10-08,,40.88,41.1
1998-10-09,,41.0,41.19
1998-10-12,,41.0,41.19
1998-10-13,,41.12,41.3
1998-10-14,,41.28,41.4
1998-10-15,,41.38,41.5
1998-10-16,,41.41,41.59
1998-10-19,,41.47,41.7
1998-10-20,,41.55,41.8
1998-10-21,,41.69,41.9
1998-10-22,,41.71,42.0
1998-10-23,,41.78,42.11
1998-10-26,,41.87,42.2
1998-10-27,,41.9,42.3
1998-10-28,,41.94,42.39
1998-10-29,,42.06,42.5
1998-10-30,,42.12,42.6
1998-11-02,,42.12,42.6
1998-11-03,,42.21,42.7
1998-11-04,,41.97,42.74
1998-11-05,,41.82,42.73
1998-11-06,,41.83,42.72
1998-11-09,,41.76,42.74
1998-11-10,,41.69,42.75
1998-11-11,,36.66,42.74
1998-11-12,,38.44,39.56
1998-11-13,,38.11,38.99
1998-11-16,,37.79,38.5
1998-11-17,,37.19,38.0
1998-11-18,,36.75,37.5
1998-11-19,,36.15,37.0
1998-11-20,,35.79,36.51
1998-11-23,,35.3,36.0
1998-11-24,,34.89,35.5
1998-11-25,,34.49,35.0
1998-11-26,,34.58,34.68
1998-11-27,,34.38,34.59
1998-11-30,,34.21,34.4
1998-12-01,,33.92,34.2
1998-12-02,,33.63,34.0
1998-12-03,,33.45,33.8
1998-12-04,,33.31,33.6
1998-12-07,,33.1,33.4
1998-12-08,,32.98,33.2
1998-12-09,,32.7,33.0
1998-12-10,,32.51,32.98
1998-12-11,,32.33,32.63
1998-12-14,,32.17,32.4
1998-12-15,,31.97,32.21
1998-12-16,,28.45,32.01
1998-12-17,,29.21,29.37
1998-12-18,,29.03,29.34
1998-12-21,,28.81,29.02
1998-12-22,,28.98,28.96
1998-12-23,,28.87,28.96
1998-12-24,,28.87,28.96
1998-12-25,,28.87,28.96
1998-12-28,,28.82,28.84
1998-12-29,,28.81,28.79
1998-12-30,,29.03,28.96
1998-12-31,,29.03,28.96
1999-01-01,,29.03,28.96
1999-01-04,,28.89,29.04
1999-01-05,,28.88,28.93
1999-01-06,,28.88,28.94
1999-01-07,,29.03,29.01
1999-01-08,,29.04,29.13
1999-01-11,,29.25,29.34
1999-01-12,,29.13,29.33
1999-01-13,,29.68,29.81
1999-01-14,,29.68,29.83
1999-01-15,,29.8,30.09
1999-01-18,,29.67,29.85
1999-01-19,,31.84,32.03
1999-01-20,,32.33,32.17
1999-01-21,,32.43,32.99
1999-01-22,,32.3,32.48
1999-01-25,,32.28,32.47
1999-01-26,,32.24,32.48
1999-01-27,,35.07,33.86
1999-01-28,,35.24,35.48
1999-01-29,,37.37,36.94
1999-02-01,,39.57,38.79
1999-02-02,,38.34,38.97
1999-02-03,,38.26,38.99
1999-02-04,,38.26,38.99
1999-02-05,,38.29,38.99
1999-02-08,,38.33,38.99
1999-02-09,,38.34,38.99
1999-02-10,,38.37,38.99
1999-02-11,,38.36,38.99
1999-02-12,,38.38,39.0
1999-02-15,,38.38,39.0
1999-02-16,,38.38,39.0
1999-02-17,,38.37,38.99
1999-02-18,,38.38,38.99
1999-02-19,,38.37,38.99
1999-02-22,,38.37,38.93
1999-02-23,,38.37,38.98
1999-02-24,,38.36,39.0
1999-02-25,,38.35,38.97
1999-02-26,,38.41,39.0
1999-03-01,,38.43,38.98
1999-03-02,,38.4,38.98
1999-03-03,,38.41,39.0
1999-03-04,,38.52,38.97
1999-03-05,45.0,44.27,44.92
1999-03-08,45.0,44.29,44.97
1999-03-09,45.0,44.17,44.84
1999-03-10,45.0,44.18,44.91
1999-03-11,45.0,44.33,44.97
1999-03-12,45.0,44.3,44.96
1999-03-15,45.0,44.27,44.96
1999-03-16,45.0,44.24,44.96
1999-03-17,45.0,44.29,44.96
1999-03-18,45.0,44.34,44.96
1999-03-19,45.0,44.26,44.99
1999-03-22,45.0,44.25,44.98
1999-03-23,45.0,44.23,44.95
1999-03-24,45.0,44.25,44.94
1999-03-25,42.0,41.33,41.96
1999-03-26,42.0,41.31,42.02
1999-03-29,42.0,41.31,41.99
1999-03-30,42.0,41.27,41.97
1999-03-31,42.0,39.26,41.93
1999-04-01,42.0,39.26,41.93
1999-04-02,42.0,39.26,41.93
1999-04-05,42.0,38.68,41.91
1999-04-06,39.5,38.53,39.47
1999-04-07,39.5,38.5,39.44
1999-04-08,39.5,38.54,39.44
1999-04-09,39.5,38.56,39.42
1999-04-12,39.5,38.62,39.41
1999-04-13,39.5,38.59,39.4
1999-04-14,39.5,32.75,39.39
1999-04-15,34.0,33.36,33.9
1999-04-16,34.0,33.36,33.96
1999-04-19,34.0,33.4,33.94
1999-04-20,34.0,33.27,33.94
1999-04-21,34.0,33.27,33.94
1999-04-22,34.0,33.05,33.93
1999-04-23,34.0,32.44,33.92
1999-04-26,34.0,32.41,33.89
1999-04-27,34.0,32.31,33.89
1999-04-28,34.0,32.08,33.89
1999-04-29,32.0,31.44,31.97
1999-04-30,32.0,31.41,31.93
1999-05-03,32.0,31.36,31.9
1999-05-04,32.0,31.4,31.92
1999-05-05,32.0,31.38,31.9
1999-05-06,32.0,31.28,31.88
1999-05-07,32.0,30.2,31.87
1999-05-10,29.5,29.01,29.67
1999-05-11,29.5,28.95,29.46
1999-05-12,29.5,28.93,29.45
1999-05-13,27.0,26.57,27.04
1999-05-14,27.0,26.42,27.03
1999-05-17,27.0,25.98,26.94
1999-05-18,27.0,25.61,26.91
1999-05-19,27.0,22.79,26.89
1999-05-20,23.5,22.9,23.53
1999-05-21,23.5,22.88,23.46
1999-05-24,23.5,22.85,23.43
1999-05-25,23.5,22.88,23.42
1999-05-26,23.5,22.86,23.39
1999-05-27,23.5,22.58,23.38
1999-05-28,23.5,22.45,23.35
1999-05-31,23.5,22.38,23.34
1999-06-01,23.5,22.39,23.28
1999-06-02,23.5,22.5,23.29
1999-06-03,23.5,22.5,23.29
1999-06-04,23.5,22.54,23.28
1999-06-07,23.5,22.53,23.28
1999-06-08,23.5,22.58,23.27
1999-06-09,22.0,21.6,21.99
1999-06-10,22.0,21.63,21.98
1999-06-11,22.0,21.64,21.97
1999-06-14,22.0,21.64,21.95
1999-06-15,22.0,21.69,21.92
1999-06-16,22.0,21.62,21.92
1999-06-17,22.0,21.53,21.9
1999-06-18,22.0,21.49,21.89
1999-06-21,22.0,21.51,21.88
1999-06-22,22.0,21.48,21.87
1999-06-23,22.0,19.86,21.84
1999-06-24,21.0,20.6,20.98
1999-06-25,21.0,20.64,20.97
1999-06-28,21.0,20.59,20.97
1999-06-29,21.0,20.58,20.96
1999-06-30,21.0,20.51,20.96
1999-07-01,21.0,20.42,20.94
1999-07-02,21.0,20.42,20.93
1999-07-05,21.0,20.34,21.05
1999-07-06,21.0,20.35,20.93
1999-07-07,21.0,20.31,20.9
1999-07-08,21.0,20.2,20.9
1999-07-09,21.0,20.18,20.88
1999-07-12,21.0,20.25,20.89
1999-07-13,21.0,20.37,20.87
1999-07-14,21.0,20.37,20.86
1999-07-15,21.0,20.37,20.86
1999-07-16,21.0,20.37,20.84
1999-07-19,21.0,20.39,20.83
1999-07-20,21.0,20.43,20.82
1999-07-21,21.0,20.39,20.81
1999-07-22,21.0,20.45,20.79
1999-07-23,21.0,20.38,20.79
1999-07-26,21.0,20.41,20.78
1999-07-27,21.0,20.41,20.77
1999-07-28,21.0,20.07,20.76
1999-07-29,19.5,19.26,19.52
1999-07-30,19.5,19.28,19.51
1999-08-02,19.5,19.27,19.51
1999-08-03,19.5,19.25,19.51
1999-08-04,19.5,19.24,19.51
1999-08-05,19.5,19.24,19.51
1999-08-06,19.5,19.22,19.51
1999-08-09,19.5,19.21,19.51
1999-08-10,19.5,19.23,19.51
1999-08-11,19.5,19.24,19.51
1999-08-12,19.5,19.23,19.51
1999-08-13,19.5,19.24,19.51
1999-08-16,19.5,19.23,19.52
1999-08-17,19.5,19.21,19.52
1999-08-18,19.5,19.21,19.52
1999-08-19,19.5,19.22,19.52
1999-08-20,19.5,19.19,19.52
1999-08-23,19.5,19.18,19.52
1999-08-24,19.5,19.18,19.52
1999-08-25,19.5,19.16,19.52
1999-08-26,19.5,19.23,19.52
1999-08-27,19.5,19.18,19.51
1999-08-30,19.5,19.21,19.51
1999-08-31,19.5,19.21,19.52
1999-09-01,19.5,18.97,19.51
1999-09-02,19.5,19.23,19.52
1999-09-03,19.5,19.21,19.53
1999-09-06,19.5,19.15,19.53
1999-09-07,19.5,19.15,19.53
1999-09-08,19.5,19.19,19.52
1999-09-09,19.5,19.19,19.52
1999-09-10,19.5,19.36,19.52
1999-09-13,19.5,19.38,19.52
1999-09-14,19.5,19.26,19.52
1999-09-15,19.5,19.16,19.52
1999-09-16,19.5,19.19,19.53
1999-09-17,19.5,19.21,19.52
1999-09-20,19.5,19.23,19.52
1999-09-21,19.5,19.27,19.51
1999-09-22,19.5,18.92,19.5
1999-09-23,19.0,18.9,19.11
1999-09-24,19.0,18.9,19.02
1999-09-27,19.0,18.9,19.04
1999-09-28,19.0,18.89,19.02
1999-09-29,19.0,18.88,19.01
1999-09-30,19.0,18.86,19.0
1999-10-01,19.0,18.9,19.0
1999-10-04,19.0,18.87,18.99
1999-10-05,19.0,18.86,18.97
1999-10-06,19.0,18.71,18.96
1999-10-07,19.0,18.83,18.96
1999-10-08,19.0,18.82,18.95
1999-10-11,19.0,18.77,18.94
1999-10-12,19.0,18.77,18.94
1999-10-13,19.0,18.78,18.93
1999-10-14,19.0,18.78,18.91
1999-10-15,19.0,18.77,18.91
1999-10-18,19.0,18.77,18.9
1999-10-19,19.0,18.78,18.89
1999-10-20,19.0,18.77,18.88
1999-10-21,19.0,18.75,18.88
1999-10-22,19.0,18.73,18.87
1999-10-25,19.0,18.69,18.86
1999-10-26,19.0,18.7,18.85
1999-10-27,19.0,18.69,18.84
1999-10-28,19.0,18.69,18.83
1999-10-29,19.0,18.7,18.83
1999-11-01,19.0,18.71,18.82
1999-11-02,19.0,18.71,18.82
1999-11-03,19.0,18.7,18.81
1999-11-04,19.0,18.7,18.81
1999-11-05,19.0,18.69,18.81
1999-11-08,19.0,18.69,18.81
1999-11-09,19.0,18.68,18.81
1999-11-10,19.0,18.46,18.81
1999-11-11,19.0,18.74,18.99
1999-11-12,19.0,18.76,19.01
1999-11-15,19.0,18.76,19.01
1999-11-16,19.0,18.77,19.01
1999-11-17,19.0,18.77,19.01
1999-11-18,19.0,18.79,19.01
1999-11-19,19.0,18.8,19.02
1999-11-22,19.0,18.79,19.02
1999-11-23,19.0,18.78,19.02
1999-11-24,19.0,18.78,19.02
1999-11-25,19.0,18.78,19.03
1999-11-26,19.0,18.8,19.03
1999-11-29,19.0,18.78,19.04
1999-11-30,19.0,18.81,19.03
1999-12-01,19.0,18.81,19.02
1999-12-02,19.0,18.8,18.98
1999-12-03,19.0,18.81,18.97
1999-12-06,19.0,18.82,18.97
1999-12-07,19.0,18.78,18.96
1999-12-08,19.0,18.75,18.95
1999-12-09,19.0,18.75,18.95
1999-12-10,19.0,18.74,18.95
1999-12-13,19.0,18.74,18.95
1999-12-14,19.0,18.74,18.95
1999-12-15,19.0,18.74,18.95
1999-12-16,19.0,18.76,18.98
1999-12-17,19.0,18.75,18.99
1999-12-20,19.0,18.77,18.99
1999-12-21,19.0,18.78,19.03
1999-12-22,19.0,18.77,18.97
1999-12-23,19.0,18.78,19.02
1999-12-24,19.0,18.78,19.02
1999-12-27,19.0,18.74,19.05
1999-12-28,19.0,18.74,19.04
1999-12-29,19.0,18.73,19.02
1999-12-30,19.0,18.83,19.04
1999-12-31,19.0,18.83,19.04
2000-01-03,19.0,18.78,19.04
2000-01-04,19.0,18.75,19.04
2000-01-05,19.0,18.74,19.05
2000-01-06,19.0,18.75,19.07
2000-01-07,19.0,18.75,19.07
2000-01-10,19.0,18.75,19.02
2000-01-11,19.0,18.77,18.98
2000-01-12,19.0,18.74,18.93
2000-01-13,19.0,18.74,18.92
2000-01-14,19.0,18.76,18.9
2000-01-17,19.0,18.74,18.91
2000-01-18,19.0,18.73,18.89
2000-01-19,19.0,18.68,18.87
2000-01-20,19.0,18.67,18.87
2000-01-21,19.0,18.76,18.87
2000-01-24,19.0,18.76,18.87
2000-01-25,19.0,18.77,18.87
2000-01-26,19.0,18.72,18.87
2000-01-27,19.0,18.69,18.87
2000-01-28,19.0,18.69,18.88
2000-01-31,19.0,18.68,18.9
2000-02-01,19.0,18.71,18.87
2000-02-02,19.0,18.7,18.86
2000-02-03,19.0,18.7,18.87
2000-02-04,19.0,18.72,18.88
2000-02-07,19.0,18.69,18.87
2000-02-08,19.0,18.72,18.87
2000-02-09,19.0,18.69,18.87
2000-02-10,19.0,18.71,18.87
2000-02-11,19.0,18.7,18.86
2000-02-14,19.0,18.7,18.87
2000-02-15,19.0,18.71,18.87
2000-02-16,19.0,18.73,18.87
2000-02-17,19.0,18.7,18.87
2000-02-18,19.0,18.74,18.87
2000-02-21,19.0,18.78,18.87
2000-02-22,19.0,18.76,18.87
2000-02-23,19.0,18.76,18.87
2000-02-24,19.0,18.75,18.87
2000-02-25,19.0,18.74,18.87
2000-02-28,19.0,18.73,18.87
2000-02-29,19.0,18.76,18.87
2000-03-01,19.0,18.75,18.88
2000-03-02,19.0,18.76,18.89
2000-03-03,19.0,18.75,18.88
2000-03-06,19.0,18.75,18.88
2000-03-07,19.0,18.75,18.88
2000-03-08,19.0,18.75,18.87
2000-03-09,19.0,18.76,18.87
2000-03-10,19.0,18.76,18.89
2000-03-13,19.0,18.76,18.88
2000-03-14,19.0,18.78,18.88
2000-03-15,19.0,18.78,18.88
2000-03-16,19.0,18.78,18.88
2000-03-17,19.0,18.76,18.88
2000-03-20,19.0,18.76,18.88
2000-03-21,19.0,18.77,18.87
2000-03-22,19.0,18.59,18.88
2000-03-23,19.0,18.71,18.91
2000-03-24,19.0,18.79,18.94
2000-03-27,19.0,18.78,19.03
2000-03-28,19.0,18.76,18.87
2000-03-29,18.5,18.41,18.6
2000-03-30,18.5,18.38,18.6
2000-03-31,18.5,18.37,18.52
2000-04-03,18.5,18.35,18.49
2000-04-04,18.5,18.36,18.53
2000-04-05,18.5,18.4,18.65
2000-04-06,18.5,18.41,18.66
2000-04-07,18.5,18.4,18.64
2000-04-10,18.5,18.39,18.59
2000-04-11,18.5,18.4,18.65
2000-04-12,18.5,18.41,18.64
2000-04-13,18.5,18.44,18.65
2000-04-14,18.5,18.48,18.64
2000-04-17,18.5,18.48,18.65
2000-04-18,18.5,18.48,18.63
2000-04-19,18.5,18.43,18.54
2000-04-20,18.5,18.47,18.65
2000-04-21,18.5,18.47,18.65
2000-04-24,18.5,18.47,18.62
2000-04-25,18.5,18.47,18.61
2000-04-26,18.5,18.47,18.64
2000-04-27,18.5,18.47,18.65
2000-04-28,18.5,18.47,18.62
2000-05-01,18.5,18.47,18.62
2000-05-02,18.5,18.49,18.6
2000-05-03,18.5,18.49,18.64
2000-05-04,18.5,18.51,18.64
2000-05-05,18.5,18.51,18.64
2000-05-08,18.5,18.48,18.59
2000-05-09,18.5,18.44,18.47
2000-05-10,18.5,18.44,18.47
2000-05-11,18.5,18.44,18.49
2000-05-12,18.5,18.42,18.46
2000-05-15,18.5,18.42,18.47
2000-05-16,18.5,18.42,18.5
2000-05-17,18.5,18.41,18.49
2000-05-18,18.5,18.41,18.48
2000-05-19,18.5,18.41,18.48
2000-05-22,18.5,18.41,18.49
2000-05-23,18.5,18.41,18.49
2000-05-24,18.5,18.42,18.49
2000-05-25,18.5,18.42,18.5
2000-05-26,18.5,18.43,18.5
2000-05-29,18.5,18.42,18.49
2000-05-30,18.5,18.4,18.46
2000-05-31,18.5,18.39,18.44
2000-06-01,18.5,18.38,18.44
2000-06-02,18.5,18.37,18.43
2000-06-05,18.5,18.35,18.41
2000-06-06,18.5,18.32,18.39
2000-06-07,18.5,18.28,18.37
2000-06-08,18.5,18.26,18.35
2000-06-09,18.5,18.26,18.33
2000-06-12,18.5,18.25,18.32
2000-06-13,18.5,18.24,18.32
2000-06-14,18.5,18.23,18.32
2000-06-15,18.5,18.24,18.32
2000-06-16,18.5,18.25,18.33
2000-06-19,18.5,18.24,18.33
2000-06-20,18.5,18.15,18.32
2000-06-21,17.5,17.43,17.51
2000-06-22,17.5,17.43,17.51
2000-06-23,17.5,17.4,17.5
2000-06-26,17.5,17.35,17.46
2000-06-27,17.5,17.32,17.4
2000-06-28,17.5,17.19,17.39
2000-06-29,17.5,17.23,17.34
2000-06-30,17.5,17.21,17.29
2000-07-03,17.5,17.17,17.26
2000-07-04,17.5,17.18,17.22
2000-07-05,17.5,17.2,17.23
2000-07-06,17.5,17.22,17.28
2000-07-07,17.5,17.19,17.28
2000-07-10,17.0,16.94,17.01
2000-07-11,17.0,16.9,16.96
2000-07-12,17.0,16.89,16.98
2000-07-13,17.0,16.88,16.94
2000-07-14,17.0,16.89,16.95
2000-07-17,17.0,16.89,16.95
2000-07-18,17.0,16.88,16.94
2000-07-19,17.0,16.83,16.91
2000-07-20,16.5,16.49,16.58
2000-07-21,16.5,16.47,16.52
2000-07-24,16.5,16.45,16.53
2000-07-25,16.5,16.43,16.49
2000-07-26,16.5,16.42,16.49
2000-07-27,16.5,16.41,16.47
2000-07-28,16.5,16.4,16.44
2000-07-31,16.5,16.38,16.39
2000-08-01,16.5,16.37,16.4
2000-08-02,16.5,16.37,16.44
2000-08-03,16.5,16.37,16.43
2000-08-04,16.5,16.37,16.44
2000-08-07,16.5,16.38,16.48
2000-08-08,16.5,16.39,16.49
2000-08-09,16.5,16.38,16.54
2000-08-10,16.5,16.4,16.56
2000-08-11,16.5,16.43,16.6
2000-08-14,16.5,16.45,16.6
2000-08-15,16.5,16.41,16.47
2000-08-16,16.5,16.39,16.44
2000-08-17,16.5,16.41,16.53
2000-08-18,16.5,16.42,16.6
2000-08-21,16.5,16.48,16.57
2000-08-22,16.5,16.41,16.59
2000-08-23,16.5,16.15,16.56
2000-08-24,16.5,16.38,16.6
2000-08-25,16.5,16.41,16.6
2000-08-28,16.5,16.42,16.6
2000-08-29,16.5,16.43,16.6
2000-08-30,16.5,16.41,16.47
2000-08-31,16.5,16.37,16.41
2000-09-01,16.5,16.36,16.4
2000-09-04,16.5,16.39,16.4
2000-09-05,16.5,16.4,16.39
2000-09-06,16.5,16.44,16.53
2000-09-07,16.5,16.44,16.53
2000-09-08,16.5,16.45,16.55
2000-09-11,16.5,16.49,16.58
2000-09-12,16.5,16.49,16.59
2000-09-13,16.5,16.5,16.6
2000-09-14,16.5,16.51,16.6
2000-09-15,16.5,16.5,16.6
2000-09-18,16.5,16.5,16.6
2000-09-19,16.5,16.49,16.59
2000-09-20,16.5,16.49,16.6
2000-09-21,16.5,16.5,16.6
2000-09-22,16.5,16.49,16.6
2000-09-25,16.5,16.48,16.6
2000-09-26,16.5,16.46,16.6
2000-09-27,16.5,16.43,16.59
2000-09-28,16.5,16.44,16.59
2000-09-29,16.5,16.49,16.6
2000-10-02,16.5,16.5,16.59
2000-10-03,16.5,16.49,16.57
2000-10-04,16.5,16.51,16.6
2000-10-05,16.5,16.51,16.59
2000-10-06,16.5,16.48,16.6
2000-10-09,16.5,16.48,16.59
2000-10-10,16.5,16.47,16.59
2000-10-11,16.5,16.45,16.6
2000-10-12,16.5,16.45,16.6
2000-10-13,16.5,16.47,16.6
2000-10-16,16.5,16.48,16.6
2000-10-17,16.5,16.48,16.6
2000-10-18,16.5,16.48,16.6
2000-10-19,16.5,16.48,16.6
2000-10-20,16.5,16.49,16.6
2000-10-23,16.5,16.48,16.6
2000-10-24,16.5,16.47,16.6
2000-10-25,16.5,16.47,16.6
2000-10-26,16.5,16.48,16.6
2000-10-27,16.5,16.48,16.6
2000-10-30,16.5,16.48,16.6
2000-10-31,16.5,16.49,16.59
2000-11-01,16.5,16.47,16.53
2000-11-02,16.5,16.47,16.53
2000-11-03,16.5,16.44,16.45
2000-11-06,16.5,16.4,16.4
2000-11-07,16.5,16.42,16.44
2000-11-08,16.5,16.46,16.5
2000-11-09,16.5,16.47,16.54
2000-11-10,16.5,16.48,16.6
2000-11-13,16.5,16.48,16.6
2000-11-14,16.5,16.49,16.6
2000-11-15,16.5,16.49,16.6
2000-11-16,16.5,16.49,16.6
2000-11-17,16.5,16.5,16.6
2000-11-20,16.5,16.49,16.6
2000-11-21,16.5,16.49,16.59
2000-11-22,16.5,16.42,16.45
2000-11-23,16.5,16.42,16.46
2000-11-24,16.5,16.41,16.43
2000-11-27,16.5,16.4,16.45
2000-11-28,16.5,16.41,16.47
2000-11-29,16.5,16.38,16.42
2000-11-30,16.5,16.36,16.4
2000-12-01,16.5,16.37,16.4
2000-12-04,16.5,16.36,16.38
2000-12-05,16.5,16.36,16.37
2000-12-06,16.5,16.35,16.37
2000-12-07,16.5,16.34,16.36
2000-12-08,16.5,16.34,16.36
2000-12-11,16.5,16.33,16.35
2000-12-12,16.5,16.32,16.34
2000-12-13,16.5,16.31,16.35
2000-12-14,16.5,16.3,16.34
2000-12-15,16.5,16.3,16.33
2000-12-18,16.5,16.28,16.32
2000-12-19,16.5,16.26,16.31
2000-12-20,16.5,16.02,16.31
2000-12-21,15.75,15.74,15.82
2000-12-22,15.75,15.73,15.82
2000-12-25,15.75,15.73,15.82
2000-12-26,15.75,15.72,15.83
2000-12-27,15.75,15.7,15.8
2000-12-28,15.75,15.72,15.84
2000-12-29,15.75,15.72,15.84
2001-01-01,15.75,15.72,15.84
2001-01-02,15.75,15.73,15.85
2001-01-03,15.75,15.7,15.79
2001-01-04,15.75,15.69,15.83
2001-01-05,15.75,15.7,15.8
2001-01-08,15.75,15.69,15.8
2001-01-09,15.75,15.69,15.8
2001-01-10,15.75,15.63,15.66
2001-01-11,15.75,15.61,15.65
2001-01-12,15.75,15.59,15.65
2001-01-15,15.75,15.58,15.65
2001-01-16,15.75,15.59,15.65
2001-01-17,15.75,15.28,15.59
2001-01-18,15.25,15.2,15.31
2001-01-19,15.25,15.2,15.3
2001-01-22,15.25,15.18,15.29
2001-01-23,15.25,15.15,15.24
2001-01-24,15.25,15.17,15.17
2001-01-25,15.25,15.18,15.16
2001-01-26,15.25,15.12,15.15
2001-01-29,15.25,15.09,15.15
2001-01-30,15.25,15.08,15.14
2001-01-31,15.25,15.04,15.12
2001-02-01,15.25,15.03,15.12
2001-02-02,15.25,15.02,15.1
2001-02-05,15.25,15.04,15.1
2001-02-06,15.25,15.05,15.15
2001-02-07,15.25,15.08,15.21
2001-02-08,15.25,15.1,15.26
2001-02-09,15.25,15.12,15.28
2001-02-12,15.25,15.1,15.24
2001-02-13,15.25,15.08,15.15
2001-02-14,15.25,14.99,15.07
2001-02-15,15.25,15.17,15.26
2001-02-16,15.25,15.17,15.23
2001-02-19,15.25,15.14,15.17
2001-02-20,15.25,15.15,15.31
2001-02-21,15.25,15.15,15.26
2001-02-22,15.25,15.15,15.26
2001-02-23,15.25,15.14,15.29
2001-02-26,15.25,15.14,15.29
2001-02-27,15.25,15.14,15.29
2001-02-28,15.25,15.12,15.14
2001-03-01,15.25,15.09,15.12
2001-03-02,15.25,15.09,15.11
2001-03-05,15.25,15.09,15.17
2001-03-06,15.25,15.08,15.12
2001-03-07,15.25,15.07,15.19
2001-03-08,15.25,15.07,15.21
2001-03-09,15.25,15.05,15.11
2001-03-12,15.25,15.05,15.09
2001-03-13,15.25,15.06,15.13
2001-03-14,15.25,15.06,15.13
2001-03-15,15.25,15.06,15.11
2001-03-16,15.25,15.12,15.24
2001-03-19,15.25,15.14,15.32
2001-03-20,15.25,15.18,15.35
2001-03-21,15.25,15.18,15.35
2001-03-22,15.75,15.72,15.85
2001-03-23,15.75,15.73,15.85
2001-03-26,15.75,15.72,15.85
2001-03-27,15.75,15.72,15.85
2001-03-28,15.75,15.71,15.85
2001-03-29,15.75,15.71,15.84
2001-03-30,15.75,15.72,15.84
2001-04-02,15.75,15.72,15.83
2001-04-03,15.75,15.73,15.81
2001-04-04,15.75,15.72,15.81
2001-04-05,15.75,15.71,15.82
2001-04-06,15.75,15.72,15.83
2001-04-09,15.75,15.71,15.81
2001-04-10,15.75,15.74,15.84
2001-04-11,15.75,15.73,15.82
2001-04-12,15.75,15.73,15.85
2001-04-13,15.75,15.73,15.85
2001-04-16,15.75,15.75,15.85
2001-04-17,15.75,15.75,15.85
2001-04-18,15.75,15.82,15.87
2001-04-19,16.25,16.23,16.35
2001-04-20,16.25,16.23,16.3
2001-04-23,16.25,16.23,16.3
2001-04-24,16.25,16.23,16.31
2001-04-25,16.25,16.23,16.3
2001-04-26,16.25,16.23,16.31
2001-04-27,16.25,16.25,16.29
2001-04-30,16.25,16.23,16.28
2001-05-01,16.25,16.23,16.28
2001-05-02,16.25,16.22,16.25
2001-05-03,16.25,16.21,16.26
2001-05-04,16.25,16.23,16.29
2001-05-07,16.25,16.23,16.28
2001-05-08,16.25,16.24,16.3
2001-05-09,16.25,16.25,16.28
2001-05-10,16.25,16.25,16.3
2001-05-11,16.25,16.25,16.28
2001-05-14,16.25,16.24,16.3
2001-05-15,16.25,16.25,16.3
2001-05-16,16.25,16.24,16.3
2001-05-17,16.25,16.25,16.29
2001-05-18,16.25,16.25,16.3
2001-05-21,16.25,16.24,16.3
2001-05-22,16.25,16.25,16.3
2001-05-23,16.25,16.61,16.33
2001-05-24,16.75,16.72,16.77
2001-05-25,16.75,16.75,16.8
2001-05-28,16.75,16.76,16.8
2001-05-29,16.75,16.77,16.8
2001-05-30,16.75,16.77,16.8
2001-05-31,16.75,16.76,16.8
2001-06-01,16.75,16.77,16.81
2001-06-04,16.75,16.76,16.8
2001-06-05,16.75,16.75,16.78
2001-06-06,16.75,16.73,16.75
2001-06-07,16.75,16.71,16.73
2001-06-08,16.75,16.67,16.69
2001-06-11,16.75,16.64,16.65
2001-06-12,16.75,16.66,16.63
2001-06-13,16.75,16.64,16.67
2001-06-14,16.75,16.64,16.67
2001-06-15,16.75,16.67,16.65
2001-06-18,16.75,16.75,16.79
2001-06-19,16.75,16.78,16.8
2001-06-20,16.75,17.22,16.87
2001-06-21,18.25,18.26,18.29
2001-06-22,18.25,18.27,18.27
2001-06-25,18.25,18.27,18.3
2001-06-26,18.25,18.26,18.3
2001-06-27,18.25,18.28,18.31
2001-06-28,18.25,18.28,18.31
2001-06-29,18.25,18.28,18.32
2001-07-02,18.25,18.29,18.32
2001-07-03,18.25,18.3,18.31
2001-07-04,18.25,18.3,18.32
2001-07-05,18.25,18.3,18.31
2001-07-06,18.25,18.32,18.32
2001-07-09,18.25,18.31,18.3
2001-07-10,18.25,18.33,18.32
2001-07-11,18.25,18.43,18.33
2001-07-12,18.25,18.48,18.32
2001-07-13,18.25,18.44,18.32
2001-07-16,18.25,18.4,18.33
2001-07-17,18.25,18.37,18.3
2001-07-18,19.0,18.7,18.37
2001-07-19,19.0,18.95,19.0
2001-07-20,19.0,18.97,19.0
2001-07-23,19.0,18.94,18.95
2001-07-24,19.0,18.95,18.9
2001-07-25,19.0,18.95,18.93
2001-07-26,19.0,18.92,18.89
2001-07-27,19.0,18.96,18.88
2001-07-30,19.0,18.96,18.9
2001-07-31,19.0,18.96,18.88
2001-08-01,19.0,18.97,18.88
2001-08-02,19.0,18.96,18.88
2001-08-03,19.0,18.97,18.89
2001-08-06,19.0,18.98,18.92
2001-08-07,19.0,19.0,19.02
2001-08-08,19.0,19.0,19.0
2001-08-09,19.0,19.0,19.0
2001-08-10,19.0,18.99,19.0
2001-08-13,19.0,19.01,18.99
2001-08-14,19.0,19.01,18.99
2001-08-15,19.0,19.01,18.97
2001-08-16,19.0,19.02,19.03
2001-08-17,19.0,19.03,19.04
2001-08-20,19.0,19.03,19.05
2001-08-21,19.0,19.04,19.06
2001-08-22,19.0,19.06,19.03
2001-08-23,19.0,19.03,19.03
2001-08-24,19.0,19.04,19.03
2001-08-27,19.0,19.03,19.03
2001-08-28,19.0,19.02,19.01
2001-08-29,19.0,19.0,18.99
2001-08-30,19.0,19.02,19.01
2001-08-31,19.0,19.04,19.05
2001-09-03,19.0,19.04,19.05
2001-09-04,19.0,19.02,19.05
2001-09-05,19.0,19.02,19.06
2001-09-06,19.0,19.02,19.06
2001-09-07,19.0,19.02,19.06
2001-09-10,19.0,19.04,19.07
2001-09-11,19.0,19.03,19.05
2001-09-12,19.0,19.03,19.05
2001-09-13,19.0,19.02,19.06
2001-09-14,19.0,19.04,19.06
2001-09-17,19.0,19.04,19.06
2001-09-18,19.0,19.04,19.06
2001-09-19,19.0,19.03,19.06
2001-09-20,19.0,19.03,19.06
2001-09-21,19.0,19.05,19.06
2001-09-24,19.0,19.04,19.07
2001-09-25,19.0,19.06,19.07
2001-09-26,19.0,19.08,19.08
2001-09-27,19.0,19.09,19.09
2001-09-28,19.0,19.09,19.1
2001-10-01,19.0,19.1,19.1
2001-10-02,19.0,19.11,19.11
2001-10-03,19.0,19.11,19.11
2001-10-04,19.0,19.09,19.1
2001-10-05,19.0,19.08,19.09
2001-10-08,19.0,19.07,19.07
2001-10-09,19.0,19.06,19.06
2001-10-10,19.0,19.04,19.05
2001-10-11,19.0,19.04,19.05
2001-10-12,19.0,19.04,19.05
2001-10-15,19.0,19.04,19.05
2001-10-16,19.0,19.03,19.05
2001-10-17,19.0,19.02,19.05
2001-10-18,19.0,19.04,19.05
2001-10-19,19.0,19.03,19.05
2001-10-22,19.0,19.03,19.05
2001-10-23,19.0,19.04,19.05
2001-10-24,19.0,19.04,19.05
2001-10-25,19.0,19.03,19.05
2001-10-26,19.0,19.02,19.05
2001-10-29,19.0,19.04,19.05
2001-10-30,19.0,19.03,19.05
2001-10-31,19.0,19.03,19.05
2001-11-01,19.0,19.03,19.05
2001-11-02,19.0,19.03,19.05
2001-11-05,19.0,19.04,19.05
2001-11-06,19.0,19.04,19.04
2001-11-07,19.0,19.05,19.05
2001-11-08,19.0,19.04,19.04
2001-11-09,19.0,19.05,19.04
2001-11-12,19.0,19.05,19.05
2001-11-13,19.0,19.04,19.05
2001-11-14,19.0,19.05,19.05
2001-11-15,19.0,19.05,19.05
2001-11-16,19.0,19.05,19.05
2001-11-19,19.0,19.05,19.05
2001-11-20,19.0,19.05,19.05
2001-11-21,19.0,19.03,19.05
2001-11-22,19.0,19.05,19.05
2001-11-23,19.0,19.05,19.05
2001-11-26,19.0,19.05,19.05
2001-11-27,19.0,19.05,19.05
2001-11-28,19.0,19.05,19.05
2001-11-29,19.0,19.05,19.05
2001-11-30,19.0,19.06,19.05
2001-12-03,19.0,19.06,19.05
2001-12-04,19.0,19.06,19.05
2001-12-05,19.0,19.08,19.05
2001-12-06,19.0,19.07,19.05
2001-12-07,19.0,19.07,19.05
2001-12-10,19.0,19.06,19.05
2001-12-11,19.0,19.07,19.05
2001-12-12,19.0,19.06,19.05
2001-12-13,19.0,19.04,19.05
2001-12-14,19.0,19.04,19.05
2001-12-17,19.0,19.05,19.05
2001-12-18,19.0,19.05,19.05
2001-12-19,19.0,19.05,19.05
2001-12-20,19.0,19.05,19.05
2001-12-21,19.0,19.06,19.05
2001-12-24,19.0,19.06,19.05
2001-12-25,19.0,19.06,19.05
2001-12-26,19.0,19.03,19.05
2001-12-27,19.0,19.02,19.05
2001-12-28,19.0,19.02,19.05
2001-12-31,19.0,19.02,19.05
2002-01-01,19.0,19.02,19.05
2002-01-02,19.0,19.02,19.05
2002-01-03,19.0,19.02,19.05
2002-01-04,19.0,19.03,19.05
2002-01-07,19.0,19.03,19.05
2002-01-08,19.0,19.02,19.05
2002-01-09,19.0,19.03,19.05
2002-01-10,19.0,19.03,19.05
2002-01-11,19.0,19.02,19.05
2002-01-14,19.0,19.02,19.05
2002-01-15,19.0,19.02,19.05
2002-01-16,19.0,19.02,19.05
2002-01-17,19.0,19.02,19.05
2002-01-18,19.0,19.02,19.05
2002-01-21,19.0,19.03,19.05
2002-01-22,19.0,19.02,19.05
2002-01-23,19.0,19.01,19.05
2002-01-24,19.0,19.02,19.05
2002-01-25,19.0,19.02,19.05
2002-01-28,19.0,19.02,19.05
2002-01-29,19.0,19.02,19.05
2002-01-30,19.0,19.02,19.05
2002-01-31,19.0,19.03,19.05
2002-02-01,19.0,19.04,19.05
2002-02-04,19.0,19.04,19.05
2002-02-05,19.0,19.04,19.05
2002-02-06,19.0,19.04,19.05
2002-02-07,19.0,19.04,19.05
2002-02-08,19.0,19.04,19.05
2002-02-11,19.0,19.04,19.05
2002-02-12,19.0,19.04,19.05
2002-02-13,19.0,19.04,19.05
2002-02-14,19.0,19.04,19.05
2002-02-15,19.0,19.04,19.05
2002-02-18,19.0,19.04,19.05
2002-02-19,19.0,19.03,19.05
2002-02-20,19.0,19.02,19.05
2002-02-21,18.75,18.78,18.8
2002-02-22,18.75,18.78,18.8
2002-02-25,18.75,18.79,18.8
2002-02-26,18.75,18.78,18.8
2002-02-27,18.75,18.8,18.8
2002-02-28,18.75,18.79,18.79
2002-03-01,18.75,18.79,18.8
2002-03-04,18.75,18.79,18.8
2002-03-05,18.75,18.79,18.8
2002-03-06,18.75,18.79,18.8
2002-03-07,18.75,18.79,18.8
2002-03-08,18.75,18.79,18.8
2002-03-11,18.75,18.79,18.8
2002-03-12,18.75,18.79,18.8
2002-03-13,18.75,18.79,18.8
2002-03-14,18.75,18.79,18.8
2002-03-15,18.75,18.79,18.8
2002-03-18,18.75,18.79,18.8
2002-03-19,18.75,18.79,18.8
2002-03-20,18.75,18.46,18.79
2002-03-21,18.5,18.54,18.55
2002-03-22,18.5,18.54,18.54
2002-03-25,18.5,18.55,18.55
2002-03-26,18.5,18.56,18.55
2002-03-27,18.5,18.56,18.54
2002-03-28,18.5,18.55,18.52
2002-03-29,18.5,18.55,18.52
2002-04-01,18.5,18.52,18.47
2002-04-02,18.5,18.46,18.4
2002-04-03,18.5,18.42,18.4
2002-04-04,18.5,18.41,18.4
2002-04-05,18.5,18.4,18.4
2002-04-08,18.5,18.39,18.4
2002-04-09,18.5,18.39,18.4
2002-04-10,18.5,18.39,18.4
2002-04-11,18.5,18.39,18.4
2002-04-12,18.5,18.39,18.4
2002-04-15,18.5,18.39,18.4
2002-04-16,18.5,18.39,18.4
2002-04-17,18.5,18.34,18.4
2002-04-18,18.5,18.38,18.4
2002-04-19,18.5,18.39,18.39
2002-04-22,18.5,18.35,18.38
2002-04-23,18.5,18.34,18.35
2002-04-24,18.5,18.33,18.34
2002-04-25,18.5,18.33,18.37
2002-04-26,18.5,18.3,18.36
2002-04-29,18.5,18.25,18.28
2002-04-30,18.5,18.12,18.11
2002-05-01,18.5,18.12,18.11
2002-05-02,18.5,18.27,18.37
2002-05-03,18.5,18.25,18.34
2002-05-06,18.5,18.21,18.33
2002-05-07,18.5,18.13,18.28
2002-05-08,18.5,18.02,18.27
2002-05-09,18.5,18.09,18.34
2002-05-10,18.5,18.19,18.37
2002-05-13,18.5,18.29,18.4
2002-05-14,18.5,18.34,18.41
2002-05-15,18.5,18.35,18.42
2002-05-16,18.5,18.33,18.42
2002-05-17,18.5,18.33,18.41
2002-05-20,18.5,18.29,18.41
2002-05-21,18.5,18.13,18.4
2002-05-22,18.5,18.15,18.37
2002-05-23,18.5,18.3,18.41
2002-05-24,18.5,18.34,18.42
2002-05-27,18.5,18.31,18.41
2002-05-28,18.5,18.24,18.41
2002-05-29,18.5,18.06,18.33
2002-05-30,18.5,18.06,18.33
2002-05-31,18.5,17.73,18.16
2002-06-03,18.5,16.9,17.31
2002-06-04,18.5,13.69,15.9
2002-06-05,18.5,16.2,16.87
2002-06-06,18.5,17.3,18.0
2002-06-07,18.5,17.84,18.23
2002-06-10,18.5,18.08,18.31
2002-06-11,18.5,18.13,18.34
2002-06-12,18.5,18.06,18.29
2002-06-13,18.5,17.95,18.32
2002-06-14,18.5,18.25,18.38
2002-06-17,18.5,18.37,18.4
2002-06-18,18.5,18.34,18.4
2002-06-19,18.5,18.38,18.4
2002-06-20,18.5,18.4,18.41
2002-06-21,18.5,18.39,18.41
2002-06-24,18.5,18.39,18.41
2002-06-25,18.5,18.44,18.41
2002-06-26,18.5,18.45,18.41
2002-06-27,18.5,18.42,18.41
2002-06-28,18.5,18.45,18.41
2002-07-01,18.5,18.43,18.41
2002-07-02,18.5,18.36,18.4
2002-07-03,18.5,18.37,18.4
2002-07-04,18.5,18.3,18.39
2002-07-05,18.5,18.38,18.39
2002-07-08,18.5,18.43,18.41
2002-07-09,18.5,18.44,18.41
2002-07-10,18.5,18.4,18.4
2002-07-11,18.5,18.36,18.4
2002-07-12,18.5,18.25,18.39
2002-07-15,18.5,18.33,18.39
2002-07-16,18.5,18.35,18.39
2002-07-17,18.5,18.23,18.39
2002-07-18,18.0,17.89,17.89
2002-07-19,18.0,17.86,17.89
2002-07-22,18.0,17.87,17.89
2002-07-23,18.0,17.84,17.89
2002-07-24,18.0,17.92,17.87
2002-07-25,18.0,17.88,17.87
2002-07-26,18.0,17.9,17.87
2002-07-29,18.0,17.9,17.86
2002-07-30,18.0,17.88,17.84
2002-07-31,18.0,17.86,17.87
2002-08-01,18.0,17.85,17.83
2002-08-02,18.0,17.88,17.84
2002-08-05,18.0,17.84,17.87
2002-08-06,18.0,17.91,17.87
2002-08-07,18.0,17.9,17.86
2002-08-08,18.0,17.89,17.83
2002-08-09,18.0,17.89,17.83
2002-08-12,18.0,17.84,17.83
2002-08-13,18.0,17.9,17.82
2002-08-14,18.0,17.85,17.87
2002-08-15,18.0,17.86,17.87
2002-08-16,18.0,17.88,17.82
2002-08-19,18.0,17.89,17.82
2002-08-20,18.0,17.89,17.87
2002-08-21,18.0,17.89,17.87
2002-08-22,18.0,17.77,17.82
2002-08-23,18.0,17.82,17.81
2002-08-26,18.0,17.85,17.81
2002-08-27,18.0,17.87,17.81
2002-08-28,18.0,17.88,17.87
2002-08-29,18.0,17.88,17.83
2002-08-30,18.0,17.87,17.82
2002-09-02,18.0,17.91,17.87
2002-09-03,18.0,17.92,17.87
2002-09-04,18.0,17.86,17.87
2002-09-05,18.0,17.88,17.88
2002-09-06,18.0,17.87,17.89
2002-09-09,18.0,17.88,17.9
2002-09-10,18.0,17.89,17.9
2002-09-11,18.0,17.89,17.9
2002-09-12,18.0,17.88,17.9
2002-09-13,18.0,17.88,17.9
2002-09-16,18.0,17.89,17.9
2002-09-17,18.0,17.88,17.9
2002-09-18,18.0,17.9,17.9
2002-09-19,18.0,17.89,17.9
2002-09-20,18.0,17.89,17.9
2002-09-23,18.0,17.9,17.9
2002-09-24,18.0,17.87,17.9
2002-09-25,18.0,17.88,17.9
2002-09-26,18.0,17.88,17.9
2002-09-27,18.0,17.89,17.9
2002-09-30,18.0,17.9,17.9
2002-10-01,18.0,17.89,17.9
2002-10-02,18.0,17.9,17.9
2002-10-03,18.0,17.89,17.9
2002-10-04,18.0,17.86,17.9
2002-10-07,18.0,17.85,17.9
2002-10-08,18.0,17.84,17.9
2002-10-09,18.0,17.84,17.9
2002-10-10,18.0,17.85,17.9
2002-10-11,18.0,17.84,17.9
2002-10-14,18.0,17.88,17.9
2002-10-15,21.0,20.87,20.9
2002-10-16,21.0,20.86,20.9
2002-10-17,21.0,20.84,20.9
2002-10-18,21.0,20.84,20.9
2002-10-21,21.0,20.84,20.9
2002-10-22,21.0,20.83,20.9
2002-10-23,21.0,20.81,20.9
2002-10-24,21.0,20.82,20.9
2002-10-25,21.0,20.81,20.9
2002-10-28,21.0,20.81,20.9
2002-10-29,21.0,20.79,20.9
2002-10-30,21.0,20.81,20.9
2002-10-31,21.0,20.79,20.9
2002-11-01,21.0,20.8,20.9
2002-11-04,21.0,20.81,20.9
2002-11-05,21.0,20.82,20.9
2002-11-06,21.0,20.83,20.9
2002-11-07,21.0,20.83,20.9
2002-11-08,21.0,20.83,20.9
2002-11-11,21.0,20.82,20.9
2002-11-12,21.0,20.82,20.9
2002-11-13,21.0,20.79,20.9
2002-11-14,21.0,20.79,20.9
2002-11-15,21.0,20.79,20.9
2002-11-18,21.0,20.78,20.9
2002-11-19,21.0,20.78,20.9
2002-11-20,21.0,20.79,20.9
2002-11-21,22.0,21.6,21.9
2002-11-22,22.0,21.7,21.9
2002-11-25,22.0,21.77,21.9
2002-11-26,22.0,21.82,21.9
2002-11-27,22.0,21.83,21.9
2002-11-28,22.0,21.81,21.9
2002-11-29,22.0,21.75,21.9
2002-12-02,22.0,21.81,21.9
2002-12-03,22.0,21.84,21.9
2002-12-04,22.0,21.83,21.9
2002-12-05,22.0,21.84,21.9
2002-12-06,22.0,21.84,21.9
2002-12-09,22.0,21.82,21.9
2002-12-10,22.0,21.8,21.9
2002-12-11,22.0,21.76,21.9
2002-12-12,22.0,21.75,21.9
2002-12-13,22.0,21.74,21.9
2002-12-16,22.0,21.74,21.9
2002-12-17,22.0,21.73,21.9
2002-12-18,22.0,21.73,21.9
2002-12-19,25.0,24.73,24.9
2002-12-20,25.0,24.75,24.9
2002-12-23,25.0,24.76,24.9
2002-12-24,25.0,24.73,24.9
2002-12-25,25.0,24.73,24.9
2002-12-26,25.0,24.74,24.9
2002-12-27,25.0,24.77,24.9
2002-12-30,25.0,24.81,24.9
2002-12-31,25.0,24.83,24.9
2003-01-01,25.0,24.83,24.9
2003-01-02,25.0,24.82,24.9
2003-01-03,25.0,24.81,24.9
2003-01-06,25.0,24.83,24.9
2003-01-07,25.0,24.83,24.9
2003-01-08,25.0,24.82,24.9
2003-01-09,25.0,24.81,24.9
2003-01-10,25.0,24.81,24.9
2003-01-13,25.0,24.8,24.9
2003-01-14,25.0,24.81,24.9
2003-01-15,25.0,24.83,24.9
2003-01-16,25.0,24.85,24.9
2003-01-17,25.0,24.85,24.9
2003-01-20,25.0,24.84,24.9
2003-01-21,25.0,24.84,24.9
2003-01-22,25.0,24.85,24.9
2003-01-23,25.5,25.28,25.4
2003-01-24,25.5,25.32,25.4
2003-01-27,25.5,25.33,25.4
2003-01-28,25.5,25.22,25.4
2003-01-29,25.5,25.31,25.4
2003-01-30,25.5,25.33,25.39
2003-01-31,25.5,25.28,25.38
2003-02-03,25.5,25.33,25.38
2003-02-04,25.5,25.35,25.4
2003-02-05,25.5,25.37,25.39
2003-02-06,25.5,25.37,25.38
2003-02-07,25.5,25.35,25.37
2003-02-10,25.5,25.34,25.36
2003-02-11,25.5,25.33,25.35
2003-02-12,25.5,25.28,25.34
2003-02-13,25.5,25.27,25.32
2003-02-14,25.5,25.29,25.33
2003-02-17,25.5,25.32,25.32
2003-02-18,25.5,25.29,25.29
2003-02-19,25.5,25.3,25.3
2003-02-20,26.5,26.07,26.26
2003-02-21,26.5,26.19,26.29
2003-02-24,26.5,26.22,26.32
2003-02-25,26.5,26.23,26.31
2003-02-26,26.5,26.23,26.29
2003-02-27,26.5,26.24,26.27
2003-02-28,26.5,26.28,26.28
2003-03-03,26.5,26.28,26.28
2003-03-04,26.5,26.28,26.28
2003-03-05,26.5,26.3,26.29
2003-03-06,26.5,26.29,26.28
2003-03-07,26.5,26.29,26.29
2003-03-10,26.5,26.32,26.29
2003-03-11,26.5,26.3,26.3
2003-03-12,26.5,26.29,26.3
2003-03-13,26.5,26.27,26.31
2003-03-14,26.5,26.27,26.31
2003-03-17,26.5,26.27,26.32
2003-03-18,26.5,26.24,26.32
2003-03-19,26.5,26.23,26.34
2003-03-20,26.5,26.24,26.34
2003-03-21,26.5,26.23,26.35
2003-03-24,26.5,26.22,26.33
2003-03-25,26.5,26.19,26.33
2003-03-26,26.5,26.2,26.34
2003-03-27,26.5,26.19,26.33
2003-03-28,26.5,26.22,26.32
2003-03-31,26.5,26.23,26.32
2003-04-01,26.5,26.21,26.32
2003-04-02,26.5,26.21,26.31
2003-04-03,26.5,26.21,26.31
2003-04-04,26.5,26.21,26.32
2003-04-07,26.5,26.22,26.32
2003-04-08,26.5,26.22,26.32
2003-04-09,26.5,26.21,26.32
2003-04-10,26.5,26.19,26.32
2003-04-11,26.5,26.2,26.32
2003-04-14,26.5,26.2,26.32
2003-04-15,26.5,26.21,26.32
2003-04-16,26.5,26.27,26.32
2003-04-17,26.5,26.29,26.32
2003-04-18,26.5,26.29,26.32
2003-04-21,26.5,26.29,26.32
2003-04-22,26.5,26.28,26.32
2003-04-23,26.5,26.28,26.32
2003-04-24,26.5,26.25,26.32
2003-04-25,26.5,26.22,26.32
2003-04-28,26.5,26.23,26.32
2003-04-29,26.5,26.23,26.32
2003-04-30,26.5,26.28,26.32
2003-05-01,26.5,26.28,26.32
2003-05-02,26.5,26.29,26.32
2003-05-05,26.5,26.28,26.32
2003-05-06,26.5,26.25,26.32
2003-05-07,26.5,26.24,26.32
2003-05-08,26.5,26.23,26.32
2003-05-09,26.5,26.23,26.32
2003-05-12,26.5,26.22,26.32
2003-05-13,26.5,26.21,26.32
2003-05-14,26.5,26.23,26.32
2003-05-15,26.5,26.2,26.32
2003-05-16,26.5,26.25,26.32
2003-05-19,26.5,26.26,26.32
2003-05-20,26.5,26.24,26.32
2003-05-21,26.5,26.2,26.31
2003-05-22,26.5,26.18,26.31
2003-05-23,26.5,26.19,26.3
2003-05-26,26.5,26.19,26.29
2003-05-27,26.5,26.18,26.28
2003-05-28,26.5,26.17,26.28
2003-05-29,26.5,26.18,26.27
2003-05-30,26.5,26.18,26.27
2003-06-02,26.5,26.19,26.26
2003-06-03,26.5,26.2,26.26
2003-06-04,26.5,26.18,26.26
2003-06-05,26.5,26.19,26.26
2003-06-06,26.5,26.18,26.27
2003-06-09,26.5,26.18,26.27
2003-06-10,26.5,26.18,26.27
2003-06-11,26.5,26.17,26.27
2003-06-12,26.5,26.16,26.26
2003-06-13,26.5,26.16,26.26
2003-06-16,26.5,26.16,26.26
2003-06-17,26.5,26.16,26.26
2003-06-18,26.5,26.14,26.25
2003-06-19,26.5,26.14,26.25
2003-06-20,26.0,25.66,25.76
2003-06-23,26.0,25.65,25.76
2003-06-24,26.0,25.66,25.76
2003-06-25,26.0,25.66,25.76
2003-06-26,26.0,25.66,25.76
2003-06-27,26.0,25.67,25.76
2003-06-30,26.0,25.68,25.76
2003-07-01,26.0,25.65,25.76
2003-07-02,26.0,25.65,25.76
2003-07-03,26.0,25.64,25.76
2003-07-04,26.0,25.63,25.76
2003-07-07,26.0,25.62,25.76
2003-07-08,26.0,25.63,25.75
2003-07-09,26.0,25.63,25.75
2003-07-10,26.0,25.61,25.75
2003-07-11,26.0,25.61,25.75
2003-07-14,26.0,25.62,25.74
2003-07-15,26.0,25.63,25.74
2003-07-16,26.0,25.62,25.74
2003-07-17,26.0,25.6,25.73
2003-07-18,26.0,25.63,25.73
2003-07-21,26.0,25.6,25.71
2003-07-22,26.0,25.58,25.7
2003-07-23,26.0,25.56,25.63
2003-07-24,24.5,24.18,24.29
2003-07-25,24.5,24.19,24.29
2003-07-28,24.5,24.18,24.3
2003-07-29,24.5,24.18,24.3
2003-07-30,24.5,24.19,24.3
2003-07-31,24.5,24.21,24.3
2003-08-01,24.5,24.21,24.33
2003-08-04,24.5,24.24,24.34
2003-08-05,24.5,24.24,24.35
2003-08-06,24.5,24.24,24.35
2003-08-07,24.5,24.22,24.36
2003-08-08,24.5,24.24,24.36
2003-08-11,24.5,24.25,24.36
2003-08-12,24.5,24.25,24.35
2003-08-13,24.5,24.23,24.35
2003-08-14,24.5,24.2,24.34
2003-08-15,24.5,24.2,24.33
2003-08-18,24.5,24.21,24.33
2003-08-19,24.5,24.2,24.34
2003-08-20,24.5,23.87,24.21
2003-08-21,22.0,21.71,21.83
2003-08-22,22.0,21.68,21.84
2003-08-25,22.0,21.67,21.84
2003-08-26,22.0,21.66,21.84
2003-08-27,22.0,21.69,21.84
2003-08-28,22.0,21.7,21.83
2003-08-29,22.0,21.69,21.83
2003-09-01,22.0,21.69,21.83
2003-09-02,22.0,21.69,21.83
2003-09-03,22.0,21.7,21.84
2003-09-04,22.0,21.7,21.84
2003-09-05,22.0,21.71,21.84
2003-09-08,22.0,21.71,21.84
2003-09-09,22.0,21.72,21.84
2003-09-10,22.0,21.72,21.84
2003-09-11,22.0,21.72,21.84
2003-09-12,22.0,21.73,21.84
2003-09-15,22.0,21.71,21.84
2003-09-16,22.0,21.67,21.84
2003-09-17,22.0,21.59,21.83
2003-09-18,20.0,19.69,19.85
2003-09-19,20.0,19.68,19.85
2003-09-22,20.0,19.7,19.85
2003-09-23,20.0,19.72,19.85
2003-09-24,20.0,19.72,19.85
2003-09-25,20.0,19.71,19.85
2003-09-26,20.0,19.71,19.85
2003-09-29,20.0,19.71,19.84
2003-09-30,20.0,19.71,19.84
2003-10-01,20.0,19.72,19.83
2003-10-02,20.0,19.73,19.83
2003-10-03,20.0,19.73,19.84
2003-10-06,20.0,19.72,19.84
2003-10-07,20.0,19.72,19.84
2003-10-08,20.0,19.72,19.84
2003-10-09,20.0,19.71,19.84
2003-10-10,20.0,19.73,19.84
2003-10-13,20.0,19.74,19.84
2003-10-14,20.0,19.74,19.84
2003-10-15,20.0,19.74,19.84
2003-10-16,20.0,19.75,19.84
2003-10-17,20.0,19.76,19.84
2003-10-20,20.0,19.75,19.84
2003-10-21,20.0,19.73,19.84
2003-10-22,20.0,19.69,19.83
2003-10-23,19.0,18.72,18.85
2003-10-24,19.0,18.7,18.85
2003-10-27,19.0,18.7,18.85
2003-10-28,19.0,18.7,18.85
2003-10-29,19.0,18.74,18.85
2003-10-30,19.0,18.74,18.85
2003-10-31,19.0,18.75,18.85
2003-11-03,19.0,18.74,18.85
2003-11-04,19.0,18.75,18.85
2003-11-05,19.0,18.76,18.85
2003-11-06,19.0,18.76,18.85
2003-11-07,19.0,18.75,18.85
2003-11-10,19.0,18.75,18.85
2003-11-11,19.0,18.75,18.85
2003-11-12,19.0,18.76,18.85
2003-11-13,19.0,18.76,18.84
2003-11-14,19.0,18.76,18.84
2003-11-17,19.0,18.76,18.84
2003-11-18,19.0,18.75,18.82
2003-11-19,19.0,18.73,18.81
2003-11-20,17.5,17.29,17.34
2003-11-21,17.5,17.28,17.34
2003-11-24,17.5,17.29,17.34
2003-11-25,17.5,17.27,17.34
2003-11-26,17.5,17.27,17.33
2003-11-27,17.5,17.26,17.33
2003-11-28,17.5,17.25,17.32
2003-12-01,17.5,17.23,17.31
2003-12-02,17.5,17.21,17.34
2003-12-03,17.5,17.22,17.33
2003-12-04,17.5,17.22,17.33
2003-12-05,17.5,17.22,17.33
2003-12-08,17.5,17.23,17.32
2003-12-09,17.5,17.22,17.32
2003-12-10,17.5,17.23,17.31
2003-12-11,17.5,17.21,17.3
2003-12-12,17.5,17.2,17.29
2003-12-15,17.5,17.2,17.29
2003-12-16,17.5,17.19,17.29
2003-12-17,17.5,17.18,17.27
2003-12-18,16.5,16.2,16.3
2003-12-19,16.5,16.23,16.34
2003-12-22,16.5,16.23,16.34
2003-12-23,16.5,16.24,16.34
2003-12-24,16.5,16.23,16.34
2003-12-25,16.5,16.23,16.34
2003-12-26,16.5,16.22,16.34
2003-12-29,16.5,16.23,16.34
2003-12-30,16.5,16.24,16.33
2003-12-31,16.5,16.27,16.33
2004-01-01,16.5,16.27,16.33
2004-01-02,16.5,16.26,16.34
2004-01-05,16.5,16.25,16.34
2004-01-06,16.5,16.24,16.34
2004-01-07,16.5,16.23,16.33
2004-01-08,16.5,16.22,16.33
2004-01-09,16.5,16.22,16.32
2004-01-12,16.5,16.22,16.32
2004-01-13,16.5,16.22,16.32
2004-01-14,16.5,16.22,16.31
2004-01-15,16.5,16.21,16.31
2004-01-16,16.5,16.2,16.3
2004-01-19,16.5,16.2,16.3
2004-01-20,16.5,16.2,16.3
2004-01-21,16.5,16.2,16.28
2004-01-22,16.5,16.23,16.33
2004-01-23,16.5,16.24,16.33
2004-01-26,16.5,16.23,16.33
2004-01-27,16.5,16.23,16.32
2004-01-28,16.5,16.21,16.32
2004-01-29,16.5,16.19,16.3
2004-01-30,16.5,16.22,16.29
2004-02-02,16.5,16.22,16.29
2004-02-03,16.5,16.22,16.29
2004-02-04,16.5,16.22,16.28
2004-02-05,16.5,16.22,16.28
2004-02-06,16.5,16.21,16.27
2004-02-09,16.5,16.2,16.27
2004-02-10,16.5,16.19,16.26
2004-02-11,16.5,16.18,16.27
2004-02-12,16.5,16.2,16.29
2004-02-13,16.5,16.23,16.32
2004-02-16,16.5,16.24,16.33
2004-02-17,16.5,16.24,16.33
2004-02-18,16.5,16.24,16.33
2004-02-19,16.5,16.23,16.33
2004-02-20,16.5,16.25,16.32
2004-02-23,16.5,16.25,16.32
2004-02-24,16.5,16.25,16.32
2004-02-25,16.5,16.24,16.32
2004-02-26,16.5,16.24,16.31
2004-02-27,16.5,16.24,16.3
2004-03-01,16.5,16.23,16.29
2004-03-02,16.5,16.23,16.29
2004-03-03,16.5,16.22,16.28
2004-03-04,16.5,16.21,16.27
2004-03-05,16.5,16.22,16.3
2004-03-08,16.5,16.23,16.29
2004-03-09,16.5,16.22,16.29
2004-03-10,16.5,16.23,16.28
2004-03-11,16.5,16.21,16.27
2004-03-12,16.5,16.21,16.26
2004-03-15,16.5,16.2,16.25
2004-03-16,16.5,16.2,16.24
2004-03-17,16.5,16.2,16.23
2004-03-18,16.25,15.99,16.02
2004-03-19,16.25,16.01,16.05
2004-03-22,16.25,16.05,16.09
2004-03-23,16.25,16.08,16.12
2004-03-24,16.25,16.04,16.11
2004-03-25,16.25,16.02,16.1
2004-03-26,16.25,16.02,16.11
2004-03-29,16.25,16.01,16.09
2004-03-30,16.25,16.0,16.07
2004-03-31,16.25,16.02,16.11
2004-04-01,16.25,16.03,16.1
2004-04-02,16.25,16.03,16.11
2004-04-05,16.25,16.03,16.11
2004-04-06,16.25,16.02,16.1
2004-04-07,16.25,16.01,16.1
2004-04-08,16.25,16.01,16.09
2004-04-09,16.25,16.01,16.09
2004-04-12,16.25,16.0,16.09
2004-04-13,16.25,16.0,16.08
2004-04-14,16.25,15.96,16.06
2004-04-15,16.0,15.76,15.86
2004-04-16,16.0,15.72,15.86
2004-04-19,16.0,15.73,15.88
2004-04-20,16.0,15.73,15.88
2004-04-21,16.0,15.73,15.88
2004-04-22,16.0,15.72,15.86
2004-04-23,16.0,15.72,15.85
2004-04-26,16.0,15.72,15.84
2004-04-27,16.0,15.71,15.83
2004-04-28,16.0,15.71,15.82
2004-04-29,16.0,15.7,15.8
2004-04-30,16.0,15.74,15.8
2004-05-03,16.0,15.72,15.79
2004-05-04,16.0,15.73,15.79
2004-05-05,16.0,15.71,15.78
2004-05-06,16.0,15.72,15.77
2004-05-07,16.0,15.71,15.76
2004-05-10,16.0,15.7,15.75
2004-05-11,16.0,15.7,15.74
2004-05-12,16.0,15.7,15.73
2004-05-13,16.0,15.7,15.74
2004-05-14,16.0,15.72,15.77
2004-05-17,16.0,15.71,15.76
2004-05-18,16.0,15.71,15.75
2004-05-19,16.0,15.7,15.73
2004-05-20,16.0,15.71,15.77
2004-05-21,16.0,15.73,15.81
2004-05-24,16.0,15.73,15.8
2004-05-25,16.0,15.72,15.79
2004-05-26,16.0,15.77,15.8
2004-05-27,16.0,15.81,15.79
2004-05-28,16.0,15.82,15.78
2004-05-31,16.0,15.81,15.78
2004-06-01,16.0,15.75,15.78
2004-06-02,16.0,15.74,15.75
2004-06-03,16.0,15.71,15.76
2004-06-04,16.0,15.75,15.79
2004-06-07,16.0,15.73,15.82
2004-06-08,16.0,15.71,15.84
2004-06-09,16.0,15.7,15.82
2004-06-10,16.0,15.7,15.82
2004-06-11,16.0,15.7,15.79
2004-06-14,16.0,15.7,15.8
2004-06-15,16.0,15.71,15.82
2004-06-16,16.0,15.71,15.8
2004-06-17,16.0,15.71,15.79
2004-06-18,16.0,15.7,15.79
2004-06-21,16.0,15.72,15.81
2004-06-22,16.0,15.71,15.82
2004-06-23,16.0,15.7,15.79
2004-06-24,16.0,15.7,15.79
2004-06-25,16.0,15.69,15.8
2004-06-28,16.0,15.7,15.81
2004-06-29,16.0,15.7,15.81
2004-06-30,16.0,15.72,15.8
2004-07-01,16.0,15.71,15.8
2004-07-02,16.0,15.69,15.81
2004-07-05,16.0,15.69,15.8
2004-07-06,16.0,15.7,15.8
2004-07-07,16.0,15.69,15.79
2004-07-08,16.0,15.73,15.77
2004-07-09,16.0,15.77,15.77
2004-07-12,16.0,15.71,15.78
2004-07-13,16.0,15.71,15.78
2004-07-14,16.0,15.69,15.76
2004-07-15,16.0,15.71,15.77
2004-07-16,16.0,15.7,15.76
2004-07-19,16.0,15.7,15.76
2004-07-20,16.0,15.7,15.76
2004-07-21,16.0,15.71,15.75
2004-07-22,16.0,15.69,15.75
2004-07-23,16.0,15.7,15.75
2004-07-26,16.0,15.71,15.75
2004-07-27,16.0,15.7,15.75
2004-07-28,16.0,15.7,15.76
2004-07-29,16.0,15.7,15.78
2004-07-30,16.0,15.74,15.82
2004-08-02,16.0,15.75,15.82
2004-08-03,16.0,15.76,15.82
2004-08-04,16.0,15.77,15.83
2004-08-05,16.0,15.78,15.84
2004-08-06,16.0,15.77,15.86
2004-08-09,16.0,15.77,15.86
2004-08-10,16.0,15.76,15.87
2004-08-11,16.0,15.77,15.88
2004-08-12,16.0,15.76,15.88
2004-08-13,16.0,15.75,15.88
2004-08-16,16.0,15.76,15.88
2004-08-17,16.0,15.75,15.88
2004-08-18,16.0,15.73,15.87
2004-08-19,16.0,15.74,15.86
2004-08-20,16.0,15.74,15.85
2004-08-23,16.0,15.77,15.84
2004-08-24,16.0,15.77,15.83
2004-08-25,16.0,15.74,15.84
2004-08-26,16.0,15.74,15.86
2004-08-27,16.0,15.78,15.88
2004-08-30,16.0,15.81,15.91
2004-08-31,16.0,15.82,15.91
2004-09-01,16.0,15.79,15.92
2004-09-02,16.0,15.81,15.92
2004-09-03,16.0,15.78,15.92
2004-09-06,16.0,15.79,15.92
2004-09-07,16.0,15.79,15.92
2004-09-08,16.0,15.8,15.93
2004-09-09,16.0,15.78,15.93
2004-09-10,16.0,15.81,15.94
2004-09-13,16.0,15.86,15.95
2004-09-14,16.0,15.87,15.97
2004-09-15,16.0,15.89,15.97
2004-09-16,16.25,16.16,16.22
2004-09-17,16.25,16.15,16.23
2004-09-20,16.25,16.17,16.24
2004-09-21,16.25,16.12,16.24
2004-09-22,16.25,16.15,16.24
2004-09-23,16.25,16.14,16.24
2004-09-24,16.25,16.17,16.24
2004-09-27,16.25,16.17,16.24
2004-09-28,16.25,16.17,16.24
2004-09-29,16.25,16.14,16.23
2004-09-30,16.25,16.17,16.24
2004-10-01,16.25,16.18,16.23
2004-10-04,16.25,16.16,16.22
2004-10-05,16.25,16.15,16.2
2004-10-06,16.25,16.15,16.22
2004-10-07,16.25,16.15,16.23
2004-10-08,16.25,16.15,16.24
2004-10-11,16.25,16.15,16.24
2004-10-12,16.25,16.15,16.24
2004-10-13,16.25,16.17,16.24
2004-10-14,16.25,16.16,16.24
2004-10-15,16.25,16.16,16.24
2004-10-18,16.25,16.16,16.24
2004-10-19,16.25,16.15,16.24
2004-10-20,16.25,16.15,16.24
2004-10-21,16.75,16.63,16.74
2004-10-22,16.75,16.67,16.74
2004-10-25,16.75,16.69,16.74
2004-10-26,16.75,16.69,16.74
2004-10-27,16.75,16.67,16.74
2004-10-28,16.75,16.67,16.74
2004-10-29,16.75,16.66,16.74
2004-11-01,16.75,16.67,16.74
2004-11-02,16.75,16.67,16.74
2004-11-03,16.75,16.7,16.73
2004-11-04,16.75,16.7,16.73
2004-11-05,16.75,16.71,16.73
2004-11-08,16.75,16.71,16.74
2004-11-09,16.75,16.71,16.74
2004-11-10,16.75,16.71,16.74
2004-11-11,16.75,16.71,16.74
2004-11-12,16.75,16.72,16.74
2004-11-15,16.75,16.72,16.74
2004-11-16,16.75,16.73,16.74
2004-11-17,16.75,16.72,16.74
2004-11-18,17.25,17.21,17.24
2004-11-19,17.25,17.21,17.24
2004-11-22,17.25,17.21,17.23
2004-11-23,17.25,17.19,17.23
2004-11-24,17.25,17.19,17.24
2004-11-25,17.25,17.17,17.23
2004-11-26,17.25,17.17,17.22
2004-11-29,17.25,17.18,17.22
2004-11-30,17.25,17.2,17.21
2004-12-01,17.25,17.22,17.23
2004-12-02,17.25,17.21,17.23
2004-12-03,17.25,17.2,17.23
2004-12-06,17.25,17.19,17.24
2004-12-07,17.25,17.19,17.24
2004-12-08,17.25,17.17,17.24
2004-12-09,17.25,17.17,17.24
2004-12-10,17.25,17.19,17.24
2004-12-13,17.25,17.19,17.24
2004-12-14,17.25,17.2,17.24
2004-12-15,17.25,17.2,17.25
2004-12-16,17.75,17.69,17.74
2004-12-17,17.75,17.69,17.74
2004-12-20,17.75,17.7,17.74
2004-12-21,17.75,17.69,17.74
2004-12-22,17.75,17.7,17.74
2004-12-23,17.75,17.71,17.74
2004-12-24,17.75,17.71,17.74
2004-12-27,17.75,17.71,17.74
2004-12-28,17.75,17.7,17.74
2004-12-29,17.75,17.72,17.74
2004-12-30,17.75,17.75,17.75
2004-12-31,17.75,17.76,17.75
2005-01-03,17.75,17.76,17.74
2005-01-04,17.75,17.72,17.74
2005-01-05,17.75,17.72,17.74
2005-01-06,17.75,17.72,17.74
2005-01-07,17.75,17.71,17.74
2005-01-10,17.75,17.71,17.74
2005-01-11,17.75,17.7,17.74
2005-01-12,17.75,17.72,17.74
2005-01-13,17.75,17.7,17.74
2005-01-14,17.75,17.72,17.74
2005-01-17,17.75,17.74,17.74
2005-01-18,17.75,17.73,17.74
2005-01-19,17.75,17.73,17.75
2005-01-20,18.25,18.22,18.24
2005-01-21,18.25,18.23,18.24
2005-01-24,18.25,18.24,18.24
2005-01-25,18.25,18.24,18.24
2005-01-26,18.25,18.22,18.24
2005-01-27,18.25,18.23,18.24
2005-01-28,18.25,18.22,18.24
2005-01-31,18.25,18.25,18.24
2005-02-01,18.25,18.25,18.24
2005-02-02,18.25,18.26,18.25
2005-02-03,18.25,18.25,18.25
2005-02-04,18.25,18.25,18.25
2005-02-07,18.25,18.25,18.25
2005-02-08,18.25,18.25,18.25
2005-02-09,18.25,18.25,18.25
2005-02-10,18.25,18.23,18.25
2005-02-11,18.25,18.23,18.26
2005-02-14,18.25,18.22,18.26
2005-02-15,18.25,18.22,18.26
2005-02-16,18.25,18.2,18.26
2005-02-17,18.75,18.7,18.75
2005-02-18,18.75,18.69,18.75
2005-02-21,18.75,18.69,18.75
2005-02-22,18.75,18.69,18.75
2005-02-23,18.75,18.68,18.75
2005-02-24,18.75,18.68,18.75
2005-02-25,18.75,18.68,18.75
2005-02-28,18.75,18.68,18.74
2005-03-01,18.75,18.67,18.74
2005-03-02,18.75,18.65,18.74
2005-03-03,18.75,18.65,18.74
2005-03-04,18.75,18.64,18.74
2005-03-07,18.75,18.66,18.75
2005-03-08,18.75,18.64,18.75
2005-03-09,18.75,18.63,18.75
2005-03-10,18.75,18.62,18.75
2005-03-11,18.75,18.62,18.75
2005-03-14,18.75,18.62,18.75
2005-03-15,18.75,18.63,18.75
2005-03-16,18.75,18.64,18.75
2005-03-17,19.25,19.15,19.24
2005-03-18,19.25,19.17,19.24
2005-03-21,19.25,19.18,19.24
2005-03-22,19.25,19.19,19.24
2005-03-23,19.25,19.2,19.24
2005-03-24,19.25,19.21,19.24
2005-03-25,19.25,19.21,19.24
2005-03-28,19.25,19.2,19.25
2005-03-29,19.25,19.2,19.25
2005-03-30,19.25,19.19,19.25
2005-03-31,19.25,19.21,19.25
2005-04-01,19.25,19.21,19.24
2005-04-04,19.25,19.21,19.24
2005-04-05,19.25,19.22,19.24
2005-04-06,19.25,19.21,19.24
2005-04-07,19.25,19.21,19.24
2005-04-08,19.25,19.2,19.24
2005-04-11,19.25,19.2,19.24
2005-04-12,19.25,19.18,19.24
2005-04-13,19.25,19.19,19.24
2005-04-14,19.25,19.19,19.24
2005-04-15,19.25,19.18,19.24
2005-04-18,19.25,19.18,19.24
2005-04-19,19.25,19.19,19.24
2005-04-20,19.25,19.18,19.24
2005-04-21,19.5,19.18,19.24
2005-04-22,19.5,19.39,19.49
2005-04-25,19.5,19.41,19.49
2005-04-26,19.5,19.41,19.49
2005-04-27,19.5,19.43,19.5
2005-04-28,19.5,19.44,19.5
2005-04-29,19.5,19.46,19.5
2005-05-02,19.5,19.48,19.5
2005-05-03,19.5,19.48,19.51
2005-05-04,19.5,19.48,19.51
2005-05-05,19.5,19.48,19.51
2005-05-06,19.5,19.49,19.51
2005-05-09,19.5,19.47,19.52
2005-05-10,19.5,19.47,19.52
2005-05-11,19.5,19.47,19.52
2005-05-12,19.5,19.47,19.52
2005-05-13,19.5,19.46,19.52
2005-05-16,19.5,19.48,19.52
2005-05-17,19.5,19.48,19.52
2005-05-18,19.5,19.47,19.51
2005-05-19,19.75,19.71,19.76
2005-05-20,19.75,19.71,19.75
2005-05-23,19.75,19.71,19.75
2005-05-24,19.75,19.71,19.75
2005-05-25,19.75,19.7,19.75
2005-05-26,19.75,19.7,19.75
2005-05-27,19.75,19.71,19.75
2005-05-30,19.75,19.73,19.75
2005-05-31,19.75,19.77,19.76
2005-06-01,19.75,19.77,19.76
2005-06-02,19.75,19.75,19.75
2005-06-03,19.75,19.74,19.75
2005-06-06,19.75,19.73,19.75
2005-06-07,19.75,19.73,19.75
2005-06-08,19.75,19.71,19.75
2005-06-09,19.75,19.71,19.75
2005-06-10,19.75,19.72,19.75
2005-06-13,19.75,19.73,19.75
2005-06-14,19.75,19.73,19.75
2005-06-15,19.75,19.73,19.75
2005-06-16,19.75,19.72,19.74
2005-06-17,19.75,19.73,19.74
2005-06-20,19.75,19.72,19.74
2005-06-21,19.75,19.71,19.74
2005-06-22,19.75,19.72,19.74
2005-06-23,19.75,19.72,19.74
2005-06-24,19.75,19.73,19.74
2005-06-27,19.75,19.74,19.74
2005-06-28,19.75,19.74,19.74
2005-06-29,19.75,19.74,19.74
2005-06-30,19.75,19.74,19.74
2005-07-01,19.75,19.73,19.73
2005-07-04,19.75,19.74,19.72
2005-07-05,19.75,19.72,19.72
2005-07-06,19.75,19.72,19.72
2005-07-07,19.75,19.71,19.72
2005-07-08,19.75,19.69,19.72
2005-07-11,19.75,19.71,19.72
2005-07-12,19.75,19.7,19.72
2005-07-13,19.75,19.7,19.72
2005-07-14,19.75,19.71,19.72
2005-07-15,19.75,19.71,19.73
2005-07-18,19.75,19.7,19.72
2005-07-19,19.75,19.7,19.72
2005-07-20,19.75,19.69,19.72
2005-07-21,19.75,19.69,19.72
2005-07-22,19.75,19.69,19.72
2005-07-25,19.75,19.69,19.72
2005-07-26,19.75,19.68,19.72
2005-07-27,19.75,19.67,19.72
2005-07-28,19.75,19.67,19.73
2005-07-29,19.75,19.68,19.74
2005-08-01,19.75,19.69,19.74
2005-08-02,19.75,19.7,19.75
2005-08-03,19.75,19.7,19.75
2005-08-04,19.75,19.7,19.76
2005-08-05,19.75,19.69,19.76
2005-08-08,19.75,19.69,19.76
2005-08-09,19.75,19.68,19.76
2005-08-10,19.75,19.68,19.76
2005-08-11,19.75,19.68,19.76
2005-08-12,19.75,19.68,19.76
2005-08-15,19.75,19.67,19.76
2005-08-16,19.75,19.66,19.77
2005-08-17,19.75,19.64,19.75
2005-08-18,19.75,19.62,19.74
2005-08-19,19.75,19.65,19.74
2005-08-22,19.75,19.66,19.74
2005-08-23,19.75,19.66,19.74
2005-08-24,19.75,19.67,19.74
2005-08-25,19.75,19.67,19.74
2005-08-26,19.75,19.66,19.74
2005-08-29,19.75,19.69,19.73
2005-08-30,19.75,19.69,19.73
2005-08-31,19.75,19.71,19.73
2005-09-01,19.75,19.72,19.74
2005-09-02,19.75,19.72,19.73
2005-09-05,19.75,19.72,19.73
2005-09-06,19.75,19.71,19.74
2005-09-07,19.75,19.71,19.74
2005-09-08,19.75,19.69,19.74
2005-09-09,19.75,19.69,19.74
2005-09-12,19.75,19.7,19.74
2005-09-13,19.75,19.69,19.74
2005-09-14,19.75,19.69,19.74
2005-09-15,19.5,19.46,19.49
2005-09-16,19.5,19.46,19.5
2005-09-19,19.5,19.46,19.51
2005-09-20,19.5,19.45,19.51
2005-09-21,19.5,19.42,19.5
2005-09-22,19.5,19.43,19.51
2005-09-23,19.5,19.42,19.5
2005-09-26,19.5,19.44,19.5
2005-09-27,19.5,19.43,19.5
2005-09-28,19.5,19.44,19.52
2005-09-29,19.5,19.45,19.52
2005-09-30,19.5,19.51,19.53
2005-10-03,19.5,19.47,19.48
2005-10-04,19.5,19.43,19.46
2005-10-05,19.5,19.42,19.45
2005-10-06,19.5,19.4,19.45
2005-10-07,19.5,19.41,19.45
2005-10-10,19.5,19.4,19.45
2005-10-11,19.5,19.41,19.45
2005-10-12,19.5,19.41,19.45
2005-10-13,19.5,19.38,19.45
2005-10-14,19.5,19.38,19.45
2005-10-17,19.5,19.36,19.45
2005-10-18,19.5,19.37,19.45
2005-10-19,19.5,19.37,19.45
2005-10-20,19.0,18.9,18.95
2005-10-21,19.0,18.89,18.95
2005-10-24,19.0,18.88,18.95
2005-10-25,19.0,18.89,18.95
2005-10-26,19.0,18.87,18.95
2005-10-27,19.0,18.88,18.95
2005-10-28,19.0,18.87,18.95
2005-10-31,19.0,18.92,18.95
2005-11-01,19.0,18.96,18.95
2005-11-02,19.0,18.96,18.95
2005-11-03,19.0,18.93,18.95
2005-11-04,19.0,18.95,18.96
2005-11-07,19.0,18.95,18.97
2005-11-08,19.0,18.94,18.99
2005-11-09,19.0,18.95,19.01
2005-11-10,19.0,18.95,19.02
2005-11-11,19.0,18.94,19.03
2005-11-14,19.0,18.95,19.03
2005-11-15,19.0,18.95,19.03
2005-11-16,19.0,18.92,19.02
2005-11-17,19.0,18.92,19.01
2005-11-18,19.0,18.92,19.0
2005-11-21,19.0,18.89,18.98
2005-11-22,19.0,18.89,18.98
2005-11-23,19.0,18.86,18.96
2005-11-24,18.5,18.38,18.46
2005-11-25,18.5,18.39,18.47
2005-11-28,18.5,18.39,18.49
2005-11-29,18.5,18.41,18.5
2005-11-30,18.5,18.43,18.53
2005-12-01,18.5,18.43,18.52
2005-12-02,18.5,18.42,18.5
2005-12-05,18.5,18.43,18.49
2005-12-06,18.5,18.42,18.48
2005-12-07,18.5,18.42,18.48
2005-12-08,18.5,18.39,18.48
2005-12-09,18.5,18.39,18.48
2005-12-12,18.5,18.39,18.48
2005-12-13,18.5,18.38,18.48
2005-12-14,18.5,18.36,18.48
2005-12-15,18.0,17.9,18.0
2005-12-16,18.0,17.91,18.03
2005-12-19,18.0,17.93,18.04
2005-12-20,18.0,17.94,18.04
2005-12-21,18.0,17.95,18.04
2005-12-22,18.0,17.95,18.04
2005-12-23,18.0,17.95,18.04
2005-12-26,18.0,17.94,18.04
2005-12-27,18.0,17.94,18.04
2005-12-28,18.0,17.93,18.04
2005-12-29,18.0,17.98,18.05
2005-12-30,18.0,17.99,18.05
2006-01-02,18.0,17.94,17.98
2006-01-03,18.0,17.94,17.98
2006-01-04,18.0,17.93,17.97
2006-01-05,18.0,17.92,17.96
2006-01-06,18.0,17.92,17.95
2006-01-09,18.0,17.91,17.95
2006-01-10,18.0,17.89,17.95
2006-01-11,18.0,17.89,17.95
2006-01-12,18.0,17.9,17.95
2006-01-13,18.0,17.89,17.95
2006-01-16,18.0,17.89,17.95
2006-01-17,18.0,17.88,17.95
2006-01-18,18.0,17.88,17.95
2006-01-19,18.0,17.11,17.2
2006-01-20,18.0,17.12,17.2
2006-01-23,18.0,17.16,17.2
2006-01-24,18.0,17.19,17.2
2006-01-25,18.0,17.21,17.21
2006-01-26,18.0,17.28,17.22
2006-01-27,18.0,17.2,17.23
2006-01-30,18.0,17.13,17.23
2006-01-31,18.0,17.1,17.23
2006-02-01,18.0,17.15,17.23
2006-02-02,18.0,17.18,17.24
2006-02-03,18.0,17.18,17.26
2006-02-06,18.0,17.18,17.27
2006-02-07,18.0,17.18,17.28
2006-02-08,18.0,17.18,17.29
2006-02-09,18.0,17.18,17.29
2006-02-10,18.0,17.17,17.29
2006-02-13,18.0,17.16,17.29
2006-02-14,18.0,17.17,17.29
2006-02-15,18.0,17.22,17.29
2006-02-16,18.0,17.21,17.29
2006-02-17,18.0,17.22,17.29
2006-02-20,18.0,17.22,17.29
2006-02-21,18.0,17.22,17.29
2006-02-22,18.0,17.24,17.29
2006-02-23,18.0,17.24,17.29
2006-02-24,18.0,17.29,17.29
2006-02-27,18.0,17.29,17.29
2006-02-28,18.0,17.29,17.29
2006-03-01,18.0,17.29,17.29
2006-03-02,18.0,17.29,17.29
2006-03-03,18.0,17.28,17.29
2006-03-06,18.0,17.27,17.29
2006-03-07,18.0,17.26,17.29
2006-03-08,18.0,17.24,17.29
2006-03-09,18.0,16.51,16.54
2006-03-10,18.0,16.49,16.54
2006-03-13,18.0,16.49,16.54
2006-03-14,18.0,16.48,16.54
2006-03-15,18.0,16.47,16.54
2006-03-16,18.0,16.46,16.54
2006-03-17,18.0,16.46,16.54
2006-03-20,18.0,16.46,16.54
2006-03-21,18.0,16.46,16.54
2006-03-22,18.0,16.47,16.54
2006-03-23,18.0,16.49,16.54
2006-03-24,18.0,16.47,16.54
2006-03-27,18.0,16.47,16.54
2006-03-28,18.0,16.48,16.54
2006-03-29,18.0,16.48,16.54
2006-03-30,18.0,16.49,16.54
2006-03-31,18.0,16.51,16.54
2006-04-03,18.0,16.45,16.45
2006-04-04,18.0,16.43,16.45
2006-04-05,18.0,16.42,16.45
2006-04-06,18.0,16.41,16.45
2006-04-07,18.0,16.4,16.45
2006-04-10,18.0,16.4,16.45
2006-04-11,18.0,16.4,16.45
2006-04-12,18.0,16.4,16.45
2006-04-13,18.0,16.4,16.45
2006-04-14,18.0,16.4,16.45
2006-04-17,18.0,16.4,16.45
2006-04-18,18.0,16.4,16.45
2006-04-19,18.0,16.4,16.44
2006-04-20,18.0,15.65,15.69
2006-04-21,18.0,15.65,15.69
2006-04-24,18.0,15.64,15.68
2006-04-25,18.0,15.63,15.68
2006-04-26,18.0,15.62,15.68
2006-04-27,18.0,15.63,15.69
2006-04-28,18.0,15.7,15.7
2006-05-01,18.0,15.7,15.7
2006-05-02,18.0,15.69,15.7
2006-05-03,18.0,15.69,15.71
2006-05-04,18.0,15.67,15.71
2006-05-05,18.0,15.69,15.77
2006-05-08,18.0,15.7,15.77
2006-05-09,18.0,15.68,15.77
2006-05-10,18.0,15.66,15.71
2006-05-11,18.0,15.65,15.7
2006-05-12,18.0,15.66,15.75
2006-05-15,18.0,15.69,15.74
2006-05-16,18.0,15.71,15.77
2006-05-17,18.0,15.66,15.68
2006-05-18,18.0,15.65,15.68
2006-05-19,18.0,15.64,15.66
2006-05-22,18.0,15.63,15.66
2006-05-23,18.0,15.63,15.67
2006-05-24,18.0,15.63,15.66
2006-05-25,18.0,15.64,15.67
2006-05-26,18.0,15.63,15.66
2006-05-29,18.0,15.63,15.67
2006-05-30,18.0,15.64,15.66
2006-05-31,18.0,15.65,15.66
2006-06-01,18.0,15.15,15.17
2006-06-02,18.0,15.17,15.16
2006-06-05,18.0,15.18,15.17
2006-06-06,18.0,15.15,15.17
2006-06-07,18.0,15.14,15.17
2006-06-08,18.0,15.14,15.17
2006-06-09,18.0,15.14,15.17
2006-06-12,18.0,15.15,15.18
2006-06-13,18.0,15.15,15.19
2006-06-14,18.0,15.14,15.18
2006-06-15,18.0,15.14,15.18
2006-06-16,18.0,15.14,15.18
2006-06-19,18.0,15.14,15.18
2006-06-20,18.0,15.14,15.18
2006-06-21,18.0,15.15,15.18
2006-06-22,18.0,15.14,15.18
2006-06-23,18.0,15.14,15.17
2006-06-26,18.0,15.14,15.18
2006-06-27,18.0,15.13,15.18
2006-06-28,18.0,15.13,15.18
2006-06-29,18.0,15.12,15.18
2006-06-30,18.0,15.18,15.18
2006-07-03,18.0,15.18,15.17
2006-07-04,18.0,15.16,15.18
2006-07-05,18.0,15.16,15.18
2006-07-06,18.0,15.15,15.18
2006-07-07,18.0,15.14,15.18
2006-07-10,18.0,15.14,15.18
2006-07-11,18.0,15.13,15.18
2006-07-12,18.0,15.14,15.18
2006-07-13,18.0,15.13,15.18
2006-07-14,18.0,15.12,15.18
2006-07-17,18.0,15.13,15.16
2006-07-18,18.0,15.13,15.19
2006-07-19,18.0,15.12,15.17
2006-07-20,18.0,14.63,14.66
2006-07-21,18.0,14.62,14.65
2006-07-24,18.0,14.61,14.66
2006-07-25,18.0,14.61,14.66
2006-07-26,18.0,14.6,14.66
2006-07-27,18.0,14.59,14.66
2006-07-28,18.0,14.59,14.65
2006-07-31,18.0,14.63,14.66
2006-08-01,18.0,14.61,14.66
2006-08-02,18.0,14.61,14.66
2006-08-03,18.0,14.61,14.67
2006-08-04,18.0,14.61,14.66
2006-08-07,18.0,14.6,14.66
2006-08-08,18.0,14.61,14.66
2006-08-09,18.0,14.61,14.66
2006-08-10,18.0,14.6,14.66
2006-08-11,18.0,14.62,14.67
2006-08-14,18.0,14.63,14.69
2006-08-15,18.0,14.64,14.7
2006-08-16,18.0,14.64,14.69
2006-08-17,18.0,14.63,14.69
2006-08-18,18.0,14.64,14.74
2006-08-21,18.0,14.64,14.7
2006-08-22,18.0,14.64,14.69
2006-08-23,18.0,14.63,14.68
2006-08-24,18.0,14.62,14.69
2006-08-25,18.0,14.62,14.68
2006-08-28,18.0,14.61,14.69
2006-08-29,18.0,14.61,14.69
2006-08-30,18.0,14.59,14.67
2006-08-31,18.0,14.11,14.18
2006-09-01,18.0,14.13,14.17
2006-09-04,18.0,14.13,14.17
2006-09-05,18.0,14.12,14.18
2006-09-06,18.0,14.13,14.17
2006-09-07,18.0,14.13,14.17
2006-09-08,18.0,14.12,14.17
2006-09-11,18.0,14.11,14.17
2006-09-12,18.0,14.09,14.17
2006-09-13,18.0,14.1,14.17
2006-09-14,18.0,14.1,14.17
2006-09-15,18.0,14.09,14.17
2006-09-18,18.0,14.09,14.16
2006-09-19,18.0,14.1,14.17
2006-09-20,18.0,14.09,14.17
2006-09-21,18.0,14.09,14.18
2006-09-22,18.0,14.09,14.17
2006-09-25,18.0,14.11,14.17
2006-09-26,18.0,14.1,14.17
2006-09-27,18.0,14.13,14.17
2006-09-28,18.0,14.13,14.17
2006-09-29,18.0,14.18,14.17
2006-10-02,18.0,14.16,14.16
2006-10-03,18.0,14.14,14.16
2006-10-04,18.0,14.14,14.16
2006-10-05,18.0,14.14,14.16
2006-10-06,18.0,14.13,14.17
2006-10-09,18.0,14.11,14.16
2006-10-10,18.0,14.1,14.16
2006-10-11,18.0,14.09,14.16
2006-10-12,18.0,14.09,14.16
2006-10-13,18.0,14.08,14.16
2006-10-16,18.0,14.08,14.16
2006-10-17,18.0,14.09,14.16
2006-10-18,18.0,14.1,14.16
2006-10-19,18.0,13.6,13.67
2006-10-20,18.0,13.6,13.65
2006-10-23,18.0,13.6,13.66
2006-10-24,18.0,13.6,13.67
2006-10-25,18.0,13.6,13.68
2006-10-26,18.0,13.6,13.68
2006-10-27,18.0,13.6,13.67
2006-10-30,18.0,13.59,13.68
2006-10-31,18.0,13.65,13.68
2006-11-01,18.0,13.64,13.68
2006-11-02,18.0,13.64,13.68
2006-11-03,18.0,13.64,13.67
2006-11-06,18.0,13.68,13.69
2006-11-07,18.0,13.67,13.69
2006-11-08,18.0,13.65,13.69
2006-11-09,18.0,13.63,13.68
2006-11-10,18.0,13.63,13.66
2006-11-13,18.0,13.63,13.68
2006-11-14,18.0,13.63,13.67
2006-11-15,18.0,13.63,13.67
2006-11-16,18.0,13.62,13.66
2006-11-17,18.0,13.61,13.66
2006-11-20,18.0,13.61,13.68
2006-11-21,18.0,13.62,13.68
2006-11-22,18.0,13.61,13.66
2006-11-23,18.0,13.62,13.67
2006-11-24,18.0,13.61,13.66
2006-11-27,18.0,13.61,13.66
2006-11-28,18.0,13.6,13.68
2006-11-29,18.0,13.6,13.68
2006-11-30,18.0,13.13,13.18
2006-12-01,18.0,13.14,13.18
2006-12-04,18.0,13.15,13.18
2006-12-05,18.0,13.15,13.19
2006-12-06,18.0,13.14,13.18
2006-12-07,18.0,13.12,13.18
2006-12-08,18.0,13.13,13.18
2006-12-11,18.0,13.11,13.19
2006-12-12,18.0,13.1,13.18
2006-12-13,18.0,13.1,13.19
2006-12-14,18.0,13.1,13.19
2006-12-15,18.0,13.11,13.18
2006-12-18,18.0,13.12,13.19
2006-12-19,18.0,13.14,13.19
2006-12-20,18.0,13.15,13.19
2006-12-21,18.0,13.15,13.19
2006-12-22,18.0,13.14,13.19
2006-12-25,18.0,13.14,13.19
2006-12-26,18.0,13.16,13.19
2006-12-27,18.0,13.16,13.18
2006-12-28,18.0,13.17,13.19
2006-12-29,18.0,13.17,13.19
2007-01-01,18.0,13.17,13.19
2007-01-02,18.0,13.16,13.19
2007-01-03,18.0,13.16,13.18
2007-01-04,18.0,13.16,13.19
2007-01-05,18.0,13.17,13.19
2007-01-08,18.0,13.18,13.19
2007-01-09,18.0,13.18,13.19
2007-01-10,18.0,13.15,13.19
2007-01-11,18.0,13.12,13.19
2007-01-12,18.0,13.13,13.18
2007-01-15,18.0,13.14,13.19
2007-01-16,18.0,13.12,13.19
2007-01-17,18.0,13.12,13.19
2007-01-18,18.0,13.13,13.19
2007-01-19,18.0,13.11,13.19
2007-01-22,18.0,13.12,13.19
2007-01-23,18.0,13.12,13.19
2007-01-24,18.0,13.0,13.18
2007-01-25,18.0,12.87,12.94
2007-01-26,18.0,12.84,12.92
2007-01-29,18.0,12.85,12.93
2007-01-30,18.0,12.87,12.93
2007-01-31,18.0,12.91,12.93
2007-02-01,18.0,12.92,12.93
2007-02-02,18.0,12.91,12.93
2007-02-05,18.0,12.92,12.93
2007-02-06,18.0,12.9,12.93
2007-02-07,18.0,12.89,12.93
2007-02-08,18.0,12.89,12.93
2007-02-09,18.0,12.88,12.93
2007-02-12,18.0,12.88,12.93
2007-02-13,18.0,12.89,12.93
2007-02-14,18.0,12.89,12.93
2007-02-15,18.0,12.88,12.93
2007-02-16,18.0,12.89,12.94
2007-02-19,18.0,12.89,12.94
2007-02-20,18.0,12.89,12.94
2007-02-21,18.0,12.91,12.94
2007-02-22,18.0,12.87,12.94
2007-02-23,18.0,12.87,12.94
2007-02-26,18.0,12.87,12.93
2007-02-27,18.0,12.86,12.93
2007-02-28,18.0,12.9,12.93
2007-03-01,18.0,12.9,12.93
2007-03-02,18.0,12.9,12.93
2007-03-05,18.0,12.9,12.93
2007-03-06,18.0,12.89,12.93
2007-03-07,18.0,12.87,12.93
2007-03-08,18.0,12.64,12.69
2007-03-09,18.0,12.66,12.69
2007-03-12,18.0,12.65,12.69
2007-03-13,18.0,12.62,12.68
2007-03-14,18.0,12.63,12.68
2007-03-15,18.0,12.63,12.68
2007-03-16,18.0,12.65,12.68
2007-03-19,18.0,12.65,12.68
2007-03-20,18.0,12.64,12.68
2007-03-21,18.0,12.65,12.68
2007-03-22,18.0,12.63,12.68
2007-03-23,18.0,12.61,12.68
2007-03-26,18.0,12.6,12.68
2007-03-27,18.0,12.6,12.68
2007-03-28,18.0,12.61,12.68
2007-03-29,18.0,12.62,12.68
2007-03-30,18.0,12.66,12.68
2007-04-02,18.0,12.67,12.68
2007-04-03,18.0,12.65,12.68
2007-04-04,18.0,12.64,12.68
2007-04-05,18.0,12.66,12.69
2007-04-06,18.0,12.66,12.69
2007-04-09,18.0,12.65,12.68
2007-04-10,18.0,12.63,12.68
2007-04-11,18.0,12.63,12.68
2007-04-12,18.0,12.63,12.68
2007-04-13,18.0,12.63,12.68
2007-04-16,18.0,12.64,12.68
2007-04-17,18.0,12.62,12.67
2007-04-18,18.0,12.6,12.67
2007-04-19,18.0,12.37,12.43
2007-04-20,18.0,12.37,12.43
2007-04-23,18.0,12.36,12.43
2007-04-24,18.0,12.34,12.43
2007-04-25,18.0,12.33,12.43
2007-04-26,18.0,12.33,12.43
2007-04-27,18.0,12.33,12.43
2007-04-30,18.0,12.33,12.43
2007-05-01,18.0,12.33,12.43
2007-05-02,18.0,12.33,12.43
2007-05-03,18.0,12.33,12.43
2007-05-04,18.0,12.34,12.43
2007-05-07,18.0,12.36,12.43
2007-05-08,18.0,12.35,12.43
2007-05-09,18.0,12.35,12.43
2007-05-10,18.0,12.36,12.43
2007-05-11,18.0,12.35,12.43
2007-05-14,18.0,12.36,12.43
2007-05-15,18.0,12.35,12.43
2007-05-16,18.0,12.34,12.43
2007-05-17,18.0,12.36,12.43
2007-05-18,18.0,12.35,12.43
2007-05-21,18.0,12.35,12.43
2007-05-22,18.0,12.35,12.43
2007-05-23,18.0,12.35,12.43
2007-05-24,18.0,12.34,12.43
2007-05-25,18.0,12.36,12.43
2007-05-28,18.0,12.37,12.43
2007-05-29,18.0,12.38,12.43
2007-05-30,18.0,12.37,12.43
2007-05-31,18.0,12.39,12.43
2007-06-01,18.0,12.39,12.43
2007-06-04,18.0,12.39,12.43
2007-06-05,18.0,12.4,12.43
2007-06-06,18.0,12.38,12.43
2007-06-07,18.0,12.38,12.43
2007-06-08,18.0,11.88,11.93
2007-06-11,18.0,11.88,11.93
2007-06-12,18.0,11.87,11.93
2007-06-13,18.0,11.87,11.93
2007-06-14,18.0,11.86,11.93
2007-06-15,18.0,11.86,11.93
2007-06-18,18.0,11.87,11.93
2007-06-19,18.0,11.87,11.93
2007-06-20,18.0,11.86,11.93
2007-06-21,18.0,11.86,11.93
2007-06-22,18.0,11.86,11.93
2007-06-25,18.0,11.86,11.93
2007-06-26,18.0,11.86,11.93
2007-06-27,18.0,11.86,11.93
2007-06-28,18.0,11.87,11.93
2007-06-29,18.0,11.89,11.93
2007-07-02,18.0,11.88,11.93
2007-07-03,18.0,11.87,11.93
2007-07-04,18.0,11.87,11.93
2007-07-05,18.0,11.87,11.93
2007-07-06,18.0,11.88,11.93
2007-07-09,18.0,11.89,11.93
2007-07-10,18.0,11.87,11.93
2007-07-11,18.0,11.88,11.93
2007-07-12,18.0,11.87,11.93
2007-07-13,18.0,11.86,11.93
2007-07-16,18.0,11.86,11.93
2007-07-17,18.0,11.86,11.93
2007-07-18,18.0,11.88,11.93
2007-07-19,18.0,11.35,11.43
2007-07-20,18.0,11.37,11.43
2007-07-23,18.0,11.38,11.43
2007-07-24,18.0,11.39,11.43
2007-07-25,18.0,11.38,11.43
2007-07-26,18.0,11.37,11.43
2007-07-27,18.0,11.38,11.43
2007-07-30,18.0,11.38,11.43
2007-07-31,18.0,11.37,11.43
2007-08-01,18.0,11.38,11.43
2007-08-02,18.0,11.39,11.43
2007-08-03,18.0,11.4,11.43
2007-08-06,18.0,11.4,11.43
2007-08-07,18.0,11.38,11.43
2007-08-08,18.0,11.37,11.43
2007-08-09,18.0,11.36,11.43
2007-08-10,18.0,11.37,11.43
2007-08-13,18.0,11.36,11.42
2007-08-14,18.0,11.37,11.43
2007-08-15,18.0,11.36,11.43
2007-08-16,18.0,11.36,11.43
2007-08-17,18.0,11.37,11.43
2007-08-20,18.0,11.37,11.43
2007-08-21,18.0,11.36,11.43
2007-08-22,18.0,11.36,11.43
2007-08-23,18.0,11.35,11.43
2007-08-24,18.0,11.37,11.43
2007-08-27,18.0,11.36,11.43
2007-08-28,18.0,11.36,11.43
2007-08-29,18.0,11.36,11.43
2007-08-30,18.0,11.36,11.43
2007-08-31,18.0,11.42,11.43
2007-09-03,18.0,11.45,11.43
2007-09-04,18.0,11.39,11.43
2007-09-05,18.0,11.37,11.43
2007-09-06,18.0,11.14,11.18
2007-09-07,18.0,11.14,11.18
2007-09-10,18.0,11.14,11.18
2007-09-11,18.0,11.13,11.18
2007-09-12,18.0,11.12,11.18
2007-09-13,18.0,11.11,11.18
2007-09-14,18.0,11.12,11.18
2007-09-17,18.0,11.11,11.18
2007-09-18,18.0,11.12,11.18
2007-09-19,18.0,11.1,11.18
2007-09-20,18.0,11.09,11.18
2007-09-21,18.0,11.09,11.18
2007-09-24,18.0,11.08,11.18
2007-09-25,18.0,11.08,11.18
2007-09-26,18.0,11.09,11.18
2007-09-27,18.0,11.1,11.18
2007-09-28,18.0,11.12,11.18
2007-10-01,18.0,11.12,11.18
2007-10-02,18.0,11.12,11.18
2007-10-03,18.0,11.11,11.18
2007-10-04,18.0,11.11,11.18
2007-10-05,18.0,11.11,11.18
2007-10-08,18.0,11.11,11.18
2007-10-09,18.0,11.11,11.18
2007-10-10,18.0,11.11,11.18
2007-10-11,18.0,11.11,11.18
2007-10-12,18.0,11.11,11.18
2007-10-15,18.0,11.12,11.18
2007-10-16,18.0,11.12,11.18
2007-10-17,18.0,11.09,11.18
2007-10-18,18.0,11.1,11.18
2007-10-19,18.0,11.11,11.18
2007-10-22,18.0,11.12,11.18
2007-10-23,18.0,11.11,11.18
2007-10-24,18.0,11.12,11.18
2007-10-25,18.0,11.12,11.18
2007-10-26,18.0,11.11,11.18
2007-10-29,18.0,11.12,11.18
2007-10-30,18.0,11.11,11.17
2007-10-31,18.0,11.09,11.18
2007-11-01,18.0,11.1,11.18
2007-11-02,18.0,11.1,11.18
2007-11-05,18.0,11.11,11.18
2007-11-06,18.0,11.11,11.18
2007-11-07,18.0,11.11,11.18
2007-11-08,18.0,11.1,11.18
2007-11-09,18.0,11.1,11.18
2007-11-12,18.0,11.11,11.18
2007-11-13,18.0,11.13,11.18
2007-11-14,18.0,11.11,11.18
2007-11-15,18.0,11.11,11.18
2007-11-16,18.0,11.1,11.18
2007-11-19,18.0,11.13,11.18
2007-11-20,18.0,11.13,11.18
2007-11-21,18.0,11.13,11.18
2007-11-22,18.0,11.12,11.18
2007-11-23,18.0,11.1,11.18
2007-11-26,18.0,11.11,11.18
2007-11-27,18.0,11.13,11.18
2007-11-28,18.0,11.11,11.18
2007-11-29,18.0,11.1,11.18
2007-11-30,18.0,11.12,11.18
2007-12-03,18.0,11.13,11.18
2007-12-04,18.0,11.13,11.18
2007-12-05,18.0,11.14,11.18
2007-12-06,18.0,11.12,11.18
2007-12-07,18.0,11.1,11.18
2007-12-10,18.0,11.11,11.18
2007-12-11,18.0,11.09,11.18
2007-12-12,18.0,11.09,11.18
2007-12-13,18.0,11.08,11.18
2007-12-14,18.0,11.08,11.18
2007-12-17,18.0,11.08,11.18
2007-12-18,18.0,11.09,11.18
2007-12-19,18.0,11.1,11.18
2007-12-20,18.0,11.09,11.18
2007-12-21,18.0,11.13,11.18
2007-12-24,18.0,11.13,11.18
2007-12-25,18.0,11.13,11.18
2007-12-26,18.0,11.11,11.18
2007-12-27,18.0,11.11,11.18
2007-12-28,18.0,11.12,11.18
2007-12-31,18.0,11.12,11.18
2008-01-01,18.0,11.12,11.18
2008-01-02,18.0,11.09,11.18
2008-01-03,18.0,11.09,11.18
2008-01-04,18.0,11.04,11.18
2008-01-07,18.0,11.08,11.17
2008-01-08,18.0,11.09,11.17
2008-01-09,18.0,11.1,11.18
2008-01-10,18.0,11.11,11.18
2008-01-11,18.0,11.09,11.18
2008-01-14,18.0,11.09,11.18
2008-01-15,18.0,11.08,11.18
2008-01-16,18.0,11.08,11.18
2008-01-17,18.0,11.07,11.18
2008-01-18,18.0,11.07,11.18
2008-01-21,18.0,11.08,11.17
2008-01-22,18.0,11.08,11.18
2008-01-23,18.0,11.08,11.18
2008-01-24,18.0,11.09,11.17
2008-01-25,18.0,11.09,11.18
2008-01-28,18.0,11.09,11.18
2008-01-29,18.0,11.08,11.18
2008-01-30,18.0,11.09,11.18
2008-01-31,18.0,11.1,11.18
2008-02-01,18.0,11.09,11.18
2008-02-04,18.0,11.09,11.18
2008-02-05,18.0,11.09,11.18
2008-02-06,18.0,11.1,11.18
2008-02-07,18.0,11.09,11.18
2008-02-08,18.0,11.08,11.18
2008-02-11,18.0,11.09,11.18
2008-02-12,18.0,11.09,11.18
2008-02-13,18.0,11.08,11.18
2008-02-14,18.0,11.07,11.18
2008-02-15,18.0,11.06,11.17
2008-02-18,18.0,11.07,11.18
2008-02-19,18.0,11.06,11.18
2008-02-20,18.0,11.06,11.18
2008-02-21,18.0,11.05,11.18
2008-02-22,18.0,11.06,11.18
2008-02-25,18.0,11.06,11.18
2008-02-26,18.0,11.07,11.18
2008-02-27,18.0,11.07,11.18
2008-02-28,18.0,11.08,11.18
2008-02-29,18.0,11.08,11.18
2008-03-03,18.0,11.1,11.18
2008-03-04,18.0,11.09,11.17
2008-03-05,18.0,11.08,11.18
2008-03-06,18.0,11.08,11.18
2008-03-07,18.0,11.09,11.18
2008-03-10,18.0,11.09,11.18
2008-03-11,18.0,11.1,11.18
2008-03-12,18.0,11.08,11.18
2008-03-13,18.0,11.08,11.18
2008-03-14,18.0,11.1,11.18
2008-03-17,18.0,11.09,11.18
2008-03-18,18.0,11.09,11.17
2008-03-19,18.0,11.1,11.18
2008-03-20,18.0,11.11,11.18
2008-03-21,18.0,11.11,11.18
2008-03-24,18.0,11.1,11.18
2008-03-25,18.0,11.1,11.18
2008-03-26,18.0,11.09,11.18
2008-03-27,18.0,11.09,11.18
2008-03-28,18.0,11.09,11.18
2008-03-31,18.0,11.15,11.18
2008-04-01,18.0,11.14,11.18
2008-04-02,18.0,11.1,11.13
2008-04-03,18.0,11.15,11.18
2008-04-04,18.0,11.13,11.18
2008-04-07,18.0,11.15,11.18
2008-04-08,18.0,11.11,11.18
2008-04-09,18.0,11.1,11.18
2008-04-10,18.0,11.11,11.18
2008-04-11,18.0,11.11,11.18
2008-04-14,18.0,11.11,11.18
2008-04-15,18.0,11.12,11.18
2008-04-16,18.0,11.12,11.18
2008-04-17,18.0,11.62,11.68
2008-04-18,18.0,11.62,11.65
2008-04-21,18.0,11.62,11.65
2008-04-22,18.0,11.61,11.64
2008-04-23,18.0,11.58,11.64
2008-04-24,18.0,11.58,11.62
2008-04-25,18.0,11.59,11.6
2008-04-28,18.0,11.58,11.61
2008-04-29,18.0,11.57,11.61
2008-04-30,18.0,11.57,11.61
2008-05-01,18.0,11.57,11.61
2008-05-02,18.0,11.58,11.61
2008-05-05,18.0,11.56,11.61
2008-05-06,18.0,11.56,11.61
2008-05-07,18.0,11.55,11.61
2008-05-08,18.0,11.55,11.6
2008-05-09,18.0,11.56,11.61
2008-05-12,18.0,11.56,11.61
2008-05-13,18.0,11.56,11.62
2008-05-14,18.0,11.54,11.63
2008-05-15,18.0,11.54,11.63
2008-05-16,18.0,11.54,11.64
2008-05-19,18.0,11.53,11.64
2008-05-20,18.0,11.55,11.64
2008-05-21,18.0,11.55,11.64
2008-05-22,18.0,11.55,11.64
2008-05-23,18.0,11.54,11.64
2008-05-26,18.0,11.55,11.64
2008-05-27,18.0,11.55,11.64
2008-05-28,18.0,11.54,11.64
2008-05-29,18.0,11.53,11.64
2008-05-30,18.0,11.55,11.64
2008-06-02,18.0,11.56,11.64
2008-06-03,18.0,11.54,11.64
2008-06-04,18.0,11.53,11.64
2008-06-05,18.0,12.03,12.14
2008-06-06,18.0,12.03,12.14
2008-06-09,18.0,12.04,12.14
2008-06-10,18.0,12.06,12.16
2008-06-11,18.0,12.07,12.17
2008-06-12,18.0,12.08,12.17
2008-06-13,18.0,12.07,12.17
2008-06-16,18.0,12.07,12.17
2008-06-17,18.0,12.08,12.17
2008-06-18,18.0,12.06,12.17
2008-06-19,18.0,12.06,12.17
2008-06-20,18.0,12.06,12.17
2008-06-23,18.0,12.09,12.17
2008-06-24,18.0,12.08,12.17
2008-06-25,18.0,12.08,12.17
2008-06-26,18.0,12.07,12.17
2008-06-27,18.0,12.07,12.17
2008-06-30,18.0,12.09,12.17
2008-07-01,18.0,12.18,12.17
2008-07-02,18.0,12.13,12.17
2008-07-03,18.0,12.1,12.17
2008-07-04,18.0,12.12,12.17
2008-07-07,18.0,12.11,12.17
2008-07-08,18.0,12.13,12.17
2008-07-09,18.0,12.14,12.17
2008-07-10,18.0,12.12,12.17
2008-07-11,18.0,12.11,12.17
2008-07-14,18.0,12.09,12.17
2008-07-15,18.0,12.08,12.17
2008-07-16,18.0,12.1,12.17
2008-07-17,18.0,12.09,12.17
2008-07-18,18.0,12.09,12.17
2008-07-21,18.0,12.1,12.17
2008-07-22,18.0,12.08,12.17
2008-07-23,18.0,12.07,12.16
2008-07-24,18.0,12.84,12.91
2008-07-25,18.0,12.84,12.92
2008-07-28,18.0,12.83,12.92
2008-07-29,18.0,12.83,12.92
2008-07-30,18.0,12.84,12.92
2008-07-31,18.0,12.85,12.92
2008-08-01,18.0,12.88,12.92
2008-08-04,18.0,12.86,12.92
2008-08-05,18.0,12.87,12.92
2008-08-06,18.0,12.87,12.92
2008-08-07,18.0,12.87,12.92
2008-08-08,18.0,12.86,12.92
2008-08-11,18.0,12.84,12.92
2008-08-12,18.0,12.84,12.91
2008-08-13,18.0,12.85,12.91
2008-08-14,18.0,12.85,12.92
2008-08-15,18.0,12.85,12.92
2008-08-18,18.0,12.88,12.92
2008-08-19,18.0,12.87,12.92
2008-08-20,18.0,12.86,12.92
2008-08-21,18.0,12.86,12.92
2008-08-22,18.0,12.84,12.92
2008-08-25,18.0,12.85,12.92
2008-08-26,18.0,12.84,12.92
2008-08-27,18.0,12.84,12.92
2008-08-28,18.0,12.84,12.92
2008-08-29,18.0,12.82,12.92
2008-09-01,18.0,12.84,12.91
2008-09-02,18.0,12.83,12.92
2008-09-03,18.0,12.87,12.92
2008-09-04,18.0,12.84,12.92
2008-09-05,18.0,12.81,12.92
2008-09-08,18.0,12.89,12.91
2008-09-09,18.0,12.86,12.92
2008-09-10,18.0,12.88,12.92
2008-09-11,18.0,13.63,13.66
2008-09-12,18.0,13.59,13.66
2008-09-15,18.0,13.59,13.66
2008-09-16,18.0,13.6,13.66
2008-09-17,18.0,13.58,13.66
2008-09-18,18.0,13.58,13.66
2008-09-19,18.0,13.65,13.66
2008-09-22,18.0,13.68,13.66
2008-09-23,18.0,13.62,13.66
2008-09-24,18.0,13.59,13.66
2008-09-25,18.0,13.6,13.66
2008-09-26,18.0,13.6,13.66
2008-09-29,18.0,13.58,13.67
2008-09-30,18.0,13.59,13.66
2008-10-01,18.0,13.58,13.66
2008-10-02,18.0,13.61,13.67
2008-10-03,18.0,13.65,13.67
2008-10-06,18.0,13.75,13.67
2008-10-07,18.0,13.7,13.67
2008-10-08,18.0,13.67,13.67
2008-10-09,18.0,13.65,13.67
2008-10-10,18.0,13.66,13.67
2008-10-13,18.0,13.71,13.67
2008-10-14,18.0,13.64,13.67
2008-10-15,18.0,13.68,13.67
2008-10-16,18.0,13.66,13.66
2008-10-17,18.0,13.64,13.66
2008-10-20,18.0,13.67,13.66
2008-10-21,18.0,13.62,13.66
2008-10-22,18.0,13.55,13.66
2008-10-23,18.0,13.6,13.66
2008-10-24,18.0,13.63,13.66
2008-10-27,18.0,13.63,13.66
2008-10-28,18.0,13.64,13.66
2008-10-29,18.0,13.62,13.67
2008-10-30,18.0,13.57,13.67
2008-10-31,18.0,13.59,13.65
2008-11-03,18.0,13.58,13.65
2008-11-04,18.0,13.56,13.65
2008-11-05,18.0,13.56,13.65
2008-11-06,18.0,13.5,13.65
2008-11-07,18.0,13.49,13.64
2008-11-10,18.0,13.5,13.64
2008-11-11,18.0,13.46,13.64
2008-11-12,18.0,13.4,13.64
2008-11-13,18.0,13.24,13.64
2008-11-14,18.0,13.25,13.63
2008-11-17,18.0,13.28,13.63
2008-11-18,18.0,13.25,13.63
2008-11-19,18.0,12.92,13.64
2008-11-20,18.0,12.87,13.63
2008-11-21,18.0,13.08,13.63
2008-11-24,18.0,13.16,13.64
2008-11-25,18.0,13.14,13.64
2008-11-26,18.0,13.15,13.64
2008-11-27,18.0,13.22,13.64
2008-11-28,18.0,13.36,13.65
2008-12-01,18.0,13.47,13.65
2008-12-02,18.0,13.48,13.66
2008-12-03,18.0,13.46,13.66
2008-12-04,18.0,13.47,13.66
2008-12-05,18.0,13.46,13.66
2008-12-08,18.0,13.46,13.66
2008-12-09,18.0,13.47,13.66
2008-12-10,18.0,13.46,13.66
2008-12-11,18.0,13.46,13.66
2008-12-12,18.0,13.45,13.66
2008-12-15,18.0,13.46,13.66
2008-12-16,18.0,13.46,13.66
2008-12-17,18.0,13.48,13.66
2008-12-18,18.0,13.5,13.66
2008-12-19,18.0,13.46,13.66
2008-12-22,18.0,13.51,13.66
2008-12-23,18.0,13.47,13.66
2008-12-24,18.0,13.52,13.66
2008-12-25,18.0,13.52,13.66
2008-12-26,18.0,13.51,13.66
2008-12-29,18.0,13.59,13.66
2008-12-30,18.0,13.61,13.66
2008-12-31,18.0,13.62,13.67
2009-01-01,18.0,13.62,13.67
2009-01-02,18.0,13.62,13.67
2009-01-05,18.0,13.59,13.66
2009-01-06,18.0,13.6,13.66
2009-01-07,18.0,13.61,13.66
2009-01-08,18.0,13.6,13.66
2009-01-09,18.0,13.61,13.66
2009-01-12,18.0,13.6,13.66
2009-01-13,18.0,13.6,13.66
2009-01-14,18.0,13.6,13.66
2009-01-15,18.0,13.62,13.66
2009-01-16,18.0,13.61,13.66
2009-01-19,18.0,13.38,13.66
2009-01-20,18.0,13.45,13.65
2009-01-21,18.0,13.61,13.65
2009-01-22,18.0,12.61,12.65
2009-01-23,18.0,12.61,12.66
2009-01-26,18.0,12.62,12.65
2009-01-27,18.0,12.62,12.66
2009-01-28,18.0,12.62,12.66
2009-01-29,18.0,12.62,12.66
2009-01-30,18.0,12.61,12.66
2009-02-02,18.0,12.63,12.66
2009-02-03,18.0,12.62,12.66
2009-02-04,18.0,12.63,12.66
2009-02-05,18.0,12.63,12.66
2009-02-06,18.0,12.63,12.66
2009-02-09,18.0,12.62,12.66
2009-02-10,18.0,12.63,12.66
2009-02-11,18.0,12.62,12.66
2009-02-12,18.0,12.63,12.66
2009-02-13,18.0,12.62,12.66
2009-02-16,18.0,12.63,12.66
2009-02-17,18.0,12.62,12.66
2009-02-18,18.0,12.62,12.66
2009-02-19,18.0,12.62,12.66
2009-02-20,18.0,12.62,12.66
2009-02-23,18.0,12.62,12.66
2009-02-24,18.0,12.62,12.66
2009-02-25,18.0,12.62,12.66
2009-02-26,18.0,12.62,12.66
2009-02-27,18.0,12.6,12.66
2009-03-02,18.0,12.61,12.66
2009-03-03,18.0,12.62,12.66
2009-03-04,18.0,12.62,12.66
2009-03-05,18.0,12.62,12.66
2009-03-06,18.0,12.62,12.66
2009-03-09,18.0,12.62,12.66
2009-03-10,18.0,12.62,12.66
2009-03-11,18.0,12.6,12.66
2009-03-12,18.0,11.12,11.16
2009-03-13,18.0,11.12,11.16
2009-03-16,18.0,11.05,11.16
2009-03-17,18.0,11.02,11.16
2009-03-18,18.0,11.11,11.16
2009-03-19,18.0,11.13,11.16
2009-03-20,18.0,11.13,11.16
2009-03-23,18.0,11.13,11.16
2009-03-24,18.0,11.12,11.16
2009-03-25,18.0,11.12,11.16
2009-03-26,18.0,11.12,11.16
2009-03-27,18.0,11.1,11.16
2009-03-30,18.0,11.03,11.16
2009-03-31,18.0,11.08,11.16
2009-04-01,18.0,11.13,11.16
2009-04-02,18.0,11.13,11.16
2009-04-03,18.0,11.13,11.16
2009-04-06,18.0,11.13,11.16
2009-04-07,18.0,11.13,11.16
2009-04-08,18.0,11.13,11.16
2009-04-09,18.0,11.13,11.16
2009-04-10,18.0,11.13,11.16
2009-04-13,18.0,11.03,11.16
2009-04-14,18.0,11.02,11.16
2009-04-15,18.0,11.13,11.16
2009-04-16,18.0,11.13,11.16
2009-04-17,18.0,11.06,11.16
2009-04-20,18.0,11.07,11.16
2009-04-21,18.0,11.07,11.16
2009-04-22,18.0,11.12,11.16
2009-04-23,18.0,11.13,11.16
2009-04-24,18.0,11.13,11.16
2009-04-27,18.0,11.13,11.16
2009-04-28,18.0,11.12,11.16
2009-04-29,18.0,10.99,11.15
2009-04-30,18.0,10.12,10.16
2009-05-01,18.0,10.12,10.16
2009-05-04,18.0,10.13,10.16
2009-05-05,18.0,10.13,10.16
2009-05-06,18.0,10.13,10.16
2009-05-07,18.0,10.13,10.16
2009-05-08,18.0,10.12,10.16
2009-05-11,18.0,10.12,10.16
2009-05-12,18.0,10.12,10.15
2009-05-13,18.0,10.12,10.16
2009-05-14,18.0,10.12,10.16
2009-05-15,18.0,10.13,10.16
2009-05-18,18.0,10.13,10.16
2009-05-19,18.0,10.13,10.16
2009-05-20,18.0,10.13,10.16
2009-05-21,18.0,10.02,10.16
2009-05-22,18.0,9.99,10.16
2009-05-25,18.0,9.98,10.16
2009-05-26,18.0,10.12,10.16
2009-05-27,18.0,10.12,10.16
2009-05-28,18.0,10.1,10.16
2009-05-29,18.0,10.01,10.16
2009-06-01,18.0,10.0,10.16
2009-06-02,18.0,10.1,10.16
2009-06-03,18.0,10.05,10.16
2009-06-04,18.0,10.09,10.16
2009-06-05,18.0,10.1,10.16
2009-06-08,18.0,10.01,10.16
2009-06-09,18.0,9.9,10.16
2009-06-10,18.0,9.94,10.15
2009-06-11,18.0,9.94,10.15
2009-06-12,18.0,9.11,9.16
2009-06-15,18.0,9.01,9.16
2009-06-16,18.0,8.99,9.16
2009-06-17,18.0,8.99,9.16
2009-06-18,18.0,9.0,9.16
2009-06-19,18.0,9.01,9.16
2009-06-22,18.0,8.98,9.16
2009-06-23,18.0,8.98,9.16
2009-06-24,18.0,8.97,9.16
2009-06-25,18.0,8.99,9.16
2009-06-26,18.0,9.12,9.16
2009-06-29,18.0,9.11,9.16
2009-06-30,18.0,8.96,9.16
2009-07-01,18.0,9.08,9.16
2009-07-02,18.0,9.1,9.16
2009-07-03,18.0,9.11,9.16
2009-07-06,18.0,9.12,9.16
2009-07-07,18.0,9.12,9.16
2009-07-08,18.0,9.02,9.16
2009-07-09,18.0,9.01,9.16
2009-07-10,18.0,9.13,9.16
2009-07-13,18.0,9.12,9.16
2009-07-14,18.0,9.0,9.16
2009-07-15,18.0,8.96,9.16
2009-07-16,18.0,9.13,9.16
2009-07-17,18.0,9.13,9.16
2009-07-20,18.0,9.13,9.16
2009-07-21,18.0,9.12,9.16
2009-07-22,18.0,9.0,9.15
2009-07-23,18.0,8.62,8.66
2009-07-24,18.0,8.62,8.66
2009-07-27,18.0,8.62,8.66
2009-07-28,18.0,8.51,8.65
2009-07-29,18.0,8.62,8.66
2009-07-30,18.0,8.61,8.65
2009-07-31,18.0,8.61,8.65
2009-08-03,18.0,8.63,8.65
2009-08-04,18.0,8.61,8.65
2009-08-05,18.0,8.61,8.65
2009-08-06,18.0,8.62,8.65
2009-08-07,18.0,8.62,8.65
2009-08-10,18.0,8.62,8.65
2009-08-11,18.0,8.62,8.65
2009-08-12,18.0,8.62,8.65
2009-08-13,18.0,8.62,8.65
2009-08-14,18.0,8.62,8.65
2009-08-17,18.0,8.62,8.65
2009-08-18,18.0,8.62,8.65
2009-08-19,18.0,8.63,8.65
2009-08-20,18.0,8.63,8.65
2009-08-21,18.0,8.62,8.65
2009-08-24,18.0,8.62,8.65
2009-08-25,18.0,8.62,8.65
2009-08-26,18.0,8.62,8.65
2009-08-27,18.0,8.62,8.65
2009-08-28,18.0,8.62,8.65
2009-08-31,18.0,8.62,8.65
2009-09-01,18.0,8.62,8.65
2009-09-02,18.0,8.62,8.65
2009-09-03,18.0,8.62,8.65
2009-09-04,18.0,8.62,8.65
2009-09-07,18.0,8.62,8.65
2009-09-08,18.0,8.62,8.65
2009-09-09,18.0,8.63,8.65
2009-09-10,18.0,8.63,8.65
2009-09-11,18.0,8.63,8.65
2009-09-14,18.0,8.63,8.65
2009-09-15,18.0,8.62,8.65
2009-09-16,18.0,8.63,8.65
2009-09-17,18.0,8.62,8.65
2009-09-18,18.0,8.63,8.65
2009-09-21,18.0,8.62,8.65
2009-09-22,18.0,8.63,8.65
2009-09-23,18.0,8.63,8.65
2009-09-24,18.0,8.62,8.65
2009-09-25,18.0,8.62,8.65
2009-09-28,18.0,8.62,8.65
2009-09-29,18.0,8.59,8.65
2009-09-30,18.0,8.6,8.65
2009-10-01,18.0,8.62,8.65
2009-10-02,18.0,8.62,8.65
2009-10-05,18.0,8.62,8.65
2009-10-06,18.0,8.62,8.65
2009-10-07,18.0,8.62,8.65
2009-10-08,18.0,8.61,8.65
2009-10-09,18.0,8.61,8.65
2009-10-12,18.0,8.61,8.65
2009-10-13,18.0,8.61,8.65
2009-10-14,18.0,8.61,8.65
2009-10-15,18.0,8.61,8.65
2009-10-16,18.0,8.62,8.65
2009-10-19,18.0,8.62,8.65
2009-10-20,18.0,8.62,8.65
2009-10-21,18.0,8.62,8.65
2009-10-22,18.0,8.62,8.65
2009-10-23,18.0,8.62,8.65
2009-10-26,18.0,8.62,8.65
2009-10-27,18.0,8.62,8.65
2009-10-28,18.0,8.61,8.65
2009-10-29,18.0,8.62,8.65
2009-10-30,18.0,8.62,8.65
2009-11-02,18.0,8.62,8.65
2009-11-03,18.0,8.63,8.65
2009-11-04,18.0,8.63,8.65
2009-11-05,18.0,8.63,8.65
2009-11-06,18.0,8.63,8.65
2009-11-09,18.0,8.63,8.65
2009-11-10,18.0,8.63,8.65
2009-11-11,18.0,8.64,8.65
2009-11-12,18.0,8.63,8.65
2009-11-13,18.0,8.63,8.65
2009-11-16,18.0,8.63,8.65
2009-11-17,18.0,8.62,8.65
2009-11-18,18.0,8.62,8.65
2009-11-19,18.0,8.62,8.65
2009-11-20,18.0,8.63,8.65
2009-11-23,18.0,8.61,8.65
2009-11-24,18.0,8.64,8.65
2009-11-25,18.0,8.65,8.65
2009-11-26,18.0,8.65,8.65
2009-11-27,18.0,8.6,8.65
2009-11-30,18.0,8.62,8.65
2009-12-01,18.0,8.6,8.65
2009-12-02,18.0,8.63,8.65
2009-12-03,18.0,8.63,8.65
2009-12-04,18.0,8.62,8.65
2009-12-07,18.0,8.56,8.65
2009-12-08,18.0,8.61,8.65
2009-12-09,18.0,8.63,8.65
2009-12-10,18.0,8.62,8.65
2009-12-11,18.0,8.62,8.65
2009-12-14,18.0,8.62,8.65
2009-12-15,18.0,8.63,8.65
2009-12-16,18.0,8.63,8.65
2009-12-17,18.0,8.63,8.65
2009-12-18,18.0,8.63,8.65
2009-12-21,18.0,8.64,8.65
2009-12-22,18.0,8.62,8.65
2009-12-23,18.0,8.61,8.65
2009-12-24,18.0,8.61,8.65
2009-12-25,18.0,8.61,8.65
2009-12-28,18.0,8.62,8.65
2009-12-29,18.0,8.62,8.64
2009-12-30,18.0,8.55,8.65
2009-12-31,18.0,8.55,8.65
2010-01-01,18.0,8.55,8.65
2010-01-04,18.0,8.61,8.65
2010-01-05,18.0,8.61,8.65
2010-01-06,18.0,8.61,8.65
2010-01-07,18.0,8.62,8.65
2010-01-08,18.0,8.62,8.65
2010-01-11,18.0,8.62,8.65
2010-01-12,18.0,8.62,8.65
2010-01-13,18.0,8.62,8.65
2010-01-14,18.0,8.62,8.65
2010-01-15,18.0,8.61,8.65
2010-01-18,18.0,8.61,8.65
2010-01-19,18.0,8.61,8.65
2010-01-20,18.0,8.62,8.65
2010-01-21,18.0,8.62,8.65
2010-01-22,18.0,8.62,8.65
2010-01-25,18.0,8.62,8.65
2010-01-26,18.0,8.62,8.64
2010-01-27,18.0,8.62,8.65
2010-01-28,18.0,8.62,8.65
2010-01-29,18.0,8.63,8.65
2010-02-01,18.0,8.63,8.65
2010-02-02,18.0,8.62,8.65
2010-02-03,18.0,8.61,8.65
2010-02-04,18.0,8.62,8.65
2010-02-05,18.0,8.62,8.65
2010-02-08,18.0,8.62,8.65
2010-02-09,18.0,8.62,8.65
2010-02-10,18.0,8.62,8.65
2010-02-11,18.0,8.62,8.65
2010-02-12,18.0,8.62,8.65
2010-02-15,18.0,8.62,8.65
2010-02-16,18.0,8.62,8.65
2010-02-17,18.0,8.62,8.65
2010-02-18,18.0,8.63,8.65
2010-02-19,18.0,8.63,8.65
2010-02-22,18.0,8.63,8.65
2010-02-23,18.0,8.63,8.65
2010-02-24,18.0,8.62,8.65
2010-02-25,18.0,8.62,8.65
2010-02-26,18.0,8.62,8.65
2010-03-01,18.0,8.61,8.65
2010-03-02,18.0,8.62,8.65
2010-03-03,18.0,8.62,8.65
2010-03-04,18.0,8.61,8.65
2010-03-05,18.0,8.61,8.65
2010-03-08,18.0,8.63,8.65
2010-03-09,18.0,8.63,8.65
2010-03-10,18.0,8.63,8.65
2010-03-11,18.0,8.62,8.65
2010-03-12,18.0,8.61,8.65
2010-03-15,18.0,8.62,8.65
2010-03-16,18.0,8.61,8.65
2010-03-17,18.0,8.62,8.65
2010-03-18,18.0,8.61,8.65
2010-03-19,18.0,8.62,8.65
2010-03-22,18.0,8.62,8.65
2010-03-23,18.0,8.62,8.65
2010-03-24,18.0,8.62,8.65
2010-03-25,18.0,8.61,8.65
2010-03-26,18.0,8.6,8.65
2010-03-29,18.0,8.56,8.65
2010-03-30,18.0,8.59,8.65
2010-03-31,18.0,8.61,8.65
2010-04-01,18.0,8.58,8.65
2010-04-02,18.0,8.58,8.65
2010-04-05,18.0,8.61,8.65
2010-04-06,18.0,8.62,8.65
2010-04-07,18.0,8.63,8.65
2010-04-08,18.0,8.62,8.65
2010-04-09,18.0,8.62,8.65
2010-04-12,18.0,8.63,8.65
2010-04-13,18.0,8.62,8.65
2010-04-14,18.0,8.61,8.65
2010-04-15,18.0,8.62,8.65
2010-04-16,18.0,8.63,8.65
2010-04-19,18.0,8.63,8.65
2010-04-20,18.0,8.63,8.65
2010-04-21,18.0,8.63,8.65
2010-04-22,18.0,8.62,8.65
2010-04-23,18.0,8.62,8.64
2010-04-26,18.0,8.62,8.64
2010-04-27,18.0,8.63,8.64
2010-04-28,18.0,8.62,8.64
2010-04-29,18.0,9.38,9.39
2010-04-30,18.0,9.38,9.4
2010-05-03,18.0,9.41,9.4
2010-05-04,18.0,9.41,9.4
2010-05-05,18.0,9.41,9.4
2010-05-06,18.0,9.39,9.4
2010-05-07,18.0,9.39,9.4
2010-05-10,18.0,9.38,9.4
2010-05-11,18.0,9.37,9.4
2010-05-12,18.0,9.38,9.4
2010-05-13,18.0,9.38,9.4
2010-05-14,18.0,9.38,9.4
2010-05-17,18.0,9.38,9.4
2010-05-18,18.0,9.37,9.4
2010-05-19,18.0,9.37,9.4
2010-05-20,18.0,9.37,9.4
2010-05-21,18.0,9.37,9.4
2010-05-24,18.0,9.38,9.39
2010-05-25,18.0,9.38,9.4
2010-05-26,18.0,9.38,9.4
2010-05-27,18.0,9.37,9.4
2010-05-28,18.0,9.38,9.39
2010-05-31,18.0,9.37,9.39
2010-06-01,18.0,9.4,9.4
2010-06-02,18.0,9.4,9.4
2010-06-03,18.0,9.4,9.4
2010-06-04,18.0,9.39,9.4
2010-06-07,18.0,9.4,9.4
2010-06-08,18.0,9.39,9.4
2010-06-09,18.0,9.38,9.4
2010-06-10,18.0,10.12,10.15
2010-06-11,18.0,10.08,10.15
2010-06-14,18.0,10.11,10.15
2010-06-15,18.0,10.13,10.15
2010-06-16,18.0,10.12,10.15
2010-06-17,18.0,10.12,10.15
2010-06-18,18.0,10.13,10.15
2010-06-21,18.0,10.13,10.15
2010-06-22,18.0,10.13,10.15
2010-06-23,18.0,10.13,10.15
2010-06-24,18.0,10.13,10.15
2010-06-25,18.0,10.13,10.15
2010-06-28,18.0,10.13,10.16
2010-06-29,18.0,10.13,10.16
2010-06-30,18.0,10.12,10.16
2010-07-01,18.0,10.14,10.16
2010-07-02,18.0,10.14,10.16
2010-07-05,18.0,10.14,10.16
2010-07-06,18.0,10.14,10.16
2010-07-07,18.0,10.14,10.16
2010-07-08,18.0,10.14,10.16
2010-07-09,18.0,10.14,10.16
2010-07-12,18.0,10.14,10.16
2010-07-13,18.0,10.14,10.16
2010-07-14,18.0,10.13,10.16
2010-07-15,18.0,10.14,10.16
2010-07-16,18.0,10.14,10.16
2010-07-19,18.0,10.13,10.16
2010-07-20,18.0,10.14,10.16
2010-07-21,18.0,10.14,10.16
2010-07-22,18.0,10.64,10.66
2010-07-23,18.0,10.64,10.66
2010-07-26,18.0,10.64,10.66
2010-07-27,18.0,10.63,10.66
2010-07-28,18.0,10.63,10.66
2010-07-29,18.0,10.63,10.66
2010-07-30,18.0,10.63,10.66
2010-08-02,18.0,10.65,10.66
2010-08-03,18.0,10.64,10.66
2010-08-04,18.0,10.64,10.66
2010-08-05,18.0,10.64,10.66
2010-08-06,18.0,10.64,10.66
2010-08-09,18.0,10.64,10.66
2010-08-10,18.0,10.64,10.66
2010-08-11,18.0,10.64,10.66
2010-08-12,18.0,10.64,10.66
2010-08-13,18.0,10.64,10.66
2010-08-16,18.0,10.64,10.66
2010-08-17,18.0,10.64,10.66
2010-08-18,18.0,10.63,10.66
2010-08-19,18.0,10.63,10.66
2010-08-20,18.0,10.63,10.66
2010-08-23,18.0,10.63,10.66
2010-08-24,18.0,10.63,10.66
2010-08-25,18.0,10.64,10.66
2010-08-26,18.0,10.63,10.66
2010-08-27,18.0,10.64,10.66
2010-08-30,18.0,10.61,10.66
2010-08-31,18.0,10.63,10.66
2010-09-01,18.0,10.63,10.66
2010-09-02,18.0,10.63,10.66
2010-09-03,18.0,10.62,10.66
2010-09-06,18.0,10.61,10.66
2010-09-07,18.0,10.61,10.66
2010-09-08,18.0,10.62,10.66
2010-09-09,18.0,10.64,10.66
2010-09-10,18.0,10.63,10.66
2010-09-13,18.0,10.62,10.66
2010-09-14,18.0,10.62,10.66
2010-09-15,18.0,10.58,10.66
2010-09-16,18.0,10.6,10.66
2010-09-17,18.0,10.62,10.66
2010-09-20,18.0,10.62,10.66
2010-09-21,18.0,10.62,10.66
2010-09-22,18.0,10.62,10.66
2010-09-23,18.0,10.63,10.66
2010-09-24,18.0,10.63,10.66
2010-09-27,18.0,10.63,10.66
2010-09-28,18.0,10.62,10.66
2010-09-29,18.0,10.6,10.66
2010-09-30,18.0,10.61,10.66
2010-10-01,18.0,10.64,10.66
2010-10-04,18.0,10.64,10.66
2010-10-05,18.0,10.64,10.66
2010-10-06,18.0,10.64,10.66
2010-10-07,18.0,10.64,10.66
2010-10-08,18.0,10.64,10.66
2010-10-11,18.0,10.64,10.66
2010-10-12,18.0,10.64,10.66
2010-10-13,18.0,10.64,10.66
2010-10-14,18.0,10.63,10.66
2010-10-15,18.0,10.64,10.66
2010-10-18,18.0,10.64,10.66
2010-10-19,18.0,10.64,10.66
2010-10-20,18.0,10.64,10.66
2010-10-21,18.0,10.64,10.66
2010-10-22,18.0,10.64,10.66
2010-10-25,18.0,10.64,10.66
2010-10-26,18.0,10.64,10.66
2010-10-27,18.0,10.64,10.66
2010-10-28,18.0,10.64,10.66
2010-10-29,18.0,10.64,10.66
2010-11-01,18.0,10.64,10.66
2010-11-02,18.0,10.64,10.66
2010-11-03,18.0,10.64,10.66
2010-11-04,18.0,10.64,10.66
2010-11-05,18.0,10.64,10.66
2010-11-08,18.0,10.64,10.66
2010-11-09,18.0,10.64,10.66
2010-11-10,18.0,10.63,10.66
2010-11-11,18.0,10.63,10.66
2010-11-12,18.0,10.64,10.66
2010-11-15,18.0,10.64,10.66
2010-11-16,18.0,10.64,10.66
2010-11-17,18.0,10.64,10.66
2010-11-18,18.0,10.64,10.66
2010-11-19,18.0,10.64,10.66
2010-11-22,18.0,10.64,10.66
2010-11-23,18.0,10.64,10.66
2010-11-24,18.0,10.64,10.66
2010-11-25,18.0,10.64,10.66
2010-11-26,18.0,10.64,10.66
2010-11-29,18.0,10.64,10.66
2010-11-30,18.0,10.64,10.66
2010-12-01,18.0,10.64,10.66
2010-12-02,18.0,10.64,10.66
2010-12-03,18.0,10.64,10.66
2010-12-06,18.0,10.64,10.66
2010-12-07,18.0,10.64,10.66
2010-12-08,18.0,10.64,10.66
2010-12-09,18.0,10.64,10.66
2010-12-10,18.0,10.65,10.66
2010-12-13,18.0,10.64,10.66
2010-12-14,18.0,10.64,10.66
2010-12-15,18.0,10.64,10.66
2010-12-16,18.0,10.64,10.67
2010-12-17,18.0,10.64,10.66
2010-12-20,18.0,10.64,10.66
2010-12-21,18.0,10.64,10.66
2010-12-22,18.0,10.64,10.66
2010-12-23,18.0,10.64,10.66
2010-12-24,18.0,10.64,10.66
2010-12-27,18.0,10.64,10.66
2010-12-28,18.0,10.64,10.66
2010-12-29,18.0,10.64,10.66
2010-12-30,18.0,10.64,10.67
2010-12-31,18.0,10.64,10.67
2011-01-03,18.0,10.64,10.67
2011-01-04,18.0,10.64,10.66
2011-01-05,18.0,10.64,10.67
2011-01-06,18.0,10.64,10.66
2011-01-07,18.0,10.64,10.67
2011-01-10,18.0,10.64,10.66
2011-01-11,18.0,10.64,10.66
2011-01-12,18.0,10.64,10.66
2011-01-13,18.0,10.64,10.66
2011-01-14,18.0,10.64,10.66
2011-01-17,18.0,10.64,10.66
2011-01-18,18.0,10.64,10.66
2011-01-19,18.0,10.64,10.66
2011-01-20,18.0,11.14,11.16
2011-01-21,18.0,11.14,11.16
2011-01-24,18.0,11.14,11.16
2011-01-25,18.0,11.14,11.16
2011-01-26,18.0,11.14,11.16
2011-01-27,18.0,11.14,11.17
2011-01-28,18.0,11.14,11.17
2011-01-31,18.0,11.14,11.17
2011-02-01,18.0,11.14,11.16
2011-02-02,18.0,11.14,11.17
2011-02-03,18.0,11.14,11.17
2011-02-04,18.0,11.14,11.17
2011-02-07,18.0,11.14,11.17
2011-02-08,18.0,11.14,11.17
2011-02-09,18.0,11.14,11.17
2011-02-10,18.0,11.15,11.17
2011-02-11,18.0,11.14,11.17
2011-02-14,18.0,11.15,11.17
2011-02-15,18.0,11.15,11.17
2011-02-16,18.0,11.15,11.17
2011-02-17,18.0,11.15,11.17
2011-02-18,18.0,11.16,11.17
2011-02-21,18.0,11.16,11.17
2011-02-22,18.0,11.16,11.17
2011-02-23,18.0,11.16,11.17
2011-02-24,18.0,11.16,11.17
2011-02-25,18.0,11.16,11.17
2011-02-28,18.0,11.15,11.17
2011-03-01,18.0,11.16,11.17
2011-03-02,18.0,11.16,11.17
2011-03-03,18.0,11.64,11.67
2011-03-04,18.0,11.64,11.67
2011-03-07,18.0,11.64,11.67
2011-03-08,18.0,11.64,11.67
2011-03-09,18.0,11.64,11.67
2011-03-10,18.0,11.64,11.67
2011-03-11,18.0,11.64,11.67
2011-03-14,18.0,11.64,11.67
2011-03-15,18.0,11.65,11.67
2011-03-16,18.0,11.65,11.67
2011-03-17,18.0,11.64,11.67
2011-03-18,18.0,11.65,11.67
2011-03-21,18.0,11.64,11.67
2011-03-22,18.0,11.64,11.67
2011-03-23,18.0,11.65,11.67
2011-03-24,18.0,11.65,11.67
2011-03-25,18.0,11.65,11.67
2011-03-28,18.0,11.66,11.67
2011-03-29,18.0,11.66,11.67
2011-03-30,18.0,11.66,11.67
2011-03-31,18.0,11.66,11.67
2011-04-01,18.0,11.67,11.67
2011-04-04,18.0,11.66,11.67
2011-04-05,18.0,11.65,11.67
2011-04-06,18.0,11.64,11.67
2011-04-07,18.0,11.65,11.67
2011-04-08,18.0,11.64,11.67
2011-04-11,18.0,11.64,11.67
2011-04-12,18.0,11.63,11.67
2011-04-13,18.0,11.65,11.67
2011-04-14,18.0,11.66,11.67
2011-04-15,18.0,11.66,11.67
2011-04-18,18.0,11.69,11.67
2011-04-19,18.0,11.66,11.67
2011-04-20,18.0,11.64,11.67
2011-04-21,18.0,11.64,11.67
2011-04-22,18.0,11.64,11.67
2011-04-25,18.0,11.88,11.92
2011-04-26,18.0,11.89,11.92
2011-04-27,18.0,11.89,11.92
2011-04-28,18.0,11.89,11.92
2011-04-29,18.0,11.91,11.92
2011-05-02,18.0,11.9,11.92
2011-05-03,18.0,11.9,11.92
2011-05-04,18.0,11.9,11.92
2011-05-05,18.0,11.9,11.92
2011-05-06,18.0,11.9,11.92
2011-05-09,18.0,11.89,11.92
2011-05-10,18.0,11.89,11.92
2011-05-11,18.0,11.88,11.92
2011-05-12,18.0,11.87,11.92
2011-05-13,18.0,11.87,11.92
2011-05-16,18.0,11.86,11.92
2011-05-17,18.0,11.88,11.92
2011-05-18,18.0,11.88,11.92
2011-05-19,18.0,11.88,11.92
2011-05-20,18.0,11.9,11.92
2011-05-23,18.0,11.9,11.92
2011-05-24,18.0,11.89,11.92
2011-05-25,18.0,11.89,11.92
2011-05-26,18.0,11.88,11.92
2011-05-27,18.0,11.89,11.92
2011-05-30,18.0,11.88,11.92
2011-05-31,18.0,11.85,11.92
2011-06-01,18.0,11.91,11.92
2011-06-02,18.0,11.89,11.92
2011-06-03,18.0,11.89,11.92
2011-06-06,18.0,11.91,11.92
2011-06-07,18.0,11.89,11.92
2011-06-08,18.0,11.88,11.92
2011-06-09,18.0,12.07,12.17
2011-06-10,18.0,12.09,12.17
2011-06-13,18.0,12.07,12.17
2011-06-14,18.0,12.06,12.17
2011-06-15,18.0,12.13,12.17
2011-06-16,18.0,12.13,12.17
2011-06-17,18.0,12.13,12.17
2011-06-20,18.0,12.12,12.17
2011-06-21,18.0,12.14,12.17
2011-06-22,18.0,12.13,12.17
2011-06-23,18.0,12.13,12.17
2011-06-24,18.0,12.12,12.17
2011-06-27,18.0,12.12,12.17
2011-06-28,18.0,12.11,12.17
2011-06-29,18.0,12.12,12.17
2011-06-30,18.0,12.15,12.17
2011-07-01,18.0,12.15,12.17
2011-07-04,18.0,12.15,12.17
2011-07-05,18.0,12.16,12.17
2011-07-06,18.0,12.15,12.17
2011-07-07,18.0,12.15,12.17
2011-07-08,18.0,12.15,12.17
2011-07-11,18.0,12.15,12.17
2011-07-12,18.0,12.15,12.17
2011-07-13,18.0,12.16,12.17
2011-07-14,18.0,12.16,12.17
2011-07-15,18.0,12.16,12.17
2011-07-18,18.0,12.16,12.17
2011-07-19,18.0,12.15,12.17
2011-07-20,18.0,12.15,12.17
2011-07-21,18.0,12.4,12.42
2011-07-22,18.0,12.4,12.42
2011-07-25,18.0,12.41,12.42
2011-07-26,18.0,12.4,12.42
2011-07-27,18.0,12.4,12.42
2011-07-28,18.0,12.4,12.42
2011-07-29,18.0,12.4,12.42
2011-08-01,18.0,12.41,12.42
2011-08-02,18.0,12.4,12.42
2011-08-03,18.0,12.4,12.42
2011-08-04,18.0,12.4,12.42
2011-08-05,18.0,12.4,12.42
2011-08-08,18.0,12.4,12.42
2011-08-09,18.0,12.4,12.42
2011-08-10,18.0,12.4,12.42
2011-08-11,18.0,12.4,12.42
2011-08-12,18.0,12.4,12.42
2011-08-15,18.0,12.4,12.42
2011-08-16,18.0,12.4,12.42
2011-08-17,18.0,12.4,12.42
2011-08-18,18.0,12.39,12.42
2011-08-19,18.0,12.4,12.42
2011-08-22,18.0,12.39,12.42
2011-08-23,18.0,12.4,12.42
2011-08-24,18.0,12.4,12.42
2011-08-25,18.0,12.39,12.41
2011-08-26,18.0,12.39,12.41
2011-08-29,18.0,12.39,12.41
2011-08-30,18.0,12.39,12.41
2011-08-31,18.0,12.39,12.41
2011-09-01,18.0,11.88,11.91
2011-09-02,18.0,11.88,11.91
2011-09-05,18.0,11.88,11.91
2011-09-06,18.0,11.88,11.91
2011-09-07,18.0,11.88,11.91
2011-09-08,18.0,11.88,11.91
2011-09-09,18.0,11.88,11.91
2011-09-12,18.0,11.88,11.91
2011-09-13,18.0,11.88,11.91
2011-09-14,18.0,11.88,11.91
2011-09-15,18.0,11.88,11.91
2011-09-16,18.0,11.88,11.91
2011-09-19,18.0,11.87,11.9
2011-09-20,18.0,11.87,11.9
2011-09-21,18.0,11.88,11.9
2011-09-22,18.0,11.88,11.9
2011-09-23,18.0,11.88,11.9
2011-09-26,18.0,11.88,11.9
2011-09-27,18.0,11.88,11.9
2011-09-28,18.0,11.88,11.9
2011-09-29,18.0,11.88,11.9
2011-09-30,18.0,11.88,11.9
2011-10-03,18.0,11.89,11.9
2011-10-04,18.0,11.88,11.9
2011-10-05,18.0,11.88,11.9
2011-10-06,18.0,11.88,11.9
2011-10-07,18.0,11.88,11.9
2011-10-10,18.0,11.88,11.9
2011-10-11,18.0,11.88,11.9
2011-10-12,18.0,11.88,11.9
2011-10-13,18.0,11.87,11.9
2011-10-14,18.0,11.87,11.9
2011-10-17,18.0,11.87,11.9
2011-10-18,18.0,11.87,11.9
2011-10-19,18.0,11.88,11.89
2011-10-20,18.0,11.39,11.4
2011-10-21,18.0,11.39,11.4
2011-10-24,18.0,11.39,11.4
2011-10-25,18.0,11.39,11.4
2011-10-26,18.0,11.39,11.4
2011-10-27,18.0,11.39,11.4
2011-10-28,18.0,11.39,11.4
2011-10-31,18.0,11.39,11.4
2011-11-01,18.0,11.39,11.4
2011-11-02,18.0,11.39,11.4
2011-11-03,18.0,11.4,11.4
2011-11-04,18.0,11.39,11.4
2011-11-07,18.0,11.42,11.4
2011-11-08,18.0,11.39,11.4
2011-11-09,18.0,11.38,11.4
2011-11-10,18.0,11.37,11.4
2011-11-11,18.0,11.37,11.4
2011-11-14,18.0,11.35,11.4
2011-11-15,18.0,11.35,11.4
2011-11-16,18.0,11.36,11.4
2011-11-17,18.0,11.36,11.4
2011-11-18,18.0,11.37,11.4
2011-11-21,18.0,11.38,11.4
2011-11-22,18.0,11.38,11.4
2011-11-23,18.0,11.38,11.4
2011-11-24,18.0,11.38,11.4
2011-11-25,18.0,11.36,11.4
2011-11-28,18.0,11.35,11.4
2011-11-29,18.0,11.34,11.4
2011-11-30,18.0,11.36,11.4
2011-12-01,18.0,10.87,10.9
2011-12-02,18.0,10.88,10.9
2011-12-05,18.0,10.89,10.9
2011-12-06,18.0,10.88,10.9
2011-12-07,18.0,10.87,10.9
2011-12-08,18.0,10.85,10.9
2011-12-09,18.0,10.83,10.9
2011-12-12,18.0,10.82,10.9
2011-12-13,18.0,10.83,10.9
2011-12-14,18.0,10.86,10.9
2011-12-15,18.0,10.87,10.9
2011-12-16,18.0,10.88,10.9
2011-12-19,18.0,10.89,10.9
2011-12-20,18.0,10.9,10.9
2011-12-21,18.0,10.89,10.9
2011-12-22,18.0,10.88,10.9
2011-12-23,18.0,10.88,10.9
2011-12-26,18.0,10.85,10.9
2011-12-27,18.0,10.86,10.9
2011-12-28,18.0,10.85,10.9
2011-12-29,18.0,10.87,10.9
2011-12-30,18.0,10.87,10.91
2012-01-02,18.0,10.89,10.9
2012-01-03,18.0,10.88,10.9
2012-01-04,18.0,10.88,10.9
2012-01-05,18.0,10.85,10.9
2012-01-06,18.0,10.86,10.9
2012-01-09,18.0,10.82,10.9
2012-01-10,18.0,10.83,10.9
2012-01-11,18.0,10.82,10.9
2012-01-12,18.0,10.81,10.9
2012-01-13,18.0,10.82,10.9
2012-01-16,18.0,10.82,10.9
2012-01-17,18.0,10.81,10.9
2012-01-18,18.0,10.8,10.9
2012-01-19,18.0,10.31,10.4
2012-01-20,18.0,10.32,10.4
2012-01-23,18.0,10.32,10.4
2012-01-24,18.0,10.33,10.4
2012-01-25,18.0,10.33,10.4
2012-01-26,18.0,10.31,10.4
2012-01-27,18.0,10.3,10.4
2012-01-30,18.0,10.3,10.4
2012-01-31,18.0,10.31,10.4
2012-02-01,18.0,10.3,10.4
2012-02-02,18.0,10.3,10.4
2012-02-03,18.0,10.32,10.4
2012-02-06,18.0,10.3,10.4
2012-02-07,18.0,10.3,10.4
2012-02-08,18.0,10.29,10.4
2012-02-09,18.0,10.3,10.4
2012-02-10,18.0,10.3,10.4
2012-02-13,18.0,10.28,10.4
2012-02-14,18.0,10.29,10.4
2012-02-15,18.0,10.29,10.4
2012-02-16,18.0,10.28,10.4
2012-02-17,18.0,10.32,10.4
2012-02-20,18.0,10.32,10.4
2012-02-21,18.0,10.32,10.4
2012-02-22,18.0,10.29,10.4
2012-02-23,18.0,10.29,10.4
2012-02-24,18.0,10.31,10.4
2012-02-27,18.0,10.31,10.4
2012-02-28,18.0,10.28,10.4
2012-02-29,18.0,10.27,10.4
2012-03-01,18.0,10.27,10.4
2012-03-02,18.0,10.26,10.4
2012-03-05,18.0,10.26,10.4
2012-03-06,18.0,10.25,10.4
2012-03-07,18.0,10.22,10.4
2012-03-08,18.0,9.53,9.65
2012-03-09,18.0,9.51,9.65
2012-03-12,18.0,9.48,9.65
2012-03-13,18.0,9.46,9.65
2012-03-14,18.0,9.45,9.65
2012-03-15,18.0,9.45,9.65
2012-03-16,18.0,9.49,9.65
2012-03-19,18.0,9.48,9.65
2012-03-20,18.0,9.48,9.65
2012-03-21,18.0,9.48,9.65
2012-03-22,18.0,9.48,9.65
2012-03-23,18.0,9.52,9.65
2012-03-26,18.0,9.49,9.65
2012-03-27,18.0,9.49,9.65
2012-03-28,18.0,9.48,9.65
2012-03-29,18.0,9.48,9.65
2012-03-30,18.0,9.52,9.65
2012-04-02,18.0,9.5,9.65
2012-04-03,18.0,9.5,9.65
2012-04-04,18.0,9.53,9.65
2012-04-05,18.0,9.52,9.65
2012-04-06,18.0,9.52,9.65
2012-04-09,18.0,9.5,9.65
2012-04-10,18.0,9.52,9.65
2012-04-11,18.0,9.49,9.65
2012-04-12,18.0,9.48,9.65
2012-04-13,18.0,9.48,9.65
2012-04-16,18.0,9.47,9.65
2012-04-17,18.0,9.46,9.65
2012-04-18,18.0,9.47,9.65
2012-04-19,18.0,8.72,8.9
2012-04-20,18.0,8.73,8.9
2012-04-23,18.0,8.77,8.9
2012-04-24,18.0,8.72,8.9
2012-04-25,18.0,8.72,8.9
2012-04-26,18.0,8.72,8.9
2012-04-27,18.0,8.73,8.9
2012-04-30,18.0,8.7,8.9
2012-05-01,18.0,8.7,8.9
2012-05-02,18.0,8.76,8.9
2012-05-03,18.0,8.76,8.9
2012-05-04,18.0,8.71,8.9
2012-05-07,18.0,8.71,8.9
2012-05-08,18.0,8.69,8.9
2012-05-09,18.0,8.69,8.9
2012-05-10,18.0,8.68,8.9
2012-05-11,18.0,8.68,8.9
2012-05-14,18.0,8.63,8.89
2012-05-15,18.0,8.72,8.89
2012-05-16,18.0,8.73,8.89
2012-05-17,18.0,8.74,8.89
2012-05-18,18.0,8.76,8.89
2012-05-21,18.0,8.73,8.89
2012-05-22,18.0,8.77,8.89
2012-05-23,18.0,8.78,8.89
2012-05-24,18.0,8.78,8.89
2012-05-25,18.0,8.79,8.89
2012-05-28,18.0,8.78,8.89
2012-05-29,18.0,8.79,8.89
2012-05-30,18.0,8.81,8.88
2012-05-31,18.0,8.33,8.39
2012-06-01,18.0,8.34,8.39
2012-06-04,18.0,8.35,8.39
2012-06-05,18.0,8.36,8.39
2012-06-06,18.0,8.32,8.39
2012-06-07,18.0,8.32,8.39
2012-06-08,18.0,8.36,8.39
2012-06-11,18.0,8.32,8.39
2012-06-12,18.0,8.34,8.39
2012-06-13,18.0,8.35,8.39
2012-06-14,18.0,8.34,8.39
2012-06-15,18.0,8.32,8.39
2012-06-18,18.0,8.35,8.39
2012-06-19,18.0,8.32,8.39
2012-06-20,18.0,8.37,8.39
2012-06-21,18.0,8.38,8.39
2012-06-22,18.0,8.36,8.39
2012-06-25,18.0,8.38,8.39
2012-06-26,18.0,8.35,8.39
2012-06-27,18.0,8.37,8.39
2012-06-28,18.0,8.36,8.39
2012-06-29,18.0,8.38,8.4
2012-07-02,18.0,8.36,8.39
2012-07-03,18.0,8.36,8.39
2012-07-04,18.0,8.37,8.39
2012-07-05,18.0,8.36,8.39
2012-07-06,18.0,8.34,8.39
2012-07-09,18.0,8.36,8.39
2012-07-10,18.0,8.32,8.39
2012-07-11,18.0,8.3,8.39
2012-07-12,18.0,7.85,7.89
2012-07-13,18.0,7.83,7.89
2012-07-16,18.0,7.85,7.89
2012-07-17,18.0,7.82,7.89
2012-07-18,18.0,7.8,7.89
2012-07-19,18.0,7.83,7.89
2012-07-20,18.0,7.84,7.89
2012-07-23,18.0,7.84,7.89
2012-07-24,18.0,7.82,7.89
2012-07-25,18.0,7.84,7.89
2012-07-26,18.0,7.81,7.89
2012-07-27,18.0,7.79,7.89
2012-07-30,18.0,7.83,7.89
2012-07-31,18.0,7.83,7.89
2012-08-01,18.0,7.83,7.89
2012-08-02,18.0,7.82,7.89
2012-08-03,18.0,7.83,7.89
2012-08-06,18.0,7.82,7.89
2012-08-07,18.0,7.82,7.89
2012-08-08,18.0,7.82,7.89
2012-08-09,18.0,7.82,7.89
2012-08-10,18.0,7.82,7.89
2012-08-13,18.0,7.8,7.89
2012-08-14,18.0,7.83,7.89
2012-08-15,18.0,7.83,7.89
2012-08-16,18.0,7.82,7.89
2012-08-17,18.0,7.84,7.89
2012-08-20,18.0,7.85,7.89
2012-08-21,18.0,7.82,7.89
2012-08-22,18.0,7.81,7.89
2012-08-23,18.0,7.81,7.89
2012-08-24,18.0,7.82,7.89
2012-08-27,18.0,7.83,7.89
2012-08-28,18.0,7.83,7.89
2012-08-29,18.0,7.82,7.89
2012-08-30,18.0,7.38,7.39
2012-08-31,18.0,7.38,7.39
2012-09-03,18.0,7.41,7.39
2012-09-04,18.0,7.39,7.39
2012-09-05,18.0,7.39,7.39
2012-09-06,18.0,7.39,7.39
2012-09-07,18.0,7.39,7.39
2012-09-10,18.0,7.38,7.39
2012-09-11,18.0,7.37,7.39
2012-09-12,18.0,7.36,7.39
2012-09-13,18.0,7.36,7.39
2012-09-14,18.0,7.35,7.39
2012-09-17,18.0,7.34,7.39
2012-09-18,18.0,7.33,7.39
2012-09-19,18.0,7.33,7.39
2012-09-20,18.0,7.35,7.39
2012-09-21,18.0,7.35,7.39
2012-09-24,18.0,7.35,7.39
2012-09-25,18.0,7.38,7.39
2012-09-26,18.0,7.37,7.39
2012-09-27,18.0,7.36,7.39
2012-09-28,18.0,7.36,7.39
2012-10-01,18.0,7.36,7.39
2012-10-02,18.0,7.35,7.39
2012-10-03,18.0,7.36,7.39
2012-10-04,18.0,7.36,7.39
2012-10-05,18.0,7.36,7.39
2012-10-08,18.0,7.36,7.39
2012-10-09,18.0,7.35,7.39
2012-10-10,18.0,7.33,7.39
2012-10-11,18.0,7.04,7.14
2012-10-12,18.0,7.04,7.14
2012-10-15,18.0,7.04,7.14
2012-10-16,18.0,7.05,7.14
2012-10-17,18.0,7.06,7.14
2012-10-18,18.0,7.08,7.14
2012-10-19,18.0,7.08,7.14
2012-10-22,18.0,7.12,7.14
2012-10-23,18.0,7.12,7.14
2012-10-24,18.0,7.13,7.14
2012-10-25,18.0,7.11,7.14
2012-10-26,18.0,7.09,7.14
2012-10-29,18.0,7.08,7.14
2012-10-30,18.0,7.07,7.14
2012-10-31,18.0,7.09,7.14
2012-11-01,18.0,7.11,7.14
2012-11-02,18.0,7.11,7.14
2012-11-05,18.0,7.12,7.14
2012-11-06,18.0,7.12,7.14
2012-11-07,18.0,7.13,7.14
2012-11-08,18.0,7.09,7.14
2012-11-09,18.0,7.09,7.14
2012-11-12,18.0,7.07,7.14
2012-11-13,18.0,7.06,7.14
2012-11-14,18.0,7.06,7.14
2012-11-15,18.0,7.06,7.14
2012-11-16,18.0,7.05,7.14
2012-11-19,18.0,7.03,7.14
2012-11-20,18.0,7.01,7.14
2012-11-21,18.0,6.99,7.14
2012-11-22,18.0,7.09,7.14
2012-11-23,18.0,7.12,7.14
2012-11-26,18.0,7.13,7.14
2012-11-27,18.0,7.12,7.14
2012-11-28,18.0,7.11,7.14
2012-11-29,18.0,7.07,7.14
2012-11-30,18.0,7.06,7.14
2012-12-03,18.0,7.07,7.14
2012-12-04,18.0,7.07,7.14
2012-12-05,18.0,7.06,7.14
2012-12-06,18.0,7.05,7.14
2012-12-07,18.0,7.04,7.14
2012-12-10,18.0,7.01,7.14
2012-12-11,18.0,6.97,7.13
2012-12-12,18.0,6.97,7.13
2012-12-13,18.0,6.95,7.13
2012-12-14,18.0,6.9,7.12
2012-12-17,18.0,6.89,7.12
2012-12-18,18.0,6.87,7.11
2012-12-19,18.0,6.84,7.11
2012-12-20,18.0,6.85,7.11
2012-12-21,18.0,6.87,7.11
2012-12-24,18.0,6.87,7.19
2012-12-25,18.0,6.87,7.19
2012-12-26,18.0,6.9,7.24
2012-12-27,18.0,6.9,7.25
2012-12-28,18.0,6.9,7.27
2012-12-31,18.0,6.9,7.29
2013-01-01,18.0,6.9,7.29
2013-01-02,18.0,6.92,7.11
2013-01-03,18.0,6.92,7.11
2013-01-04,18.0,6.93,7.11
2013-01-07,18.0,6.92,7.11
2013-01-08,18.0,6.91,7.11
2013-01-09,18.0,6.9,7.11
2013-01-10,18.0,6.91,7.11
2013-01-11,18.0,6.92,7.11
2013-01-14,18.0,6.93,7.11
2013-01-15,18.0,6.94,7.11
2013-01-16,18.0,6.94,7.11
2013-01-17,18.0,6.94,7.11
2013-01-18,18.0,6.92,7.11
2013-01-21,18.0,6.93,7.11
2013-01-22,18.0,6.93,7.11
2013-01-23,18.0,6.93,7.11
2013-01-24,18.0,6.93,7.11
2013-01-25,18.0,6.94,7.11
2013-01-28,18.0,6.94,7.11
2013-01-29,18.0,6.95,7.11
2013-01-30,18.0,6.95,7.11
2013-01-31,18.0,6.95,7.11
2013-02-01,18.0,6.95,7.11
2013-02-04,18.0,6.96,7.11
2013-02-05,18.0,6.96,7.11
2013-02-06,18.0,6.96,7.11
2013-02-07,18.0,6.95,7.11
2013-02-08,18.0,6.95,7.11
2013-02-11,18.0,6.95,7.11
2013-02-12,18.0,6.95,7.11
2013-02-13,18.0,6.95,7.11
2013-02-14,18.0,6.94,7.11
2013-02-15,18.0,6.94,7.11
2013-02-18,18.0,6.94,7.11
2013-02-19,18.0,6.93,7.11
2013-02-20,18.0,6.95,7.11
2013-02-21,18.0,6.95,7.11
2013-02-22,18.0,6.96,7.11
2013-02-25,18.0,7.0,7.11
2013-02-26,18.0,6.98,7.18
2013-02-27,18.0,6.98,7.2
2013-02-28,18.0,6.98,7.2
2013-03-01,18.0,6.98,7.14
2013-03-04,18.0,6.99,7.12
2013-03-05,18.0,6.99,7.12
2013-03-06,18.0,6.99,7.14
2013-03-07,18.0,6.99,7.12
2013-03-08,18.0,6.99,7.13
2013-03-11,18.0,6.99,7.13
2013-03-12,18.0,6.99,7.14
2013-03-13,18.0,6.99,7.15
2013-03-14,18.0,6.99,7.16
2013-03-15,18.0,6.99,7.16
2013-03-18,18.0,6.99,7.16
2013-03-19,18.0,6.99,7.16
2013-03-20,18.0,6.99,7.16
2013-03-21,18.0,6.99,7.16
2013-03-22,18.0,6.99,7.16
2013-03-25,18.0,6.99,7.16
2013-03-26,18.0,6.99,7.16
2013-03-27,18.0,6.99,7.16
2013-03-28,18.0,7.01,7.16
2013-03-29,18.0,7.01,7.16
2013-04-01,18.0,7.02,7.16
2013-04-02,18.0,7.02,7.16
2013-04-03,18.0,7.01,7.16
2013-04-04,18.0,7.01,7.16
2013-04-05,18.0,7.01,7.16
2013-04-08,18.0,7.01,7.16
2013-04-09,18.0,7.01,7.16
2013-04-10,18.0,7.01,7.16
2013-04-11,18.0,7.01,7.16
2013-04-12,18.0,7.01,7.16
2013-04-15,18.0,7.01,7.16
2013-04-16,18.0,7.0,7.16
2013-04-17,18.0,7.0,7.16
2013-04-18,18.0,7.24,7.41
2013-04-19,18.0,7.24,7.41
2013-04-22,18.0,7.24,7.4
2013-04-23,18.0,7.24,7.4
2013-04-24,18.0,7.24,7.4
2013-04-25,18.0,7.24,7.4
2013-04-26,18.0,7.23,7.4
2013-04-29,18.0,7.23,7.4
2013-04-30,18.0,7.23,7.4
2013-05-01,18.0,7.23,7.4
2013-05-02,18.0,7.23,7.4
2013-05-03,18.0,7.23,7.4
2013-05-06,18.0,7.24,7.4
2013-05-07,18.0,7.24,7.4
2013-05-08,18.0,7.23,7.4
2013-05-09,18.0,7.24,7.4
2013-05-10,18.0,7.23,7.4
2013-05-13,18.0,7.22,7.4
2013-05-14,18.0,7.22,7.4
2013-05-15,18.0,7.22,7.4
2013-05-16,18.0,7.22,7.4
2013-05-17,18.0,7.22,7.4
2013-05-20,18.0,7.22,7.4
2013-05-21,18.0,7.22,7.4
2013-05-22,18.0,7.22,7.4
2013-05-23,18.0,7.22,7.4
2013-05-24,18.0,7.22,7.4
2013-05-27,18.0,7.22,7.4
2013-05-28,18.0,7.22,7.4
2013-05-29,18.0,7.22,7.4
2013-05-30,18.0,7.22,7.4
2013-05-31,18.0,7.72,7.9
2013-06-03,18.0,7.72,7.9
2013-06-04,18.0,7.72,7.9
2013-06-05,18.0,7.72,7.9
2013-06-06,18.0,7.72,7.9
2013-06-07,18.0,7.72,7.9
2013-06-10,18.0,7.72,7.9
2013-06-11,18.0,7.72,7.9
2013-06-12,18.0,7.72,7.9
2013-06-13,18.0,7.72,7.9
2013-06-14,18.0,7.72,7.9
2013-06-17,18.0,7.72,7.9
2013-06-18,18.0,7.72,7.9
2013-06-19,18.0,7.72,7.9
2013-06-20,18.0,7.72,7.9
2013-06-21,18.0,7.72,7.9
2013-06-24,18.0,7.72,7.9
2013-06-25,18.0,7.72,7.9
2013-06-26,18.0,7.72,7.9
2013-06-27,18.0,7.72,7.9
2013-06-28,18.0,7.72,7.9
2013-07-01,18.0,7.72,7.9
2013-07-02,18.0,7.72,7.9
2013-07-03,18.0,7.72,7.9
2013-07-04,18.0,7.72,7.9
2013-07-05,18.0,7.72,7.9
2013-07-08,18.0,7.72,7.9
2013-07-09,18.0,7.72,7.9
2013-07-10,18.0,7.72,7.9
2013-07-11,18.0,8.22,8.4
2013-07-12,18.0,8.22,8.4
2013-07-15,18.0,8.22,8.4
2013-07-16,18.0,8.22,8.4
2013-07-17,18.0,8.22,8.4
2013-07-18,18.0,8.22,8.4
2013-07-19,18.0,8.22,8.4
2013-07-22,18.0,8.22,8.4
2013-07-23,18.0,8.22,8.4
2013-07-24,18.0,8.22,8.4
2013-07-25,18.0,8.22,8.4
2013-07-26,18.0,8.22,8.4
2013-07-29,18.0,8.22,8.4
2013-07-30,18.0,8.22,8.4
2013-07-31,18.0,8.22,8.4
2013-08-01,18.0,8.23,8.4
2013-08-02,18.0,8.23,8.4
2013-08-05,18.0,8.22,8.4
2013-08-06,18.0,8.22,8.4
2013-08-07,18.0,8.22,8.4
2013-08-08,18.0,8.22,8.4
2013-08-09,18.0,8.22,8.4
2013-08-12,18.0,8.22,8.4
2013-08-13,18.0,8.22,8.4
2013-08-14,18.0,8.22,8.4
2013-08-15,18.0,8.22,8.4
2013-08-16,18.0,8.22,8.4
2013-08-19,18.0,8.22,8.4
2013-08-20,18.0,8.22,8.4
2013-08-21,18.0,8.22,8.4
2013-08-22,18.0,8.22,8.4
2013-08-23,18.0,8.22,8.4
2013-08-26,18.0,8.22,8.4
2013-08-27,18.0,8.22,8.4
2013-08-28,18.0,8.22,8.4
2013-08-29,18.0,8.72,8.9
2013-08-30,18.0,8.72,8.9
2013-09-02,18.0,8.72,8.9
2013-09-03,18.0,8.72,8.9
2013-09-04,18.0,8.72,8.9
2013-09-05,18.0,8.72,8.9
2013-09-06,18.0,8.72,8.9
2013-09-09,18.0,8.72,8.9
2013-09-10,18.0,8.72,8.9
2013-09-11,18.0,8.72,8.9
2013-09-12,18.0,8.72,8.9
2013-09-13,18.0,8.72,8.9
2013-09-16,18.0,8.72,8.9
2013-09-17,18.0,8.72,8.9
2013-09-18,18.0,8.72,8.9
2013-09-19,18.0,8.71,8.9
2013-09-20,18.0,8.7,8.9
2013-09-23,18.0,8.7,8.9
2013-09-24,18.0,8.7,8.9
2013-09-25,18.0,8.81,8.9
2013-09-26,18.0,8.72,8.9
2013-09-27,18.0,8.71,8.9
2013-09-30,18.0,8.71,8.9
2013-10-01,18.0,8.71,8.9
2013-10-02,18.0,8.7,8.9
2013-10-03,18.0,8.7,8.9
2013-10-04,18.0,8.83,8.9
2013-10-07,18.0,8.81,8.9
2013-10-08,18.0,8.81,8.9
2013-10-09,18.0,8.85,8.9
2013-10-10,18.0,9.36,9.4
2013-10-11,18.0,9.32,9.4
2013-10-14,18.0,9.35,9.4
2013-10-15,18.0,9.35,9.4
2013-10-16,18.0,9.35,9.4
2013-10-17,18.0,9.35,9.4
2013-10-18,18.0,9.32,9.4
2013-10-21,18.0,9.35,9.4
2013-10-22,18.0,9.35,9.4
2013-10-23,18.0,9.32,9.4
2013-10-24,18.0,9.32,9.4
2013-10-25,18.0,9.32,9.4
2013-10-28,18.0,9.32,9.4
2013-10-29,18.0,9.32,9.4
2013-10-30,18.0,9.32,9.4
2013-10-31,18.0,9.32,9.4
2013-11-01,18.0,9.32,9.4
2013-11-04,18.0,9.28,9.4
2013-11-05,18.0,9.28,9.4
2013-11-06,18.0,9.28,9.4
2013-11-07,18.0,9.28,9.4
2013-11-08,18.0,9.28,9.4
2013-11-11,18.0,9.28,9.4
2013-11-12,18.0,9.28,9.4
2013-11-13,18.0,9.28,9.4
2013-11-14,18.0,9.28,9.4
2013-11-15,18.0,9.28,9.4
2013-11-18,18.0,9.28,9.4
2013-11-19,18.0,9.28,9.4
2013-11-20,18.0,9.28,9.4
2013-11-21,18.0,9.28,9.4
2013-11-22,18.0,9.28,9.4
2013-11-25,18.0,9.28,9.4
2013-11-26,18.0,9.28,9.4
2013-11-27,18.0,9.28,9.4
2013-11-28,18.0,9.77,9.9
2013-11-29,18.0,9.77,9.9
2013-12-02,18.0,9.77,9.9
2013-12-03,18.0,9.77,9.9
2013-12-04,18.0,9.77,9.9
2013-12-05,18.0,9.77,9.9
2013-12-06,18.0,9.76,9.89
2013-12-09,18.0,9.85,9.9
2013-12-10,18.0,9.77,9.9
2013-12-11,18.0,9.77,9.9
2013-12-12,18.0,9.77,9.9
2013-12-13,18.0,9.77,9.9
2013-12-16,18.0,9.85,9.9
2013-12-17,18.0,9.77,9.9
2013-12-18,18.0,9.77,9.9
2013-12-19,18.0,9.77,9.9
2013-12-20,18.0,9.77,9.9
2013-12-23,18.0,9.77,9.9
2013-12-24,18.0,9.77,9.9
2013-12-25,18.0,9.77,9.9
2013-12-26,18.0,9.77,9.9
2013-12-27,18.0,9.77,9.9
2013-12-30,18.0,9.77,9.9
2013-12-31,18.0,9.77,9.9
2014-01-01,18.0,9.77,9.9
2014-01-02,18.0,9.77,9.9
2014-01-03,18.0,9.77,9.9
2014-01-06,18.0,9.77,9.9
2014-01-07,18.0,9.77,9.9
2014-01-08,18.0,9.77,9.9
2014-01-09,18.0,9.77,9.9
2014-01-10,18.0,9.77,9.9
2014-01-13,18.0,9.77,9.9
2014-01-14,18.0,9.77,9.9
2014-01-15,18.0,9.77,9.9
2014-01-16,18.0,10.27,10.4
2014-01-17,18.0,10.34,10.4
2014-01-20,18.0,10.35,10.4
2014-01-21,18.0,10.35,10.4
2014-01-22,18.0,10.27,10.4
2014-01-23,18.0,10.27,10.4
2014-01-24,18.0,10.27,10.4
2014-01-27,18.0,10.27,10.4
2014-01-28,18.0,10.27,10.4
2014-01-29,18.0,10.27,10.4
2014-01-30,18.0,10.27,10.4
2014-01-31,18.0,10.27,10.4
2014-02-03,18.0,10.27,10.4
2014-02-04,18.0,10.29,10.4
2014-02-05,18.0,10.29,10.4
2014-02-06,18.0,10.29,10.4
2014-02-07,18.0,10.29,10.4
2014-02-10,18.0,10.29,10.4
2014-02-11,18.0,10.29,10.4
2014-02-12,18.0,10.29,10.4
2014-02-13,18.0,10.29,10.4
2014-02-14,18.0,10.29,10.4
2014-02-17,18.0,10.29,10.4
2014-02-18,18.0,10.29,10.4
2014-02-19,18.0,10.29,10.4
2014-02-20,18.0,10.29,10.4
2014-02-21,18.0,10.29,10.4
2014-02-24,18.0,10.29,10.4
2014-02-25,18.0,10.29,10.4
2014-02-26,18.0,10.35,10.4
2014-02-27,18.0,10.59,10.65
2014-02-28,18.0,10.59,10.65
2014-03-03,18.0,10.59,10.65
2014-03-04,18.0,10.59,10.65
2014-03-05,18.0,10.55,10.65
2014-03-06,18.0,10.55,10.65
2014-03-07,18.0,10.55,10.65
2014-03-10,18.0,10.55,10.65
2014-03-11,18.0,10.55,10.65
2014-03-12,18.0,10.55,10.65
2014-03-13,18.0,10.55,10.65
2014-03-14,18.0,10.55,10.65
2014-03-17,18.0,10.55,10.65
2014-03-18,18.0,10.55,10.65
2014-03-19,18.0,10.59,10.65
2014-03-20,18.0,10.59,10.65
2014-03-21,18.0,10.59,10.65
2014-03-24,18.0,10.59,10.65
2014-03-25,18.0,10.59,10.65
2014-03-26,18.0,10.59,10.65
2014-03-27,18.0,10.55,10.65
2014-03-28,18.0,10.55,10.65
2014-03-31,18.0,10.55,10.65
2014-04-01,18.0,10.55,10.65
2014-04-02,18.0,10.55,10.65
2014-04-03,18.0,10.8,10.9
2014-04-04,18.0,10.8,10.9
2014-04-07,18.0,10.8,10.9
2014-04-08,18.0,10.8,10.9
2014-04-09,18.0,10.8,10.9
2014-04-10,18.0,10.8,10.9
2014-04-11,18.0,10.8,10.9
2014-04-14,18.0,10.8,10.9
2014-04-15,18.0,10.8,10.9
2014-04-16,18.0,10.8,10.9
2014-04-17,18.0,10.8,10.9
2014-04-18,18.0,10.8,10.9
2014-04-21,18.0,10.8,10.9
2014-04-22,18.0,10.8,10.9
2014-04-23,18.0,10.8,10.9
2014-04-24,18.0,10.8,10.9
2014-04-25,18.0,10.8,10.9
2014-04-28,18.0,10.8,10.9
2014-04-29,18.0,10.8,10.9
2014-04-30,18.0,10.8,10.9
2014-05-01,18.0,10.8,10.9
2014-05-02,18.0,10.8,10.9
2014-05-05,18.0,10.8,10.9
2014-05-06,18.0,10.8,10.9
2014-05-07,18.0,10.8,10.9
2014-05-08,18.0,10.8,10.9
2014-05-09,18.0,10.8,10.9
2014-05-12,18.0,10.8,10.9
2014-05-13,18.0,10.8,10.9
2014-05-14,18.0,10.8,10.9
2014-05-15,18.0,10.8,10.9
2014-05-16,18.0,10.8,10.9
2014-05-19,18.0,10.8,10.9
2014-05-20,18.0,10.8,10.9
2014-05-21,18.0,10.8,10.9
2014-05-22,18.0,10.8,10.9
2014-05-23,18.0,10.8,10.9
2014-05-26,18.0,10.8,10.9
2014-05-27,18.0,10.8,10.9
2014-05-28,18.0,10.8,10.9
2014-05-29,18.0,10.8,10.9
2014-05-30,18.0,10.8,10.9
2014-06-02,18.0,10.8,10.9
2014-06-03,18.0,10.8,10.9
2014-06-04,18.0,10.8,10.9
2014-06-05,18.0,10.8,10.9
2014-06-06,18.0,10.8,10.9
2014-06-09,18.0,10.84,10.9
2014-06-10,18.0,10.8,10.9
2014-06-11,18.0,10.8,10.9
2014-06-12,18.0,10.8,10.9
2014-06-13,18.0,10.8,10.9
2014-06-16,18.0,10.8,10.9
2014-06-17,18.0,10.8,10.9
2014-06-18,18.0,10.8,10.9
2014-06-19,18.0,10.8,10.9
2014-06-20,18.0,10.8,10.9
2014-06-23,18.0,10.8,10.9
2014-06-24,18.0,10.8,10.9
2014-06-25,18.0,10.8,10.9
2014-06-26,18.0,10.8,10.9
2014-06-27,18.0,10.8,10.9
2014-06-30,18.0,10.8,10.9
2014-07-01,18.0,10.8,10.9
2014-07-02,18.0,10.8,10.9
2014-07-03,18.0,10.8,10.9
2014-07-04,18.0,10.8,10.9
2014-07-07,18.0,10.8,10.9
2014-07-08,18.0,10.8,10.9
2014-07-09,18.0,10.8,10.9
2014-07-10,18.0,10.8,10.9
2014-07-11,18.0,10.8,10.9
2014-07-14,18.0,10.8,10.9
2014-07-15,18.0,10.8,10.9
2014-07-16,18.0,10.8,10.9
2014-07-17,18.0,10.8,10.9
2014-07-18,18.0,10.8,10.9
2014-07-21,18.0,10.8,10.9
2014-07-22,18.0,10.8,10.9
2014-07-23,18.0,10.8,10.9
2014-07-24,18.0,10.8,10.9
2014-07-25,18.0,10.8,10.9
2014-07-28,18.0,10.8,10.9
2014-07-29,18.0,10.8,10.9
2014-07-30,18.0,10.8,10.9
2014-07-31,18.0,10.8,10.9
2014-08-01,18.0,10.8,10.9
2014-08-04,18.0,10.81,10.9
2014-08-05,18.0,10.81,10.9
2014-08-06,18.0,10.81,10.9
2014-08-07,18.0,10.81,10.9
2014-08-08,18.0,10.81,10.9
2014-08-11,18.0,10.81,10.9
2014-08-12,18.0,10.81,10.9
2014-08-13,18.0,10.81,10.9
2014-08-14,18.0,10.81,10.9
2014-08-15,18.0,10.82,10.91
2014-08-18,18.0,10.81,10.9
2014-08-19,18.0,10.81,10.9
2014-08-20,18.0,10.84,10.91
2014-08-21,18.0,10.82,10.91
2014-08-22,18.0,10.81,10.9
2014-08-25,18.0,10.84,10.9
2014-08-26,18.0,10.84,10.9
2014-08-27,18.0,10.81,10.9
2014-08-28,18.0,10.84,10.9
2014-08-29,18.0,10.81,10.9
2014-09-01,18.0,10.81,10.9
2014-09-02,18.0,10.81,10.9
2014-09-03,18.0,10.81,10.9
2014-09-04,18.0,10.81,10.9
2014-09-05,18.0,10.81,10.9
2014-09-08,18.0,10.81,10.9
2014-09-09,18.0,10.81,10.9
2014-09-10,18.0,10.84,10.9
2014-09-11,18.0,10.81,10.9
2014-09-12,18.0,10.81,10.9
2014-09-15,18.0,10.81,10.9
2014-09-16,18.0,10.81,10.9
2014-09-17,18.0,10.81,10.9
2014-09-18,18.0,10.81,10.9
2014-09-19,18.0,10.81,10.9
2014-09-22,18.0,10.81,10.9
2014-09-23,18.0,10.84,10.9
2014-09-24,18.0,10.84,10.9
2014-09-25,18.0,10.84,10.9
2014-09-26,18.0,10.81,10.9
2014-09-29,18.0,10.81,10.9
2014-09-30,18.0,10.81,10.9
2014-10-01,18.0,10.81,10.9
2014-10-02,18.0,10.81,10.9
2014-10-03,18.0,10.81,10.9
2014-10-06,18.0,10.81,10.9
2014-10-07,18.0,10.84,10.9
2014-10-08,18.0,10.84,10.9
2014-10-09,18.0,10.84,10.9
2014-10-10,18.0,10.84,10.9
2014-10-13,18.0,10.81,10.9
2014-10-14,18.0,10.84,10.9
2014-10-15,18.0,10.81,10.9
2014-10-16,18.0,10.84,10.9
2014-10-17,18.0,10.84,10.9
2014-10-20,18.0,10.84,10.9
2014-10-21,18.0,10.84,10.9
2014-10-22,18.0,10.84,10.9
2014-10-23,18.0,10.84,10.9
2014-10-24,18.0,10.84,10.9
2014-10-27,18.0,10.84,10.9
2014-10-28,18.0,10.84,10.9
2014-10-29,18.0,10.84,10.9
2014-10-30,18.0,11.09,11.15
2014-10-31,18.0,11.06,11.15
2014-11-03,18.0,11.06,11.15
2014-11-04,18.0,11.06,11.15
2014-11-05,18.0,11.09,11.15
2014-11-06,18.0,11.09,11.15
2014-11-07,18.0,11.09,11.15
2014-11-10,18.0,11.09,11.15
2014-11-11,18.0,11.09,11.15
2014-11-12,18.0,11.09,11.15
2014-11-13,18.0,11.09,11.15
2014-11-14,18.0,11.09,11.15
2014-11-17,18.0,11.09,11.15
2014-11-18,18.0,11.09,11.15
2014-11-19,18.0,11.09,11.15
2014-11-20,18.0,11.09,11.15
2014-11-21,18.0,11.09,11.15
2014-11-24,18.0,11.09,11.15
2014-11-25,18.0,11.09,11.15
2014-11-26,18.0,11.09,11.15
2014-11-27,18.0,11.09,11.15
2014-11-28,18.0,11.06,11.15
2014-12-01,18.0,11.06,11.15
2014-12-02,18.0,11.06,11.15
2014-12-03,18.0,11.09,11.15
2014-12-04,18.0,11.59,11.65
2014-12-05,18.0,11.59,11.65
2014-12-08,18.0,11.59,11.65
2014-12-09,18.0,11.57,11.65
2014-12-10,18.0,11.57,11.65
2014-12-11,18.0,11.59,11.65
2014-12-12,18.0,11.59,11.65
2014-12-15,18.0,11.59,11.65
2014-12-16,18.0,11.59,11.65
2014-12-17,18.0,11.59,11.65
2014-12-18,18.0,11.59,11.65
2014-12-19,18.0,11.59,11.65
2014-12-22,18.0,11.59,11.65
2014-12-23,18.0,11.57,11.65
2014-12-24,18.0,11.57,11.65
2014-12-25,18.0,11.57,11.65
2014-12-26,18.0,11.57,11.65
2014-12-29,18.0,11.59,11.65
2014-12-30,18.0,11.57,11.65
2014-12-31,18.0,11.57,11.65
2015-01-01,18.0,11.57,11.65
2015-01-02,18.0,11.57,11.65
2015-01-05,18.0,11.57,11.65
2015-01-06,18.0,11.57,11.65
2015-01-07,18.0,11.57,11.65
2015-01-08,18.0,11.57,11.65
2015-01-09,18.0,11.57,11.65
2015-01-12,18.0,11.57,11.65
2015-01-13,18.0,11.57,11.65
2015-01-14,18.0,11.57,11.65
2015-01-15,18.0,11.57,11.65
2015-01-16,18.0,11.57,11.65
2015-01-19,18.0,11.57,11.65
2015-01-20,18.0,11.57,11.65
2015-01-21,18.0,11.57,11.65
2015-01-22,18.0,12.09,12.15
2015-01-23,18.0,12.08,12.15
2015-01-26,18.0,12.08,12.15
2015-01-27,18.0,12.08,12.15
2015-01-28,18.0,12.08,12.15
2015-01-29,18.0,12.08,12.15
2015-01-30,18.0,12.08,12.15
2015-02-02,18.0,12.08,12.15
2015-02-03,18.0,12.09,12.15
2015-02-04,18.0,12.09,12.15
2015-02-05,18.0,12.09,12.15
2015-02-06,18.0,12.09,12.15
2015-02-09,18.0,12.09,12.15
2015-02-10,18.0,12.09,12.15
2015-02-11,18.0,12.09,12.15
2015-02-12,18.0,12.09,12.15
2015-02-13,18.0,12.09,12.15
2015-02-16,18.0,12.09,12.15
2015-02-17,18.0,12.09,12.15
2015-02-18,18.0,12.09,12.15
2015-02-19,18.0,12.09,12.15
2015-02-20,18.0,12.09,12.15
2015-02-23,18.0,12.09,12.15
2015-02-24,18.0,12.09,12.15
2015-02-25,18.0,12.09,12.15
2015-02-26,18.0,12.09,12.15
2015-02-27,18.0,12.09,12.15
2015-03-02,18.0,12.09,12.15
2015-03-03,18.0,12.09,12.15
2015-03-04,18.0,12.09,12.15
2015-03-05,18.0,12.6,12.65
2015-03-06,18.0,12.6,12.65
2015-03-09,18.0,12.6,12.65
2015-03-10,18.0,12.6,12.65
2015-03-11,18.0,12.6,12.65
2015-03-12,18.0,12.6,12.65
2015-03-13,18.0,12.6,12.65
2015-03-16,18.0,12.6,12.65
2015-03-17,18.0,12.6,12.65
2015-03-18,18.0,12.6,12.65
2015-03-19,18.0,12.6,12.65
2015-03-20,18.0,12.6,12.65
2015-03-23,18.0,12.61,12.65
2015-03-24,18.0,12.61,12.65
2015-03-25,18.0,12.61,12.65
2015-03-26,18.0,12.61,12.65
2015-03-27,18.0,12.61,12.65
2015-03-30,18.0,12.6,12.65
2015-03-31,18.0,12.6,12.65
2015-04-01,18.0,12.6,12.65
2015-04-02,18.0,12.6,12.65
2015-04-03,18.0,12.6,12.65
2015-04-06,18.0,12.6,12.65
2015-04-07,18.0,12.6,12.65
2015-04-08,18.0,12.6,12.65
2015-04-09,18.0,12.6,12.65
2015-04-10,18.0,12.6,12.65
2015-04-13,18.0,12.6,12.65
2015-04-14,18.0,12.6,12.65
2015-04-15,18.0,12.6,12.65
2015-04-16,18.0,12.6,12.65
2015-04-17,18.0,12.6,12.65
2015-04-20,18.0,12.6,12.65
2015-04-21,18.0,12.6,12.65
2015-04-22,18.0,12.6,12.65
2015-04-23,18.0,12.6,12.65
2015-04-24,18.0,12.6,12.65
2015-04-27,18.0,12.61,12.66
2015-04-28,18.0,12.62,12.67
2015-04-29,18.0,12.62,12.67
2015-04-30,18.0,13.11,13.15
2015-05-01,18.0,13.11,13.15
2015-05-04,18.0,13.11,13.15
2015-05-05,18.0,13.13,13.15
2015-05-06,18.0,13.13,13.15
2015-05-07,18.0,13.13,13.15
2015-05-08,18.0,13.13,13.15
2015-05-11,18.0,13.13,13.15
2015-05-12,18.0,13.13,13.15
2015-05-13,18.0,13.13,13.15
2015-05-14,18.0,13.13,13.15
2015-05-15,18.0,13.13,13.15
2015-05-18,18.0,13.13,13.15
2015-05-19,18.0,13.13,13.15
2015-05-20,18.0,13.13,13.15
2015-05-21,18.0,13.13,13.15
2015-05-22,18.0,13.13,13.15
2015-05-25,18.0,13.13,13.15
2015-05-26,18.0,13.13,13.15
2015-05-27,18.0,13.13,13.15
2015-05-28,18.0,13.13,13.15
2015-05-29,18.0,13.13,13.15
2015-06-01,18.0,13.13,13.15
2015-06-02,18.0,13.13,13.15
2015-06-03,18.0,13.13,13.15
2015-06-04,18.0,13.13,13.15
2015-06-05,18.0,13.64,13.65
2015-06-08,18.0,13.64,13.65
2015-06-09,18.0,13.64,13.65
2015-06-10,18.0,13.64,13.65
2015-06-11,18.0,13.64,13.65
2015-06-12,18.0,13.64,13.65
2015-06-15,18.0,13.64,13.65
2015-06-16,18.0,13.64,13.65
2015-06-17,18.0,13.64,13.65
2015-06-18,18.0,13.64,13.65
2015-06-19,18.0,13.64,13.65
2015-06-22,18.0,13.64,13.65
2015-06-23,18.0,13.64,13.65
2015-06-24,18.0,13.64,13.65
2015-06-25,18.0,13.64,13.65
2015-06-26,18.0,13.64,13.65
2015-06-29,18.0,13.64,13.65
2015-06-30,18.0,13.64,13.65
2015-07-01,18.0,13.64,13.65
2015-07-02,18.0,13.64,13.65
2015-07-03,18.0,13.64,13.65
2015-07-06,18.0,13.64,13.65
2015-07-07,18.0,13.64,13.65
2015-07-08,18.0,13.64,13.65
2015-07-09,18.0,13.64,13.65
2015-07-10,18.0,13.64,13.65
2015-07-13,18.0,13.64,13.65
2015-07-14,18.0,13.64,13.65
2015-07-15,18.0,13.64,13.65
2015-07-16,18.0,13.64,13.65
2015-07-17,18.0,13.64,13.65
2015-07-20,18.0,13.64,13.65
2015-07-21,18.0,13.64,13.65
2015-07-22,18.0,13.64,13.65
2015-07-23,18.0,13.64,13.65
2015-07-24,18.0,13.64,13.65
2015-07-27,18.0,13.64,13.65
2015-07-28,18.0,13.64,13.65
2015-07-29,18.0,13.64,13.65
2015-07-30,18.0,14.13,14.15
2015-07-31,18.0,14.13,14.15
2015-08-03,18.0,14.13,14.15
2015-08-04,18.0,14.13,14.15
2015-08-05,18.0,14.13,14.15
2015-08-06,18.0,14.13,14.15
2015-08-07,18.0,14.13,14.15
2015-08-10,18.0,14.13,14.15
2015-08-11,18.0,14.13,14.15
2015-08-12,18.0,14.13,14.15
2015-08-13,18.0,14.13,14.15
2015-08-14,18.0,14.13,14.15
2015-08-17,18.0,14.13,14.15
2015-08-18,18.0,14.13,14.15
2015-08-19,18.0,14.13,14.15
2015-08-20,18.0,14.13,14.15
2015-08-21,18.0,14.13,14.15
2015-08-24,18.0,14.13,14.15
2015-08-25,18.0,14.13,14.15
2015-08-26,18.0,14.13,14.15
2015-08-27,18.0,14.13,14.15
2015-08-28,18.0,14.13,14.15
2015-08-31,18.0,14.13,14.15
2015-09-01,18.0,14.13,14.15
2015-09-02,18.0,14.13,14.15
2015-09-03,18.0,14.13,14.15
2015-09-04,18.0,14.13,14.15
2015-09-07,18.0,14.13,14.15
2015-09-08,18.0,14.13,14.15
2015-09-09,18.0,14.13,14.15
2015-09-10,18.0,14.13,14.15
2015-09-11,18.0,14.13,14.15
2015-09-14,18.0,14.13,14.15
2015-09-15,18.0,14.13,14.15
2015-09-16,18.0,14.13,14.15
2015-09-17,18.0,14.13,14.15
2015-09-18,18.0,14.13,14.15
2015-09-21,18.0,14.13,14.15
2015-09-22,18.0,14.13,14.15
2015-09-23,18.0,14.13,14.15
2015-09-24,18.0,14.13,14.15
2015-09-25,18.0,14.13,14.15
2015-09-28,18.0,14.13,14.15
2015-09-29,18.0,14.13,14.15
2015-09-30,18.0,14.13,14.15
2015-10-01,18.0,14.13,14.15
2015-10-02,18.0,14.13,14.15
2015-10-05,18.0,14.13,14.15
2015-10-06,18.0,14.13,14.15
2015-10-07,18.0,14.13,14.15
2015-10-08,18.0,14.13,14.15
2015-10-09,18.0,14.13,14.15
2015-10-12,18.0,14.13,14.15
2015-10-13,18.0,14.13,14.15
2015-10-14,18.0,14.13,14.15
2015-10-15,18.0,14.13,14.15
2015-10-16,18.0,14.13,14.15
2015-10-19,18.0,14.13,14.15
2015-10-20,18.0,14.13,14.15
2015-10-21,18.0,14.13,14.15
2015-10-22,18.0,14.14,14.15
2015-10-23,18.0,14.14,14.15
2015-10-26,18.0,14.14,14.15
2015-10-27,18.0,14.14,14.15
2015-10-28,18.0,14.14,14.15
2015-10-29,18.0,14.14,14.15
2015-10-30,18.0,14.14,14.15
2015-11-02,18.0,14.14,14.15
2015-11-03,18.0,14.14,14.15
2015-11-04,18.0,14.14,14.15
2015-11-05,18.0,14.14,14.15
2015-11-06,18.0,14.14,14.15
2015-11-09,18.0,14.14,14.15
2015-11-10,18.0,14.14,14.15
2015-11-11,18.0,14.14,14.15
2015-11-12,18.0,14.14,14.15
2015-11-13,18.0,14.14,14.15
2015-11-16,18.0,14.14,14.15
2015-11-17,18.0,14.14,14.15
2015-11-18,18.0,14.14,14.15
2015-11-19,18.0,14.14,14.15
2015-11-20,18.0,14.14,14.15
2015-11-23,18.0,14.14,14.15
2015-11-24,18.0,14.14,14.15
2015-11-25,18.0,14.14,14.15
2015-11-26,18.0,14.14,14.15
2015-11-27,18.0,14.14,14.15
2015-11-30,18.0,14.14,14.15
2015-12-01,18.0,14.14,14.15
2015-12-02,18.0,14.14,14.15
2015-12-03,18.0,14.14,14.15
2015-12-04,18.0,14.14,14.15
2015-12-07,18.0,14.14,14.15
2015-12-08,18.0,14.14,14.15
2015-12-09,18.0,14.14,14.15
2015-12-10,18.0,14.14,14.15
2015-12-11,18.0,14.14,14.15
2015-12-14,18.0,14.14,14.15
2015-12-15,18.0,14.14,14.15
2015-12-16,18.0,14.14,14.15
2015-12-17,18.0,14.14,14.15
2015-12-18,18.0,14.14,14.15
2015-12-21,18.0,14.14,14.15
2015-12-22,18.0,14.14,14.15
2015-12-23,18.0,14.14,14.15
2015-12-24,18.0,14.14,14.15
2015-12-25,18.0,14.14,14.15
2015-12-28,18.0,14.14,14.15
2015-12-29,18.0,14.14,14.15
2015-12-30,18.0,14.14,14.15
2015-12-31,18.0,14.14,14.15
2016-01-01,18.0,14.14,14.15
2016-01-04,18.0,14.14,14.15
2016-01-05,18.0,14.14,14.15
2016-01-06,18.0,14.14,14.15
2016-01-07,18.0,14.14,14.15
2016-01-08,18.0,14.14,14.15
2016-01-11,18.0,14.14,14.15
2016-01-12,18.0,14.14,14.15
2016-01-13,18.0,14.14,14.15
2016-01-14,18.0,14.14,14.15
2016-01-15,18.0,14.14,14.15
2016-01-18,18.0,14.14,14.15
2016-01-19,18.0,14.14,14.15
2016-01-20,18.0,14.14,14.15
2016-01-21,18.0,14.13,14.15
2016-01-22,18.0,14.13,14.15
2016-01-25,18.0,14.13,14.15
2016-01-26,18.0,14.13,14.15
2016-01-27,18.0,14.13,14.15
2016-01-28,18.0,14.13,14.15
2016-01-29,18.0,14.13,14.15
2016-02-01,18.0,14.13,14.15
2016-02-02,18.0,14.13,14.15
2016-02-03,18.0,14.13,14.15
2016-02-04,18.0,14.13,14.15
2016-02-05,18.0,14.13,14.15
2016-02-08,18.0,14.13,14.15
2016-02-09,18.0,14.13,14.15
2016-02-10,18.0,14.13,14.15
2016-02-11,18.0,14.13,14.15
2016-02-12,18.0,14.13,14.15
2016-02-15,18.0,14.13,14.15
2016-02-16,18.0,14.13,14.15
2016-02-17,18.0,14.13,14.15
2016-02-18,18.0,14.13,14.15
2016-02-19,18.0,14.13,14.15
2016-02-22,18.0,14.13,14.15
2016-02-23,18.0,14.13,14.15
2016-02-24,18.0,14.13,14.15
2016-02-25,18.0,14.13,14.15
2016-02-26,18.0,14.13,14.15
2016-02-29,18.0,14.13,14.15
2016-03-01,18.0,14.13,14.15
2016-03-02,18.0,14.13,14.15
2016-03-03,18.0,14.13,14.15
2016-03-04,18.0,14.13,14.15
2016-03-07,18.0,14.13,14.15
2016-03-08,18.0,14.13,14.15
2016-03-09,18.0,14.13,14.15
2016-03-10,18.0,14.13,14.15
2016-03-11,18.0,14.13,14.15
2016-03-14,18.0,14.13,14.15
2016-03-15,18.0,14.13,14.15
2016-03-16,18.0,14.13,14.15
2016-03-17,18.0,14.13,14.15
2016-03-18,18.0,14.13,14.15
2016-03-21,18.0,14.13,14.15
2016-03-22,18.0,14.13,14.15
2016-03-23,18.0,14.13,14.15
2016-03-24,18.0,14.13,14.15
2016-03-25,18.0,14.13,14.15
2016-03-28,18.0,14.13,14.15
2016-03-29,18.0,14.13,14.15
2016-03-30,18.0,14.13,14.15
2016-03-31,18.0,14.13,14.15
2016-04-01,18.0,14.13,14.15
2016-04-04,18.0,14.13,14.15
2016-04-05,18.0,14.13,14.15
2016-04-06,18.0,14.13,14.15
2016-04-07,18.0,14.13,14.15
2016-04-08,18.0,14.13,14.15
2016-04-11,18.0,14.13,14.15
2016-04-12,18.0,14.13,14.15
2016-04-13,18.0,14.13,14.15
2016-04-14,18.0,14.13,14.15
2016-04-15,18.0,14.13,14.15
2016-04-18,18.0,14.13,14.15
2016-04-19,18.0,14.13,14.15
2016-04-20,18.0,14.13,14.15
2016-04-21,18.0,14.13,14.15
2016-04-22,18.0,14.13,14.15
2016-04-25,18.0,14.13,14.15
2016-04-26,18.0,14.13,14.15
2016-04-27,18.0,14.13,14.15
2016-04-28,18.0,14.13,14.15
2016-04-29,18.0,14.13,14.15
2016-05-02,18.0,14.13,14.15
2016-05-03,18.0,14.13,14.15
2016-05-04,18.0,14.13,14.15
2016-05-05,18.0,14.13,14.15
2016-05-06,18.0,14.13,14.15
2016-05-09,18.0,14.13,14.15
2016-05-10,18.0,14.13,14.15
2016-05-11,18.0,14.13,14.15
2016-05-12,18.0,14.13,14.15
2016-05-13,18.0,14.13,14.15
2016-05-16,18.0,14.13,14.15
2016-05-17,18.0,14.13,14.15
2016-05-18,18.0,14.13,14.15
2016-05-19,18.0,14.13,14.15
2016-05-20,18.0,14.13,14.15
2016-05-23,18.0,14.13,14.15
2016-05-24,18.0,14.13,14.15
2016-05-25,18.0,14.13,14.15
2016-05-26,18.0,14.13,14.15
2016-05-27,18.0,14.13,14.15
2016-05-30,18.0,14.13,14.15
2016-05-31,18.0,14.13,14.15
2016-06-01,18.0,14.13,14.15
2016-06-02,18.0,14.13,14.15
2016-06-03,18.0,14.13,14.15
2016-06-06,18.0,14.13,14.15
2016-06-07,18.0,14.13,14.15
2016-06-08,18.0,14.13,14.15
2016-06-09,18.0,14.13,14.15
2016-06-10,18.0,14.13,14.15
2016-06-13,18.0,14.13,14.15
2016-06-14,18.0,14.13,14.15
2016-06-15,18.0,14.13,14.15
2016-06-16,18.0,14.13,14.15
2016-06-17,18.0,14.13,14.15
2016-06-20,18.0,14.13,14.15
2016-06-21,18.0,14.13,14.15
2016-06-22,18.0,14.13,14.15
2016-06-23,18.0,14.13,14.15
2016-06-24,18.0,14.13,14.15
2016-06-27,18.0,14.13,14.15
2016-06-28,18.0,14.13,14.15
2016-06-29,18.0,14.13,14.15
2016-06-30,18.0,14.13,14.15
2016-07-01,18.0,14.13,14.15
2016-07-04,18.0,14.13,14.15
2016-07-05,18.0,14.13,14.15
2016-07-06,18.0,14.13,14.15
2016-07-07,18.0,14.13,14.15
2016-07-08,18.0,14.13,14.15
2016-07-11,18.0,14.13,14.15
2016-07-12,18.0,14.13,14.15
2016-07-13,18.0,14.13,14.15
2016-07-14,18.0,14.13,14.15
2016-07-15,18.0,14.13,14.15
2016-07-18,18.0,14.13,14.15
2016-07-19,18.0,14.13,14.15
2016-07-20,18.0,14.13,14.15
2016-07-21,18.0,14.13,14.15
2016-07-22,18.0,14.13,14.15
2016-07-25,18.0,14.13,14.15
2016-07-26,18.0,14.13,14.15
2016-07-27,18.0,14.13,14.15
2016-07-28,18.0,14.13,14.15
2016-07-29,18.0,14.13,14.15
2016-08-01,18.0,14.13,14.15
2016-08-02,18.0,14.13,14.15
2016-08-03,18.0,14.13,14.15
2016-08-04,18.0,14.13,14.15
2016-08-05,18.0,14.13,14.15
2016-08-08,18.0,14.13,14.15
2016-08-09,18.0,14.13,14.15
2016-08-10,18.0,14.13,14.15
2016-08-11,18.0,14.13,14.15
2016-08-12,18.0,14.13,14.15
2016-08-15,18.0,14.13,14.15
2016-08-16,18.0,14.13,14.15
2016-08-17,18.0,14.13,14.15
2016-08-18,18.0,14.13,14.15
2016-08-19,18.0,14.13,14.15
2016-08-22,18.0,14.13,14.15
2016-08-23,18.0,14.13,14.15
2016-08-24,18.0,14.13,14.15
2016-08-25,18.0,14.13,14.15
2016-08-26,18.0,14.13,14.15
2016-08-29,18.0,14.13,14.15
2016-08-30,18.0,14.13,14.15
2016-08-31,18.0,14.13,14.15
2016-09-01,18.0,14.13,14.15
2016-09-02,18.0,14.13,14.15
2016-09-05,18.0,14.13,14.15
2016-09-06,18.0,14.13,14.15
2016-09-07,18.0,14.13,14.15
2016-09-08,18.0,14.13,14.15
2016-09-09,18.0,14.13,14.15
2016-09-12,18.0,14.13,14.15
2016-09-13,18.0,14.13,14.15
2016-09-14,18.0,14.13,14.15
2016-09-15,18.0,14.13,14.15
2016-09-16,18.0,14.13,14.15
2016-09-19,18.0,14.13,14.15
2016-09-20,18.0,14.13,14.15
2016-09-21,18.0,14.13,14.15
2016-09-22,18.0,14.13,14.15
2016-09-23,18.0,14.13,14.15
2016-09-26,18.0,14.13,14.15
2016-09-27,18.0,14.13,14.15
2016-09-28,18.0,14.13,14.15
2016-09-29,18.0,14.13,14.15
2016-09-30,18.0,14.13,14.15
2016-10-03,18.0,14.13,14.15
2016-10-04,18.0,14.13,14.15
2016-10-05,18.0,14.13,14.15
2016-10-06,18.0,14.13,14.15
2016-10-07,18.0,14.13,14.15
2016-10-10,18.0,14.13,14.15
2016-10-11,18.0,14.13,14.15
2016-10-12,18.0,14.13,14.15
2016-10-13,18.0,14.13,14.15
2016-10-14,18.0,14.13,14.15
2016-10-17,18.0,14.13,14.15
2016-10-18,18.0,14.13,14.15
2016-10-19,18.0,14.13,14.15
2016-10-20,18.0,13.88,13.9
2016-10-21,18.0,13.88,13.9
2016-10-24,18.0,13.88,13.9
2016-10-25,18.0,13.88,13.9
2016-10-26,18.0,13.88,13.9
2016-10-27,18.0,13.88,13.9
2016-10-28,18.0,13.88,13.9
2016-10-31,18.0,13.88,13.9
2016-11-01,18.0,13.88,13.9
2016-11-02,18.0,13.88,13.9
2016-11-03,18.0,13.88,13.9
2016-11-04,18.0,13.88,13.9
2016-11-07,18.0,13.88,13.9
2016-11-08,18.0,13.88,13.9
2016-11-09,18.0,13.88,13.9
2016-11-10,18.0,13.88,13.9
2016-11-11,18.0,13.88,13.9
2016-11-14,18.0,13.88,13.9
2016-11-15,18.0,13.88,13.9
2016-11-16,18.0,13.88,13.9
2016-11-17,18.0,13.88,13.9
2016-11-18,18.0,13.88,13.9
2016-11-21,18.0,13.88,13.9
2016-11-22,18.0,13.88,13.9
2016-11-23,18.0,13.88,13.9
2016-11-24,18.0,13.88,13.9
2016-11-25,18.0,13.88,13.9
2016-11-28,18.0,13.88,13.9
2016-11-29,18.0,13.88,13.9
2016-11-30,18.0,13.88,13.9
2016-12-01,18.0,13.63,13.65
2016-12-02,18.0,13.63,13.65
2016-12-05,18.0,13.63,13.65
2016-12-06,18.0,13.63,13.65
2016-12-07,18.0,13.63,13.65
2016-12-08,18.0,13.63,13.65
2016-12-09,18.0,13.63,13.65
2016-12-12,18.0,13.63,13.65
2016-12-13,18.0,13.63,13.65
2016-12-14,18.0,13.63,13.65
2016-12-15,18.0,13.63,13.65
2016-12-16,18.0,13.63,13.65
2016-12-19,18.0,13.63,13.65
2016-12-20,18.0,13.63,13.65
2016-12-21,18.0,13.63,13.65
2016-12-22,18.0,13.63,13.65
2016-12-23,18.0,13.63,13.65
2016-12-26,18.0,13.63,13.65
2016-12-27,18.0,13.63,13.65
2016-12-28,18.0,13.63,13.65
2016-12-29,18.0,13.63,13.65
2016-12-30,18.0,13.63,13.65
2017-01-02,18.0,13.63,13.65
2017-01-03,18.0,13.63,13.65
2017-01-04,18.0,13.63,13.65
2017-01-05,18.0,13.63,13.65
2017-01-06,18.0,13.63,13.65
2017-01-09,18.0,13.63,13.65
2017-01-10,18.0,13.63,13.65
2017-01-11,18.0,13.63,13.65
2017-01-12,18.0,12.88,12.9
2017-01-13,18.0,12.88,12.9
2017-01-16,18.0,12.88,12.9
2017-01-17,18.0,12.88,12.9
2017-01-18,18.0,12.88,12.9
2017-01-19,18.0,12.88,12.9
2017-01-20,18.0,12.88,12.9
2017-01-23,18.0,12.88,12.9
2017-01-24,18.0,12.88,12.9
2017-01-25,18.0,12.88,12.9
2017-01-26,18.0,12.88,12.9
2017-01-27,18.0,12.88,12.9
2017-01-30,18.0,12.88,12.9
2017-01-31,18.0,12.88,12.9
2017-02-01,18.0,12.88,12.9
2017-02-02,18.0,12.88,12.9
2017-02-03,18.0,12.88,12.9
2017-02-06,18.0,12.88,12.9
2017-02-07,18.0,12.88,12.9
2017-02-08,18.0,12.88,12.9
2017-02-09,18.0,12.88,12.9
2017-02-10,18.0,12.88,12.9
2017-02-13,18.0,12.88,12.9
2017-02-14,18.0,12.88,12.9
2017-02-15,18.0,12.88,12.9
2017-02-16,18.0,12.88,12.9
2017-02-17,18.0,12.88,12.9
2017-02-20,18.0,12.88,12.9
2017-02-21,18.0,12.88,12.9
2017-02-22,18.0,12.88,12.9
2017-02-23,18.0,12.13,12.15
2017-02-24,18.0,12.13,12.15
2017-02-27,18.0,12.13,12.15
2017-02-28,18.0,12.13,12.15
2017-03-01,18.0,12.13,12.15
2017-03-02,18.0,12.13,12.15
2017-03-03,18.0,12.13,12.15
2017-03-06,18.0,12.13,12.15
2017-03-07,18.0,12.13,12.15
2017-03-08,18.0,12.13,12.15
2017-03-09,18.0,12.13,12.15
2017-03-10,18.0,12.13,12.15
2017-03-13,18.0,12.13,12.15
2017-03-14,18.0,12.13,12.15
2017-03-15,18.0,12.13,12.15
2017-03-16,18.0,12.13,12.15
2017-03-17,18.0,12.13,12.15
2017-03-20,18.0,12.13,12.15
2017-03-21,18.0,12.13,12.15
2017-03-22,18.0,12.13,12.15
2017-03-23,18.0,12.13,12.15
2017-03-24,18.0,12.13,12.15
2017-03-27,18.0,12.13,12.15
2017-03-28,18.0,12.13,12.15
2017-03-29,18.0,12.13,12.15
2017-03-30,18.0,12.13,12.15
2017-03-31,18.0,12.13,12.15
2017-04-03,18.0,12.13,12.15
2017-04-04,18.0,12.13,12.15
2017-04-05,18.0,12.13,12.15
2017-04-06,18.0,12.13,12.15
2017-04-07,18.0,12.13,12.15
2017-04-10,18.0,12.13,12.15
2017-04-11,18.0,12.13,12.15
2017-04-12,18.0,12.13,12.15
2017-04-13,18.0,11.13,11.15
2017-04-14,18.0,11.13,11.15
2017-04-17,18.0,11.13,11.15
2017-04-18,18.0,11.13,11.15
2017-04-19,18.0,11.13,11.15
2017-04-20,18.0,11.13,11.15
2017-04-21,18.0,11.13,11.15
2017-04-24,18.0,11.13,11.15
2017-04-25,18.0,11.13,11.15
2017-04-26,18.0,11.13,11.15
2017-04-27,18.0,11.13,11.15
2017-04-28,18.0,11.13,11.15
2017-05-01,18.0,11.13,11.15
2017-05-02,18.0,11.13,11.15
2017-05-03,18.0,11.13,11.15
2017-05-04,18.0,11.13,11.15
2017-05-05,18.0,11.13,11.15
2017-05-08,18.0,11.13,11.15
2017-05-09,18.0,11.13,11.15
2017-05-10,18.0,11.13,11.15
2017-05-11,18.0,11.13,11.15
2017-05-12,18.0,11.13,11.15
2017-05-15,18.0,11.13,11.15
2017-05-16,18.0,11.13,11.15
2017-05-17,18.0,11.13,11.15
2017-05-18,18.0,11.13,11.15
2017-05-19,18.0,11.13,11.15
2017-05-22,18.0,11.13,11.15
2017-05-23,18.0,11.13,11.15
2017-05-24,18.0,11.13,11.15
2017-05-25,18.0,11.13,11.15
2017-05-26,18.0,11.13,11.15
2017-05-29,18.0,11.13,11.15
2017-05-30,18.0,11.13,11.15
2017-05-31,18.0,11.13,11.15
2017-06-01,18.0,10.14,10.15
2017-06-02,18.0,10.14,10.15
2017-06-05,18.0,10.14,10.15
2017-06-06,18.0,10.14,10.15
2017-06-07,18.0,10.14,10.15
2017-06-08,18.0,10.14,10.15
2017-06-09,18.0,10.14,10.15
2017-06-12,18.0,10.14,10.15
2017-06-13,18.0,10.14,10.15
2017-06-14,18.0,10.14,10.15
2017-06-15,18.0,10.14,10.15
2017-06-16,18.0,10.14,10.15
2017-06-19,18.0,10.14,10.15
2017-06-20,18.0,10.14,10.15
2017-06-21,18.0,10.14,10.15
2017-06-22,18.0,10.14,10.15
2017-06-23,18.0,10.14,10.15
2017-06-26,18.0,10.14,10.15
2017-06-27,18.0,10.14,10.15
2017-06-28,18.0,10.14,10.15
2017-06-29,18.0,10.14,10.15
2017-06-30,18.0,10.14,10.15
2017-07-03,18.0,10.14,10.15
2017-07-04,18.0,10.14,10.15
2017-07-05,18.0,10.14,10.15
2017-07-06,18.0,10.14,10.15
2017-07-07,18.0,10.14,10.15
2017-07-10,18.0,10.14,10.15
2017-07-11,18.0,10.14,10.15
2017-07-12,18.0,10.14,10.15
2017-07-13,18.0,10.14,10.15
2017-07-14,18.0,10.14,10.15
2017-07-17,18.0,10.14,10.15
2017-07-18,18.0,10.14,10.15
2017-07-19,18.0,10.14,10.15
2017-07-20,18.0,10.14,10.15
2017-07-21,18.0,10.14,10.15
2017-07-24,18.0,10.14,10.15
2017-07-25,18.0,10.14,10.15
2017-07-26,18.0,10.14,10.15
2017-07-27,18.0,9.14,9.15
2017-07-28,18.0,9.14,9.15
2017-07-31,18.0,9.14,9.15
2017-08-01,18.0,9.14,9.15
2017-08-02,18.0,9.14,9.15
2017-08-03,18.0,9.14,9.15
2017-08-04,18.0,9.14,9.15
2017-08-07,18.0,9.14,9.15
2017-08-08,18.0,9.14,9.15
2017-08-09,18.0,9.14,9.15
2017-08-10,18.0,9.14,9.15
2017-08-11,18.0,9.14,9.15
2017-08-14,18.0,9.14,9.15
2017-08-15,18.0,9.14,9.15
2017-08-16,18.0,9.14,9.15
2017-08-17,18.0,9.14,9.15
2017-08-18,18.0,9.14,9.15
2017-08-21,18.0,9.14,9.15
2017-08-22,18.0,9.14,9.15
2017-08-23,18.0,9.14,9.15
2017-08-24,18.0,9.14,9.15
2017-08-25,18.0,9.14,9.15
2017-08-28,18.0,9.14,9.15
2017-08-29,18.0,9.14,9.15
2017-08-30,18.0,9.14,9.15
2017-08-31,18.0,9.14,9.15
2017-09-01,18.0,9.14,9.15
2017-09-04,18.0,9.14,9.15
2017-09-05,18.0,9.14,9.15
2017-09-06,18.0,9.14,9.15
2017-09-07,18.0,9.14,9.15
2017-09-08,18.0,8.14,8.15
2017-09-11,18.0,8.14,8.15
2017-09-12,18.0,8.14,8.15
2017-09-13,18.0,8.14,8.15
2017-09-14,18.0,8.14,8.15
2017-09-15,18.0,8.14,8.15
2017-09-18,18.0,8.14,8.15
2017-09-19,18.0,8.14,8.15
2017-09-20,18.0,8.14,8.15
2017-09-21,18.0,8.14,8.15
2017-09-22,18.0,8.14,8.15
2017-09-25,18.0,8.14,8.15
2017-09-26,18.0,8.14,8.15
2017-09-27,18.0,8.14,8.15
2017-09-28,18.0,8.14,8.15
2017-09-29,18.0,8.14,8.15
2017-10-02,18.0,8.14,8.15
2017-10-03,18.0,8.14,8.15
2017-10-04,18.0,8.14,8.15
2017-10-05,18.0,8.14,8.15
2017-10-06,18.0,8.14,8.15
2017-10-09,18.0,8.14,8.15
2017-10-10,18.0,8.14,8.15
2017-10-11,18.0,8.14,8.15
2017-10-12,18.0,8.14,8.15
2017-10-13,18.0,8.14,8.15
2017-10-16,18.0,8.14,8.15
2017-10-17,18.0,8.14,8.15
2017-10-18,18.0,8.14,8.15
2017-10-19,18.0,8.14,8.15
2017-10-20,18.0,8.14,8.15
2017-10-23,18.0,8.14,8.15
2017-10-24,18.0,8.14,8.15
2017-10-25,18.0,8.14,8.15
2017-10-26,18.0,7.39,7.4
2017-10-27,18.0,7.39,7.4
2017-10-30,18.0,7.39,7.4
2017-10-31,18.0,7.39,7.4
2017-11-01,18.0,7.39,7.4
2017-11-02,18.0,7.39,7.4
2017-11-03,18.0,7.39,7.4
2017-11-06,18.0,7.39,7.4
2017-11-07,18.0,7.39,7.4
2017-11-08,18.0,7.39,7.4
2017-11-09,18.0,7.39,7.4
2017-11-10,18.0,7.39,7.4
2017-11-13,18.0,7.39,7.4
2017-11-14,18.0,7.39,7.4
2017-11-15,18.0,7.39,7.4
2017-11-16,18.0,7.39,7.4
2017-11-17,18.0,7.39,7.4
2017-11-20,18.0,7.39,7.4
2017-11-21,18.0,7.39,7.4
2017-11-22,18.0,7.39,7.4
2017-11-23,18.0,7.39,7.4
2017-11-24,18.0,7.39,7.4
2017-11-27,18.0,7.39,7.4
2017-11-28,18.0,7.39,7.4
2017-11-29,18.0,7.39,7.4
2017-11-30,18.0,7.39,7.4
2017-12-01,18.0,7.39,7.4
2017-12-04,18.0,7.39,7.4
2017-12-05,18.0,7.39,7.4
2017-12-06,18.0,7.39,7.4
2017-12-07,18.0,6.89,6.9
2017-12-08,18.0,6.89,6.9
2017-12-11,18.0,6.89,6.9
2017-12-12,18.0,6.89,6.9
2017-12-13,18.0,6.89,6.9
2017-12-14,18.0,6.89,6.9
2017-12-15,18.0,6.89,6.9
2017-12-18,18.0,6.89,6.9
2017-12-19,18.0,6.89,6.9
2017-12-20,18.0,6.89,6.9
2017-12-21,18.0,6.89,6.9
2017-12-22,18.0,6.89,6.9
2017-12-25,18.0,6.89,6.9
2017-12-26,18.0,6.89,6.9
2017-12-27,18.0,6.89,6.9
2017-12-28,18.0,6.89,6.9
2017-12-29,18.0,6.89,6.9
2018-01-01,18.0,6.89,6.9
2018-01-02,18.0,6.89,6.9
2018-01-03,18.0,6.89,6.9
2018-01-04,18.0,6.89,6.9
2018-01-05,18.0,6.89,6.9
2018-01-08,18.0,6.89,6.9
2018-01-09,18.0,6.89,6.9
2018-01-10,18.0,6.89,6.9
2018-01-11,18.0,6.89,6.9
2018-01-12,18.0,6.89,6.9
2018-01-15,18.0,6.89,6.9
2018-01-16,18.0,6.89,6.9
2018-01-17,18.0,6.89,6.9
2018-01-18,18.0,6.89,6.9
2018-01-19,18.0,6.89,6.9
2018-01-22,18.0,6.89,6.9
2018-01-23,18.0,6.89,6.9
2018-01-24,18.0,6.89,6.9
2018-01-25,18.0,6.89,6.9
2018-01-26,18.0,6.89,6.9
2018-01-29,18.0,6.89,6.9
2018-01-30,18.0,6.89,6.9
2018-01-31,18.0,6.89,6.9
2018-02-01,18.0,6.89,6.9
2018-02-02,18.0,6.89,6.9
2018-02-05,18.0,6.89,6.9
2018-02-06,18.0,6.89,6.9
2018-02-07,18.0,6.89,6.9
2018-02-08,18.0,6.64,6.65
2018-02-09,18.0,6.64,6.65
2018-02-12,18.0,6.64,6.65
2018-02-13,18.0,6.64,6.65
2018-02-14,18.0,6.64,6.65
2018-02-15,18.0,6.64,6.65
2018-02-16,18.0,6.64,6.65
2018-02-19,18.0,6.64,6.65
2018-02-20,18.0,6.64,6.65
2018-02-21,18.0,6.64,6.65
2018-02-22,18.0,6.64,6.65
2018-02-23,18.0,6.64,6.65
2018-02-26,18.0,6.64,6.65
2018-02-27,18.0,6.64,6.65
2018-02-28,18.0,6.64,6.65
2018-03-01,18.0,6.64,6.65
2018-03-02,18.0,6.64,6.65
2018-03-05,18.0,6.64,6.65
2018-03-06,18.0,6.64,6.65
2018-03-07,18.0,6.64,6.65
2018-03-08,18.0,6.64,6.65
2018-03-09,18.0,6.64,6.65
2018-03-12,18.0,6.64,6.65
2018-03-13,18.0,6.64,6.65
2018-03-14,18.0,6.64,6.65
2018-03-15,18.0,6.64,6.65
2018-03-16,18.0,6.64,6.65
2018-03-19,18.0,6.64,6.65
2018-03-20,18.0,6.64,6.65
2018-03-21,18.0,6.64,6.65
2018-03-22,18.0,6.39,6.4
2018-03-23,18.0,6.39,6.4
2018-03-26,18.0,6.39,6.4
2018-03-27,18.0,6.39,6.4
2018-03-28,18.0,6.39,6.4
2018-03-29,18.0,6.39,6.4
2018-03-30,18.0,6.39,6.4
2018-04-02,18.0,6.39,6.4
2018-04-03,18.0,6.39,6.4
2018-04-04,18.0,6.39,6.4
2018-04-05,18.0,6.39,6.4
2018-04-06,18.0,6.39,6.4
2018-04-09,18.0,6.39,6.4
2018-04-10,18.0,6.39,6.4
2018-04-11,18.0,6.39,6.4
2018-04-12,18.0,6.39,6.4
2018-04-13,18.0,6.39,6.4
2018-04-16,18.0,6.39,6.4
2018-04-17,18.0,6.39,6.4
2018-04-18,18.0,6.39,6.4
2018-04-19,18.0,6.39,6.4
2018-04-20,18.0,6.39,6.4
2018-04-23,18.0,6.39,6.4
2018-04-24,18.0,6.39,6.4
2018-04-25,18.0,6.39,6.4
2018-04-26,18.0,6.39,6.4
2018-04-27,18.0,6.39,6.4
2018-04-30,18.0,6.39,6.4
2018-05-01,18.0,6.39,6.4
2018-05-02,18.0,6.39,6.4
2018-05-03,18.0,6.39,6.4
2018-05-04,18.0,6.39,6.4
2018-05-07,18.0,6.39,6.4
2018-05-08,18.0,6.39,6.4
2018-05-09,18.0,6.39,6.4
2018-05-10,18.0,6.39,6.4
2018-05-11,18.0,6.39,6.4
2018-05-14,18.0,6.39,6.4
2018-05-15,18.0,6.39,6.4
2018-05-16,18.0,6.39,6.4
2018-05-17,18.0,6.39,6.4
2018-05-18,18.0,6.39,6.4
2018-05-21,18.0,6.39,6.4
2018-05-22,18.0,6.39,6.4
2018-05-23,18.0,6.39,6.4
2018-05-24,18.0,6.39,6.4
2018-05-25,18.0,6.39,6.4
2018-05-28,18.0,6.39,6.4
2018-05-29,18.0,6.39,6.4
2018-05-30,18.0,6.39,6.4
2018-05-31,18.0,6.39,6.4
2018-06-01,18.0,6.39,6.4
2018-06-04,18.0,6.39,6.4
2018-06-05,18.0,6.39,6.4
2018-06-06,18.0,6.39,6.4
2018-06-07,18.0,6.39,6.4
2018-06-08,18.0,6.39,6.4
2018-06-11,18.0,6.39,6.4
2018-06-12,18.0,6.39,6.4
2018-06-13,18.0,6.39,6.4
2018-06-14,18.0,6.39,6.4
2018-06-15,18.0,6.39,6.4
2018-06-18,18.0,6.39,6.4
2018-06-19,18.0,6.39,6.4
2018-06-20,18.0,6.39,6.4
2018-06-21,18.0,6.39,6.4
2018-06-22,18.0,6.39,6.4
2018-06-25,18.0,6.39,6.4
2018-06-26,18.0,6.39,6.4
2018-06-27,18.0,6.39,6.4
2018-06-28,18.0,6.39,6.4
2018-06-29,18.0,6.39,6.4
2018-07-02,18.0,6.39,6.4
2018-07-03,18.0,6.39,6.4
2018-07-04,18.0,6.39,6.4
2018-07-05,18.0,6.39,6.4
2018-07-06,18.0,6.39,6.4
2018-07-09,18.0,6.39,6.4
2018-07-10,18.0,6.39,6.4
2018-07-11,18.0,6.39,6.4
2018-07-12,18.0,6.39,6.4
2018-07-13,18.0,6.39,6.4
2018-07-16,18.0,6.39,6.4
2018-07-17,18.0,6.39,6.4
2018-07-18,18.0,6.39,6.4
2018-07-19,18.0,6.39,6.4
2018-07-20,18.0,6.39,6.4
2018-07-23,18.0,6.39,6.4
2018-07-24,18.0,6.39,6.4
2018-07-25,18.0,6.39,6.4
2018-07-26,18.0,6.39,6.4
2018-07-27,18.0,6.39,6.4
2018-07-30,18.0,6.39,6.4
2018-07-31,18.0,6.39,6.4
2018-08-01,18.0,6.39,6.4
2018-08-02,18.0,6.39,6.4
2018-08-03,18.0,6.39,6.4
2018-08-06,18.0,6.39,6.4
2018-08-07,18.0,6.39,6.4
2018-08-08,18.0,6.39,6.4
2018-08-09,18.0,6.39,6.4
2018-08-10,18.0,6.39,6.4
2018-08-13,18.0,6.39,6.4
2018-08-14,18.0,6.39,6.4
2018-08-15,18.0,6.39,6.4
2018-08-16,18.0,6.39,6.4
2018-08-17,18.0,6.39,6.4
2018-08-20,18.0,6.39,6.4
2018-08-21,18.0,6.39,6.4
2018-08-22,18.0,6.39,6.4
2018-08-23,18.0,6.39,6.4
2018-08-24,18.0,6.39,6.4
2018-08-27,18.0,6.39,6.4
2018-08-28,18.0,6.39,6.4
2018-08-29,18.0,6.39,6.4
2018-08-30,18.0,6.39,6.4
2018-08-31,18.0,6.39,6.4
2018-09-03,18.0,6.39,6.4
2018-09-04,18.0,6.39,6.4
2018-09-05,18.0,6.39,6.4
2018-09-06,18.0,6.39,6.4
2018-09-07,18.0,6.39,6.4
2018-09-10,18.0,6.39,6.4
2018-09-11,18.0,6.39,6.4
2018-09-12,18.0,6.39,6.4
2018-09-13,18.0,6.39,6.4
2018-09-14,18.0,6.39,6.4
2018-09-17,18.0,6.39,6.4
2018-09-18,18.0,6.39,6.4
2018-09-19,18.0,6.39,6.4
2018-09-20,18.0,6.39,6.4
2018-09-21,18.0,6.39,6.4
2018-09-24,18.0,6.39,6.4
2018-09-25,18.0,6.39,6.4
2018-09-26,18.0,6.39,6.4
2018-09-27,18.0,6.39,6.4
2018-09-28,18.0,6.39,6.4
2018-10-01,18.0,6.4,6.4
2018-10-02,18.0,6.4,6.4
2018-10-03,18.0,6.4,6.4
2018-10-04,18.0,6.4,6.4
2018-10-05,18.0,6.4,6.4
2018-10-08,18.0,6.4,6.4
2018-10-09,18.0,6.4,6.4
2018-10-10,18.0,6.4,6.4
2018-10-11,18.0,6.4,6.4
2018-10-12,18.0,6.4,6.4
2018-10-15,18.0,6.4,6.4
2018-10-16,18.0,6.4,6.4
2018-10-17,18.0,6.4,6.4
2018-10-18,18.0,6.4,6.4
2018-10-19,18.0,6.4,6.4
2018-10-22,18.0,6.4,6.4
2018-10-23,18.0,6.4,6.4
2018-10-24,18.0,6.4,6.4
2018-10-25,18.0,6.4,6.4
2018-10-26,18.0,6.4,6.4
2018-10-29,18.0,6.4,6.4
2018-10-30,18.0,6.4,6.4
2018-10-31,18.0,6.4,6.4
2018-11-01,18.0,6.4,6.4
2018-11-02,18.0,6.4,6.4
2018-11-05,18.0,6.4,6.4
2018-11-06,18.0,6.4,6.4
2018-11-07,18.0,6.4,6.4
2018-11-08,18.0,6.4,6.4
2018-11-09,18.0,6.4,6.4
2018-11-12,18.0,6.4,6.4
2018-11-13,18.0,6.4,6.4
2018-11-14,18.0,6.4,6.4
2018-11-15,18.0,6.4,6.4
2018-11-16,18.0,6.4,6.4
2018-11-19,18.0,6.4,6.4
2018-11-20,18.0,6.4,6.4
2018-11-21,18.0,6.4,6.4
2018-11-22,18.0,6.4,6.4
2018-11-23,18.0,6.4,6.4
2018-11-26,18.0,6.4,6.4
2018-11-27,18.0,6.4,6.4
2018-11-28,18.0,6.4,6.4
2018-11-29,18.0,6.4,6.4
2018-11-30,18.0,6.4,6.4
2018-12-03,18.0,6.4,6.4
2018-12-04,18.0,6.4,6.4
2018-12-05,18.0,6.4,6.4
2018-12-06,18.0,6.4,6.4
2018-12-07,18.0,6.4,6.4
2018-12-10,18.0,6.4,6.4
2018-12-11,18.0,6.4,6.4
2018-12-12,18.0,6.4,6.4
2018-12-13,18.0,6.4,6.4
2018-12-14,18.0,6.4,6.4
2018-12-17,18.0,6.4,6.4
2018-12-18,18.0,6.4,6.4
2018-12-19,18.0,6.4,6.4
2018-12-20,18.0,6.4,6.4
2018-12-21,18.0,6.4,6.4
2018-12-24,18.0,6.4,6.4
2018-12-25,18.0,6.4,6.4
2018-12-26,18.0,6.4,6.4
2018-12-27,18.0,6.4,6.4
2018-12-28,18.0,6.4,6.4
2018-12-31,18.0,6.4,6.4
2019-01-01,18.0,6.4,6.4
2019-01-02,18.0,6.4,6.4
2019-01-03,18.0,6.4,6.4
2019-01-04,18.0,6.4,6.4
2019-01-07,18.0,6.4,6.4
2019-01-08,18.0,6.4,6.4
2019-01-09,18.0,6.4,6.4
2019-01-10,18.0,6.4,6.4
2019-01-11,18.0,6.4,6.4
2019-01-14,18.0,6.4,6.4
2019-01-15,18.0,6.4,6.4
2019-01-16,18.0,6.4,6.4
2019-01-17,18.0,6.4,6.4
2019-01-18,18.0,6.4,6.4
2019-01-21,18.0,6.4,6.4
2019-01-22,18.0,6.4,6.4
2019-01-23,18.0,6.4,6.4
2019-01-24,18.0,6.4,6.4
2019-01-25,18.0,6.4,6.4
2019-01-28,18.0,6.4,6.4
2019-01-29,18.0,6.4,6.4
2019-01-30,18.0,6.4,6.4
2019-01-31,18.0,6.4,6.4
2019-02-01,18.0,6.4,6.4
2019-02-04,18.0,6.4,6.4
2019-02-05,18.0,6.4,6.4
2019-02-06,18.0,6.4,6.4
2019-02-07,18.0,6.4,6.4
2019-02-08,18.0,6.4,6.4
2019-02-11,18.0,6.4,6.4
2019-02-12,18.0,6.4,6.4
2019-02-13,18.0,6.4,6.4
2019-02-14,18.0,6.4,6.4
2019-02-15,18.0,6.4,6.4
2019-02-18,18.0,6.4,6.4
2019-02-19,18.0,6.4,6.4
2019-02-20,18.0,6.4,6.4
2019-02-21,18.0,6.4,6.4
2019-02-22,18.0,6.4,6.4
2019-02-25,18.0,6.4,6.4
2019-02-26,18.0,6.4,6.4
2019-02-27,18.0,6.4,6.4
2019-02-28,18.0,6.4,6.4
2019-03-01,18.0,6.4,6.4
2019-03-04,18.0,6.4,6.4
2019-03-05,18.0,6.4,6.4
2019-03-06,18.0,6.4,6.4
2019-03-07,18.0,6.4,6.4
2019-03-08,18.0,6.4,6.4
2019-03-11,18.0,6.4,6.4
2019-03-12,18.0,6.4,6.4
2019-03-13,18.0,6.4,6.4
2019-03-14,18.0,6.4,6.4
2019-03-15,18.0,6.4,6.4
2019-03-18,18.0,6.4,6.4
2019-03-19,18.0,6.4,6.4
2019-03-20,18.0,6.4,6.4
2019-03-21,18.0,6.4,6.4
2019-03-22,18.0,6.4,6.4
2019-03-25,18.0,6.4,6.4
2019-03-26,18.0,6.4,6.4
2019-03-27,18.0,6.4,6.4
2019-03-28,18.0,6.4,6.4
2019-03-29,18.0,6.4,6.4
2019-04-01,18.0,6.4,6.4
2019-04-02,18.0,6.4,6.4
2019-04-03,18.0,6.4,6.4
2019-04-04,18.0,6.4,6.4
2019-04-05,18.0,6.4,6.4
2019-04-08,18.0,6.4,6.4
2019-04-09,18.0,6.4,6.4
2019-04-10,18.0,6.4,6.4
2019-04-11,18.0,6.4,6.4
2019-04-12,18.0,6.4,6.4
2019-04-15,18.0,6.4,6.4
2019-04-16,18.0,6.4,6.4
2019-04-17,18.0,6.4,6.4
2019-04-18,18.0,6.4,6.4
2019-04-19,18.0,6.4,6.4
2019-04-22,18.0,6.4,6.4
2019-04-23,18.0,6.4,6.4
2019-04-24,18.0,6.4,6.4
2019-04-25,18.0,6.4,6.4
2019-04-26,18.0,6.4,6.4
2019-04-29,18.0,6.4,6.4
2019-04-30,18.0,6.4,6.4
2019-05-01,18.0,6.4,6.4
2019-05-02,18.0,6.4,6.4
2019-05-03,18.0,6.4,6.4
2019-05-06,18.0,6.4,6.4
2019-05-07,18.0,6.4,6.4
2019-05-08,18.0,6.4,6.4
2019-05-09,18.0,6.4,6.4
2019-05-10,18.0,6.4,6.4
2019-05-13,18.0,6.4,6.4
2019-05-14,18.0,6.4,6.4
2019-05-15,18.0,6.4,6.4
2019-05-16,18.0,6.4,6.4
2019-05-17,18.0,6.4,6.4
2019-05-20,18.0,6.4,6.4
2019-05-21,18.0,6.4,6.4
2019-05-22,18.0,6.4,6.4
2019-05-23,18.0,6.4,6.4
2019-05-24,18.0,6.4,6.4
2019-05-27,18.0,6.4,6.4
2019-05-28,18.0,6.4,6.4
2019-05-29,18.0,6.4,6.4
2019-05-30,18.0,6.4,6.4
2019-05-31,18.0,6.4,6.4
2019-06-03,18.0,6.4,6.4
2019-06-04,18.0,6.4,6.4
2019-06-05,18.0,6.4,6.4
2019-06-06,18.0,6.4,6.4
2019-06-07,18.0,6.4,6.4
2019-06-10,18.0,6.4,6.4
2019-06-11,18.0,6.4,6.4
2019-06-12,18.0,6.4,6.4
2019-06-13,18.0,6.4,6.4
2019-06-14,18.0,6.4,6.4
2019-06-17,18.0,6.4,6.4
2019-06-18,18.0,6.4,6.4
2019-06-19,18.0,6.4,6.4
2019-06-20,18.0,6.4,6.4
2019-06-21,18.0,6.4,6.4
2019-06-24,18.0,6.4,6.4
2019-06-25,18.0,6.4,6.4
2019-06-26,18.0,6.4,6.4
2019-06-27,18.0,6.4,6.4
2019-06-28,18.0,6.4,6.4
2019-07-01,18.0,6.4,6.4
2019-07-02,18.0,6.4,6.4
2019-07-03,18.0,6.4,6.4
2019-07-04,18.0,6.4,6.4
2019-07-05,18.0,6.4,6.4
2019-07-08,18.0,6.4,6.4
2019-07-09,18.0,6.4,6.4
2019-07-10,18.0,6.4,6.4
2019-07-11,18.0,6.4,6.4
2019-07-12,18.0,6.4,6.4
2019-07-15,18.0,6.4,6.4
2019-07-16,18.0,6.4,6.4
2019-07-17,18.0,6.4,6.4
2019-07-18,18.0,6.4,6.4
2019-07-19,18.0,6.4,6.4
2019-07-22,18.0,6.4,6.4
2019-07-23,18.0,6.4,6.4
2019-07-24,18.0,6.4,6.4
2019-07-25,18.0,6.4,6.4
2019-07-26,18.0,6.4,6.4
2019-07-29,18.0,6.4,6.4
2019-07-30,18.0,6.4,6.4
2019-07-31,18.0,6.4,6.4
2019-08-01,18.0,5.9,5.9
2019-08-02,18.0,5.9,5.9
2019-08-05,18.0,5.9,5.9
2019-08-06,18.0,5.9,5.9
2019-08-07,18.0,5.9,5.9
2019-08-08,18.0,5.9,5.9
2019-08-09,18.0,5.9,5.9
2019-08-12,18.0,5.9,5.9
2019-08-13,18.0,5.9,5.9
2019-08-14,18.0,5.9,5.9
2019-08-15,18.0,5.9,5.9
2019-08-16,18.0,5.9,5.9
2019-08-19,18.0,5.9,5.9
2019-08-20,18.0,5.9,5.9
2019-08-21,18.0,5.9,5.9
2019-08-22,18.0,5.9,5.9
2019-08-23,18.0,5.9,5.9
2019-08-26,18.0,5.9,5.9
2019-08-27,18.0,5.9,5.9
2019-08-28,18.0,5.9,5.9
2019-08-29,18.0,5.9,5.9
2019-08-30,18.0,5.9,5.9
2019-09-02,18.0,5.9,5.9
2019-09-03,18.0,5.9,5.9
2019-09-04,18.0,5.9,5.9
2019-09-05,18.0,5.9,5.9
2019-09-06,18.0,5.9,5.9
2019-09-09,18.0,5.9,5.9
2019-09-10,18.0,5.9,5.9
2019-09-11,18.0,5.9,5.9
2019-09-12,18.0,5.9,5.9
2019-09-13,18.0,5.9,5.9
2019-09-16,18.0,5.9,5.9
2019-09-17,18.0,5.9,5.9
2019-09-18,18.0,5.9,5.9
2019-09-19,18.0,5.4,5.4
2019-09-20,18.0,5.4,5.4
2019-09-23,18.0,5.4,5.4
2019-09-24,18.0,5.4,5.4
2019-09-25,18.0,5.4,5.4
2019-09-26,18.0,5.4,5.4
2019-09-27,18.0,5.4,5.4
2019-09-30,18.0,5.4,5.4
2019-10-01,18.0,5.4,5.4
2019-10-02,18.0,5.4,5.4
2019-10-03,18.0,5.4,5.4
2019-10-04,18.0,5.4,5.4
2019-10-07,18.0,5.4,5.4
2019-10-08,18.0,5.4,5.4
2019-10-09,18.0,5.4,5.4
2019-10-10,18.0,5.4,5.4
2019-10-11,18.0,5.4,5.4
2019-10-14,18.0,5.4,5.4
2019-10-15,18.0,5.4,5.4
2019-10-16,18.0,5.4,5.4
2019-10-17,18.0,5.4,5.4
2019-10-18,18.0,5.4,5.4
2019-10-21,18.0,5.4,5.4
2019-10-22,18.0,5.4,5.4
2019-10-23,18.0,5.4,5.4
2019-10-24,18.0,5.4,5.4
2019-10-25,18.0,5.4,5.4
2019-10-28,18.0,5.4,5.4
2019-10-29,18.0,5.4,5.4
2019-10-30,18.0,5.4,5.4
2019-10-31,18.0,4.9,4.9
2019-11-01,18.0,4.9,4.9
2019-11-04,18.0,4.9,4.9
2019-11-05,18.0,4.9,4.9
2019-11-06,18.0,4.9,4.9
2019-11-07,18.0,4.9,4.9
2019-11-08,18.0,4.9,4.9
2019-11-11,18.0,4.9,4.9
2019-11-12,18.0,4.9,4.9
2019-11-13,18.0,4.9,4.9
2019-11-14,18.0,4.9,4.9
2019-11-15,18.0,4.9,4.9
2019-11-18,18.0,4.9,4.9
2019-11-19,18.0,4.9,4.9
2019-11-20,18.0,4.9,4.9
2019-11-21,18.0,4.9,4.9
2019-11-22,18.0,4.9,4.9
2019-11-25,18.0,4.9,4.9
2019-11-26,18.0,4.9,4.9
2019-11-27,18.0,4.9,4.9
2019-11-28,18.0,4.9,4.9
2019-11-29,18.0,4.9,4.9
2019-12-02,18.0,4.9,4.9
2019-12-03,18.0,4.9,4.9
2019-12-04,18.0,4.9,4.9
2019-12-05,18.0,4.9,4.9
2019-12-06,18.0,4.9,4.9
2019-12-09,18.0,4.9,4.9
2019-12-10,18.0,4.9,4.9
2019-12-11,18.0,4.9,4.9
2019-12-12,18.0,4.4,4.4
2019-12-13,18.0,4.4,4.4
2019-12-16,18.0,4.4,4.4
2019-12-17,18.0,4.4,4.4
2019-12-18,18.0,4.4,4.4
2019-12-19,18.0,4.4,4.4
2019-12-20,18.0,4.4,4.4
2019-12-23,18.0,4.4,4.4
2019-12-24,18.0,4.4,4.4
2019-12-25,18.0,4.4,4.4
2019-12-26,18.0,4.4,4.4
2019-12-27,18.0,4.4,4.4
2019-12-30,18.0,4.4,4.4
2019-12-31,18.0,4.4,4.4
2020-01-01,18.0,4.4,4.4
2020-01-02,18.0,4.4,4.4
2020-01-03,18.0,4.4,4.4
2020-01-06,18.0,4.4,4.4
2020-01-07,18.0,4.4,4.4
2020-01-08,18.0,4.4,4.4
2020-01-09,18.0,4.4,4.4
2020-01-10,18.0,4.4,4.4
2020-01-13,18.0,4.4,4.4
2020-01-14,18.0,4.4,4.4
2020-01-15,18.0,4.4,4.4
2020-01-16,18.0,4.4,4.4
2020-01-17,18.0,4.4,4.4
2020-01-20,18.0,4.4,4.4
2020-01-21,18.0,4.4,4.4
2020-01-22,18.0,4.4,4.4
2020-01-23,18.0,4.4,4.4
2020-01-24,18.0,4.4,4.4
2020-01-27,18.0,4.4,4.4
2020-01-28,18.0,4.4,4.4
2020-01-29,18.0,4.4,4.4
2020-01-30,18.0,4.4,4.4
2020-01-31,18.0,4.4,4.4
2020-02-03,18.0,4.4,4.4
2020-02-04,18.0,4.4,4.4
2020-02-05,18.0,4.4,4.4
2020-02-06,18.0,4.15,4.15
2020-02-07,18.0,4.15,4.15
2020-02-10,18.0,4.15,4.15
2020-02-11,18.0,4.15,4.15
2020-02-12,18.0,4.15,4.15
2020-02-13,18.0,4.15,4.15
2020-02-14,18.0,4.15,4.15
2020-02-17,18.0,4.15,4.15
2020-02-18,18.0,4.15,4.15
2020-02-19,18.0,4.15,4.15
2020-02-20,18.0,4.15,4.15
2020-02-21,18.0,4.15,4.15
2020-02-24,18.0,4.15,4.15
2020-02-25,18.0,4.15,4.15
2020-02-26,18.0,4.15,4.15
2020-02-27,18.0,4.15,4.15
2020-02-28,18.0,4.15,4.15
2020-03-02,18.0,4.15,4.15
2020-03-03,18.0,4.15,4.15
2020-03-04,18.0,4.15,4.15
2020-03-05,18.0,4.15,4.15
2020-03-06,18.0,4.15,4.15
2020-03-09,18.0,4.15,4.15
2020-03-10,18.0,4.15,4.15
2020-03-11,18.0,4.15,4.15
2020-03-12,18.0,4.15,4.15
2020-03-13,18.0,4.15,4.15
2020-03-16,18.0,4.15,4.15
2020-03-17,18.0,4.15,4.15
2020-03-18,18.0,4.15,4.15
2020-03-19,18.0,3.65,3.65
2020-03-20,18.0,3.65,3.65
2020-03-23,18.0,3.65,3.65
2020-03-24,18.0,3.65,3.65
2020-03-25,18.0,3.65,3.65
2020-03-26,18.0,3.65,3.65
2020-03-27,18.0,3.65,3.65
2020-03-30,18.0,3.65,3.65
2020-03-31,18.0,3.65,3.65
2020-04-01,18.0,3.65,3.65
2020-04-02,18.0,3.65,3.65
2020-04-03,18.0,3.65,3.65
2020-04-06,18.0,3.65,3.65
2020-04-07,18.0,3.65,3.65
2020-04-08,18.0,3.65,3.65
2020-04-09,18.0,3.65,3.65
2020-04-10,18.0,3.65,3.65
2020-04-13,18.0,3.65,3.65
2020-04-14,18.0,3.65,3.65
2020-04-15,18.0,3.65,3.65
2020-04-16,18.0,3.65,3.65
2020-04-17,18.0,3.65,3.65
2020-04-20,18.0,3.65,3.65
2020-04-21,18.0,3.65,3.65
2020-04-22,18.0,3.65,3.65
2020-04-23,18.0,3.65,3.65
2020-04-24,18.0,3.65,3.65
2020-04-27,18.0,3.65,3.65
2020-04-28,18.0,3.65,3.65
2020-04-29,18.0,3.65,3.65
2020-04-30,18.0,3.65,3.65
2020-05-01,18.0,3.65,3.65
2020-05-04,18.0,3.65,3.65
2020-05-05,18.0,3.65,3.65
2020-05-06,18.0,3.65,3.65
2020-05-07,18.0,2.9,2.9
2020-05-08,18.0,2.9,2.9
2020-05-11,18.0,2.9,2.9
2020-05-12,18.0,2.9,2.9
2020-05-13,18.0,2.9,2.9
2020-05-14,18.0,2.9,2.9
2020-05-15,18.0,2.9,2.9
2020-05-18,18.0,2.9,2.9
2020-05-19,18.0,2.9,2.9
2020-05-20,18.0,2.9,2.9
2020-05-21,18.0,2.9,2.9
2020-05-22,18.0,2.9,2.9
2020-05-25,18.0,2.9,2.9
2020-05-26,18.0,2.9,2.9
2020-05-27,18.0,2.9,2.9
2020-05-28,18.0,2.9,2.9
2020-05-29,18.0,2.9,2.9
2020-06-01,18.0,2.9,2.9
2020-06-02,18.0,2.9,2.9
2020-06-03,18.0,2.9,2.9
2020-06-04,18.0,2.9,2.9
2020-06-05,18.0,2.9,2.9
2020-06-08,18.0,2.9,2.9
2020-06-09,18.0,2.9,2.9
2020-06-10,18.0,2.9,2.9
2020-06-11,18.0,2.9,2.9
2020-06-12,18.0,2.9,2.9
2020-06-15,18.0,2.9,2.9
2020-06-16,18.0,2.9,2.9
2020-06-17,18.0,2.9,2.9
2020-06-18,18.0,2.15,2.15
2020-06-19,18.0,2.15,2.15
2020-06-22,18.0,2.15,2.15
2020-06-23,18.0,2.15,2.15
2020-06-24,18.0,2.15,2.15
2020-06-25,18.0,2.15,2.15
2020-06-26,18.0,2.15,2.15
2020-06-29,18.0,2.15,2.15
2020-06-30,18.0,2.15,2.15
2020-07-01,18.0,2.15,2.15
2020-07-02,18.0,2.15,2.15
2020-07-03,18.0,2.15,2.15
2020-07-06,18.0,2.15,2.15
2020-07-07,18.0,2.15,2.15
2020-07-08,18.0,2.15,2.15
2020-07-09,18.0,2.15,2.15
2020-07-10,18.0,2.15,2.15
2020-07-13,18.0,2.15,2.15
2020-07-14,18.0,2.15,2.15
2020-07-15,18.0,2.15,2.15
2020-07-16,18.0,2.15,2.15
2020-07-17,18.0,2.15,2.15
2020-07-20,18.0,2.15,2.15
2020-07-21,18.0,2.15,2.15
2020-07-22,18.0,2.15,2.15
2020-07-23,18.0,2.15,2.15
2020-07-24,18.0,2.15,2.15
2020-07-27,18.0,2.15,2.15
2020-07-28,18.0,2.15,2.15
2020-07-29,18.0,2.15,2.15
2020-07-30,18.0,2.15,2.15
2020-07-31,18.0,2.15,2.15
2020-08-03,18.0,2.15,2.15
2020-08-04,18.0,2.15,2.15
2020-08-05,18.0,2.15,2.15
2020-08-06,18.0,1.9,1.9
2020-08-07,18.0,1.9,1.9
2020-08-10,18.0,1.9,1.9
2020-08-11,18.0,1.9,1.9
2020-08-12,18.0,1.9,1.9
2020-08-13,18.0,1.9,1.9
2020-08-14,18.0,1.9,1.9
2020-08-17,18.0,1.9,1.9
2020-08-18,18.0,1.9,1.9
2020-08-19,18.0,1.9,1.9
2020-08-20,18.0,1.9,1.9
2020-08-21,18.0,1.9,1.9
2020-08-24,18.0,1.9,1.9
2020-08-25,18.0,1.9,1.9
2020-08-26,18.0,1.9,1.9
2020-08-27,18.0,1.9,1.9
2020-08-28,18.0,1.9,1.9
2020-08-31,18.0,1.9,1.9
2020-09-01,18.0,1.9,1.9
2020-09-02,18.0,1.9,1.9
2020-09-03,18.0,1.9,1.9
2020-09-04,18.0,1.9,1.9
2020-09-07,18.0,1.9,1.9
2020-09-08,18.0,1.9,1.9
2020-09-09,18.0,1.9,1.9
2020-09-10,18.0,1.9,1.9
2020-09-11,18.0,1.9,1.9
2020-09-14,18.0,1.9,1.9
2020-09-15,18.0,1.9,1.9
2020-09-16,18.0,1.9,1.9
2020-09-17,18.0,1.9,1.9
2020-09-18,18.0,1.9,1.9
2020-09-21,18.0,1.9,1.9
2020-09-22,18.0,1.9,1.9
2020-09-23,18.0,1.9,1.9
2020-09-24,18.0,1.9,1.9
2020-09-25,18.0,1.9,1.9
2020-09-28,18.0,1.9,1.9
2020-09-29,18.0,1.9,1.9
2020-09-30,18.0,1.9,1.9
2020-10-01,18.0,1.9,1.9
2020-10-02,18.0,1.9,1.9
2020-10-05,18.0,1.9,1.9
2020-10-06,18.0,1.9,1.9
2020-10-07,18.0,1.9,1.9
2020-10-08,18.0,1.9,1.9
2020-10-09,18.0,1.9,1.9
2020-10-12,18.0,1.9,1.9
2020-10-13,18.0,1.9,1.9
2020-10-14,18.0,1.9,1.9
2020-10-15,18.0,1.9,1.9
2020-10-16,18.0,1.9,1.9
2020-10-19,18.0,1.9,1.9
2020-10-20,18.0,1.9,1.9
2020-10-21,18.0,1.9,1.9
2020-10-22,18.0,1.9,1.9
2020-10-23,18.0,1.9,1.9
2020-10-26,18.0,1.9,1.9
2020-10-27,18.0,1.9,1.9
2020-10-28,18.0,1.9,1.9
2020-10-29,18.0,1.9,1.9
2020-10-30,18.0,1.9,1.9
2020-11-02,18.0,1.9,1.9
2020-11-03,18.0,1.9,1.9
2020-11-04,18.0,1.9,1.9
2020-11-05,18.0,1.9,1.9
2020-11-06,18.0,1.9,1.9
2020-11-09,18.0,1.9,1.9
2020-11-10,18.0,1.9,1.9
2020-11-11,18.0,1.9,1.9
2020-11-12,18.0,1.9,1.9
2020-11-13,18.0,1.9,1.9
2020-11-16,18.0,1.9,1.9
2020-11-17,18.0,1.9,1.9
2020-11-18,18.0,1.9,1.9
2020-11-19,18.0,1.9,1.9
2020-11-20,18.0,1.9,1.9
2020-11-23,18.0,1.9,1.9
2020-11-24,18.0,1.9,1.9
2020-11-25,18.0,1.9,1.9
2020-11-26,18.0,1.9,1.9
2020-11-27,18.0,1.9,1.9
2020-11-30,18.0,1.9,1.9
2020-12-01,18.0,1.9,1.9
2020-12-02,18.0,1.9,1.9
2020-12-03,18.0,1.9,1.9
2020-12-04,18.0,1.9,1.9
2020-12-07,18.0,1.9,1.9
2020-12-08,18.0,1.9,1.9
2020-12-09,18.0,1.9,1.9
2020-12-10,18.0,1.9,1.9
2020-12-11,18.0,1.9,1.9
2020-12-14,18.0,1.9,1.9
2020-12-15,18.0,1.9,1.9
2020-12-16,18.0,1.9,1.9
2020-12-17,18.0,1.9,1.9
2020-12-18,18.0,1.9,1.9
2020-12-21,18.0,1.9,1.9
2020-12-22,18.0,1.9,1.9
2020-12-23,18.0,1.9,1.9
2020-12-24,18.0,1.9,1.9
2020-12-25,18.0,1.9,1.9
2020-12-28,18.0,1.9,1.9
2020-12-29,18.0,1.9,1.9
2020-12-30,18.0,1.9,1.9
2020-12-31,18.0,1.9,1.9
2021-01-01,18.0,1.9,1.9
2021-01-04,18.0,1.9,1.9
2021-01-05,18.0,1.9,1.9
2021-01-06,18.0,1.9,1.9
2021-01-07,18.0,1.9,1.9
2021-01-08,18.0,1.9,1.9
2021-01-11,18.0,1.9,1.9
2021-01-12,18.0,1.9,1.9
2021-01-13,18.0,1.9,1.9
2021-01-14,18.0,1.9,1.9
2021-01-15,18.0,1.9,1.9
2021-01-18,18.0,1.9,1.9
2021-01-19,18.0,1.9,1.9
2021-01-20,18.0,1.9,1.9
2021-01-21,18.0,1.9,1.9
2021-01-22,18.0,1.9,1.9
2021-01-25,18.0,1.9,1.9
2021-01-26,18.0,1.9,1.9
2021-01-27,18.0,1.9,1.9
2021-01-28,18.0,1.9,1.9
2021-01-29,18.0,1.9,1.9
2021-02-01,18.0,1.9,1.9
2021-02-02,18.0,1.9,1.9
2021-02-03,18.0,1.9,1.9
2021-02-04,18.0,1.9,1.9
2021-02-05,18.0,1.9,1.9
2021-02-08,18.0,1.9,1.9
2021-02-09,18.0,1.9,1.9
2021-02-10,18.0,1.9,1.9
2021-02-11,18.0,1.9,1.9
2021-02-12,18.0,1.9,1.9
2021-02-15,18.0,1.9,1.9
2021-02-16,18.0,1.9,1.9
2021-02-17,18.0,1.9,1.9
2021-02-18,18.0,1.9,1.9
2021-02-19,18.0,1.9,1.9
2021-02-22,18.0,1.9,1.9
2021-02-23,18.0,1.9,1.9
2021-02-24,18.0,1.9,1.9
2021-02-25,18.0,1.9,1.9
2021-02-26,18.0,1.9,1.9
2021-03-01,18.0,1.9,1.9
2021-03-02,18.0,1.9,1.9
2021-03-03,18.0,1.9,1.9
2021-03-04,18.0,1.9,1.9
2021-03-05,18.0,1.9,1.9
2021-03-08,18.0,1.9,1.9
2021-03-09,18.0,1.9,1.9
2021-03-10,18.0,1.9,1.9
2021-03-11,18.0,1.9,1.9
2021-03-12,18.0,1.9,1.9
2021-03-15,18.0,1.9,1.9
2021-03-16,18.0,1.9,1.9
2021-03-17,18.0,1.9,1.9
2021-03-18,18.0,2.65,2.65
2021-03-19,18.0,2.65,2.65
2021-03-22,18.0,2.65,2.65
2021-03-23,18.0,2.65,2.65
2021-03-24,18.0,2.65,2.65
2021-03-25,18.0,2.65,2.65
2021-03-26,18.0,2.65,2.65
2021-03-29,18.0,2.65,2.65
2021-03-30,18.0,2.65,2.65
2021-03-31,18.0,2.65,2.65
2021-04-01,18.0,2.65,2.65
2021-04-02,18.0,2.65,2.65
2021-04-05,18.0,2.65,2.65
2021-04-06,18.0,2.65,2.65
2021-04-07,18.0,2.65,2.65
2021-04-08,18.0,2.65,2.65
2021-04-09,18.0,2.65,2.65
2021-04-12,18.0,2.65,2.65
2021-04-13,18.0,2.65,2.65
2021-04-14,18.0,2.65,2.65
2021-04-15,18.0,2.65,2.65
2021-04-16,18.0,2.65,2.65
2021-04-19,18.0,2.65,2.65
2021-04-20,18.0,2.65,2.65
2021-04-21,18.0,2.65,2.65
2021-04-22,18.0,2.65,2.65
2021-04-23,18.0,2.65,2.65
2021-04-26,18.0,2.65,2.65
2021-04-27,18.0,2.65,2.65
2021-04-28,18.0,2.65,2.65
2021-04-29,18.0,2.65,2.65
2021-04-30,18.0,2.65,2.65
2021-05-03,18.0,2.65,2.65
2021-05-04,18.0,2.65,2.65
2021-05-05,18.0,2.65,2.65
2021-05-06,18.0,3.4,3.4
2021-05-07,18.0,3.4,3.4
2021-05-10,18.0,3.4,3.4
2021-05-11,18.0,3.4,3.4
2021-05-12,18.0,3.4,3.4
2021-05-13,18.0,3.4,3.4
2021-05-14,18.0,3.4,3.4
2021-05-17,18.0,3.4,3.4
2021-05-18,18.0,3.4,3.4
2021-05-19,18.0,3.4,3.4
2021-05-20,18.0,3.4,3.4
2021-05-21,18.0,3.4,3.4
2021-05-24,18.0,3.4,3.4
2021-05-25,18.0,3.4,3.4
2021-05-26,18.0,3.4,3.4
2021-05-27,18.0,3.4,3.4
2021-05-28,18.0,3.4,3.4
2021-05-31,18.0,3.4,3.4
2021-06-01,18.0,3.4,3.4
2021-06-02,18.0,3.4,3.4
2021-06-03,18.0,3.4,3.4
2021-06-04,18.0,3.4,3.4
2021-06-07,18.0,3.4,3.4
2021-06-08,18.0,3.4,3.4
2021-06-09,18.0,3.4,3.4
2021-06-10,18.0,3.4,3.4
2021-06-11,18.0,3.4,3.4
2021-06-14,18.0,3.4,3.4
2021-06-15,18.0,3.4,3.4
2021-06-16,18.0,3.4,3.4
2021-06-17,18.0,4.15,4.15
2021-06-18,18.0,4.15,4.15
2021-06-21,18.0,4.15,4.15
2021-06-22,18.0,4.15,4.15
2021-06-23,18.0,4.15,4.15
2021-06-24,18.0,4.15,4.15
2021-06-25,18.0,4.15,4.15
2021-06-28,18.0,4.15,4.15
2021-06-29,18.0,4.15,4.15
2021-06-30,18.0,4.15,4.15
2021-07-01,18.0,4.15,4.15
2021-07-02,18.0,4.15,4.15
2021-07-05,18.0,4.15,4.15
2021-07-06,18.0,4.15,4.15
2021-07-07,18.0,4.15,4.15
2021-07-08,18.0,4.15,4.15
2021-07-09,18.0,4.15,4.15
2021-07-12,18.0,4.15,4.15
2021-07-13,18.0,4.15,4.15
2021-07-14,18.0,4.15,4.15
2021-07-15,18.0,4.15,4.15
2021-07-16,18.0,4.15,4.15
2021-07-19,18.0,4.15,4.15
2021-07-20,18.0,4.15,4.15
2021-07-21,18.0,4.15,4.15
2021-07-22,18.0,4.15,4.15
2021-07-23,18.0,4.15,4.15
2021-07-26,18.0,4.15,4.15
2021-07-27,18.0,4.15,4.15
2021-07-28,18.0,4.15,4.15
2021-07-29,18.0,4.15,4.15
2021-07-30,18.0,4.15,4.15
2021-08-02,18.0,4.15,4.15
2021-08-03,18.0,4.15,4.15
2021-08-04,18.0,4.15,4.15
2021-08-05,18.0,5.15,5.15
2021-08-06,18.0,5.15,5.15
2021-08-09,18.0,5.15,5.15
2021-08-10,18.0,5.15,5.15
2021-08-11,18.0,5.15,5.15
2021-08-12,18.0,5.15,5.15
2021-08-13,18.0,5.15,5.15
2021-08-16,18.0,5.15,5.15
2021-08-17,18.0,5.15,5.15
2021-08-18,18.0,5.15,5.15
2021-08-19,18.0,5.15,5.15
2021-08-20,18.0,5.15,5.15
2021-08-23,18.0,5.15,5.15
2021-08-24,18.0,5.15,5.15
2021-08-25,18.0,5.15,5.15
2021-08-26,18.0,5.15,5.15
2021-08-27,18.0,5.15,5.15
2021-08-30,18.0,5.15,5.15
2021-08-31,18.0,5.15,5.15
2021-09-01,18.0,5.15,5.15
2021-09-02,18.0,5.15,5.15
2021-09-03,18.0,5.15,5.15
2021-09-06,18.0,5.15,5.15
2021-09-07,18.0,5.15,5.15
2021-09-08,18.0,5.15,5.15
2021-09-09,18.0,5.15,5.15
2021-09-10,18.0,5.15,5.15
2021-09-13,18.0,5.15,5.15
2021-09-14,18.0,5.15,5.15
2021-09-15,18.0,5.15,5.15
2021-09-16,18.0,5.15,5.15
2021-09-17,18.0,5.15,5.15
2021-09-20,18.0,5.15,5.15
2021-09-21,18.0,5.15,5.15
2021-09-22,18.0,5.15,5.15
2021-09-23,18.0,6.15,6.15
2021-09-24,18.0,6.15,6.15
2021-09-27,18.0,6.15,6.15
2021-09-28,18.0,6.15,6.15
2021-09-29,18.0,6.15,6.15
2021-09-30,18.0,6.15,6.15
2021-10-01,18.0,6.15,6.15
2021-10-04,18.0,6.15,6.15
2021-10-05,18.0,6.15,6.15
2021-10-06,18.0,6.15,6.15
2021-10-07,18.0,6.15,6.15
2021-10-08,18.0,6.15,6.15
2021-10-11,18.0,6.15,6.15
2021-10-12,18.0,6.15,6.15
2021-10-13,18.0,6.15,6.15
2021-10-14,18.0,6.15,6.15
2021-10-15,18.0,6.15,6.15
2021-10-18,18.0,6.15,6.15
2021-10-19,18.0,6.15,6.15
2021-10-20,18.0,6.15,6.15
2021-10-21,18.0,6.15,6.15
2021-10-22,18.0,6.15,6.15
2021-10-25,18.0,6.15,6.15
2021-10-26,18.0,6.15,6.15
2021-10-27,18.0,6.15,6.15
2021-10-28,18.0,7.65,7.65
2021-10-29,18.0,7.65,7.65
2021-11-01,18.0,7.65,7.65
2021-11-02,18.0,7.65,7.65
2021-11-03,18.0,7.65,7.65
2021-11-04,18.0,7.65,7.65
2021-11-05,18.0,7.65,7.65
2021-11-08,18.0,7.65,7.65
2021-11-09,18.0,7.65,7.65
2021-11-10,18.0,7.65,7.65
2021-11-11,18.0,7.65,7.65
2021-11-12,18.0,7.65,7.65
2021-11-15,18.0,7.65,7.65
2021-11-16,18.0,7.65,7.65
2021-11-17,18.0,7.65,7.65
2021-11-18,18.0,7.65,7.65
2021-11-19,18.0,7.65,7.65
2021-11-22,18.0,7.65,7.65
2021-11-23,18.0,7.65,7.65
2021-11-24,18.0,7.65,7.65
2021-11-25,18.0,7.65,7.65
2021-11-26,18.0,7.65,7.65
2021-11-29,18.0,7.65,7.65
2021-11-30,18.0,7.65,7.65
2021-12-01,18.0,7.65,7.65
2021-12-02,18.0,7.65,7.65
2021-12-03,18.0,7.65,7.65
2021-12-06,18.0,7.65,7.65
2021-12-07,18.0,7.65,7.65
2021-12-08,18.0,7.65,7.65
2021-12-09,18.0,9.15,9.15
2021-12-10,18.0,9.15,9.15
2021-12-13,18.0,9.15,9.15
2021-12-14,18.0,9.15,9.15
2021-12-15,18.0,9.15,9.15
2021-12-16,18.0,9.15,9.15
2021-12-17,18.0,9.15,9.15
2021-12-20,18.0,9.15,9.15
2021-12-21,18.0,9.15,9.15
2021-12-22,18.0,9.15,9.15
2021-12-23,18.0,9.15,9.15
2021-12-24,18.0,9.15,9.15
2021-12-27,18.0,9.15,9.15
2021-12-28,18.0,9.15,9.15
2021-12-29,18.0,9.15,9.15
2021-12-30,18.0,9.15,9.15
2021-12-31,18.0,9.15,9.15
2022-01-03,18.0,9.15,9.15
2022-01-04,18.0,9.15,9.15
2022-01-05,18.0,9.15,9.15
2022-01-06,18.0,9.15,9.15
2022-01-07,18.0,9.15,9.15
2022-01-10,18.0,9.15,9.15
2022-01-11,18.0,9.15,9.15
2022-01-12,18.0,9.15,9.15
2022-01-13,18.0,9.15,9.15
2022-01-14,18.0,9.15,9.15
2022-01-17,18.0,9.15,9.15
2022-01-18,18.0,9.15,9.15
2022-01-19,18.0,9.15,9.15
2022-01-20,18.0,9.15,9.15
2022-01-21,18.0,9.15,9.15
2022-01-24,18.0,9.15,9.15
2022-01-25,18.0,9.15,9.15
2022-01-26,18.0,9.15,9.15
2022-01-27,18.0,9.15,9.15
2022-01-28,18.0,9.15,9.15
2022-01-31,18.0,9.15,9.15
2022-02-01,18.0,9.15,9.15
2022-02-02,18.0,9.15,9.15
2022-02-03,18.0,10.65,10.65
2022-02-04,18.0,10.65,10.65
2022-02-07,18.0,10.65,10.65
2022-02-08,18.0,10.65,10.65
2022-02-09,18.0,10.65,10.65
2022-02-10,18.0,10.65,10.65
2022-02-11,18.0,10.65,10.65
2022-02-14,18.0,10.65,10.65
2022-02-15,18.0,10.65,10.65
2022-02-16,18.0,10.65,10.65
2022-02-17,18.0,10.65,10.65
2022-02-18,18.0,10.65,10.65
2022-02-21,18.0,10.65,10.65
2022-02-22,18.0,10.65,10.65
2022-02-23,18.0,10.65,10.65
2022-02-24,18.0,10.65,10.65
2022-02-25,18.0,10.65,10.65
2022-02-28,18.0,10.65,10.65
2022-03-01,18.0,10.65,10.65
2022-03-02,18.0,10.65,10.65
2022-03-03,18.0,10.65,10.65
2022-03-04,18.0,10.65,10.65
2022-03-07,18.0,10.65,10.65
2022-03-08,18.0,10.65,10.65
2022-03-09,18.0,10.65,10.65
2022-03-10,18.0,10.65,10.65
2022-03-11,18.0,10.65,10.65
2022-03-14,18.0,10.65,10.65
2022-03-15,18.0,10.65,10.65
2022-03-16,18.0,10.65,10.65
2022-03-17,18.0,11.65,11.65
2022-03-18,18.0,11.65,11.65
2022-03-21,18.0,11.65,11.65
2022-03-22,18.0,11.65,11.65
2022-03-23,18.0,11.65,11.65
2022-03-24,18.0,11.65,11.65
2022-03-25,18.0,11.65,11.65
2022-03-28,18.0,11.65,11.65
2022-03-29,18.0,11.65,11.65
2022-03-30,18.0,11.65,11.65
2022-03-31,18.0,11.65,11.65
2022-04-01,18.0,11.65,11.65
2022-04-04,18.0,11.65,11.65
2022-04-05,18.0,11.65,11.65
2022-04-06,18.0,11.65,11.65
2022-04-07,18.0,11.65,11.65
2022-04-08,18.0,11.65,11.65
2022-04-11,18.0,11.65,11.65
2022-04-12,18.0,11.65,11.65
2022-04-13,18.0,11.65,11.65
2022-04-14,18.0,11.65,11.65
2022-04-15,18.0,11.65,11.65
2022-04-18,18.0,11.65,11.65
2022-04-19,18.0,11.65,11.65
2022-04-20,18.0,11.65,11.65
2022-04-21,18.0,11.65,11.65
2022-04-22,18.0,11.65,11.65
2022-04-25,18.0,11.65,11.65
2022-04-26,18.0,11.65,11.65
2022-04-27,18.0,11.65,11.65
2022-04-28,18.0,11.65,11.65
2022-04-29,18.0,11.65,11.65
2022-05-02,18.0,11.65,11.65
2022-05-03,18.0,11.65,11.65
2022-05-04,18.0,11.65,11.65
2022-05-05,18.0,12.65,12.65
2022-05-06,18.0,12.65,12.65
2022-05-09,18.0,12.65,12.65
2022-05-10,18.0,12.65,12.65
2022-05-11,18.0,12.65,12.65
2022-05-12,18.0,12.65,12.65
2022-05-13,18.0,12.65,12.65
2022-05-16,18.0,12.65,12.65
2022-05-17,18.0,12.65,12.65
2022-05-18,18.0,12.65,12.65
2022-05-19,18.0,12.65,12.65
2022-05-20,18.0,12.65,12.65
2022-05-23,18.0,12.65,12.65
2022-05-24,18.0,12.65,12.65
2022-05-25,18.0,12.65,12.65
2022-05-26,18.0,12.65,12.65
2022-05-27,18.0,12.65,12.65
2022-05-30,18.0,12.65,12.65
2022-05-31,18.0,12.65,12.65
2022-06-01,18.0,12.65,12.65
2022-06-02,18.0,12.65,12.65
2022-06-03,18.0,12.65,12.65
2022-06-06,18.0,12.65,12.65
2022-06-07,18.0,12.65,12.65
2022-06-08,18.0,12.65,12.65
2022-06-09,18.0,12.65,12.65
2022-06-10,18.0,12.65,12.65
2022-06-13,18.0,12.65,12.65
2022-06-14,18.0,12.65,12.65
2022-06-15,18.0,12.65,12.65
2022-06-16,18.0,12.65,12.65
2022-06-17,18.0,13.15,13.15
2022-06-20,18.0,13.15,13.15
2022-06-21,18.0,13.15,13.15
2022-06-22,18.0,13.15,13.15
2022-06-23,18.0,13.15,13.15
2022-06-24,18.0,13.15,13.15
2022-06-27,18.0,13.15,13.15
2022-06-28,18.0,13.15,13.15
2022-06-29,18.0,13.15,13.15
2022-06-30,18.0,13.15,13.15
2022-07-01,18.0,13.15,13.15
2022-07-04,18.0,13.15,13.15
2022-07-05,18.0,13.15,13.15
2022-07-06,18.0,13.15,13.15
2022-07-07,18.0,13.15,13.15
2022-07-08,18.0,13.15,13.15
2022-07-11,18.0,13.15,13.15
2022-07-12,18.0,13.15,13.15
2022-07-13,18.0,13.15,13.15
2022-07-14,18.0,13.15,13.15
2022-07-15,18.0,13.15,13.15
2022-07-18,18.0,13.15,13.15
2022-07-19,18.0,13.15,13.15
2022-07-20,18.0,13.15,13.15
2022-07-21,18.0,13.15,13.15
2022-07-22,18.0,13.15,13.15
2022-07-25,18.0,13.15,13.15
2022-07-26,18.0,13.15,13.15
2022-07-27,18.0,13.15,13.15
2022-07-28,18.0,13.15,13.15
2022-07-29,18.0,13.15,13.15
2022-08-01,18.0,13.15,13.15
2022-08-02,18.0,13.15,13.15
2022-08-03,18.0,13.15,13.15
2022-08-04,18.0,13.65,13.65
2022-08-05,18.0,13.65,13.65
2022-08-08,18.0,13.65,13.65
2022-08-09,18.0,13.65,13.65
2022-08-10,18.0,13.65,13.65
2022-08-11,18.0,13.65,13.65
2022-08-12,18.0,13.65,13.65
2022-08-15,18.0,13.65,13.65
2022-08-16,18.0,13.65,13.65
2022-08-17,18.0,13.65,13.65
2022-08-18,18.0,13.65,13.65
2022-08-19,18.0,13.65,13.65
2022-08-22,18.0,13.65,13.65
2022-08-23,18.0,13.65,13.65
2022-08-24,18.0,13.65,13.65
2022-08-25,18.0,13.65,13.65
2022-08-26,18.0,13.65,13.65
2022-08-29,18.0,13.65,13.65
2022-08-30,18.0,13.65,13.65
2022-08-31,18.0,13.65,13.65
2022-09-01,18.0,13.65,13.65
2022-09-02,18.0,13.65,13.65
2022-09-05,18.0,13.65,13.65
2022-09-06,18.0,13.65,13.65
2022-09-07,18.0,13.65,13.65
2022-09-08,18.0,13.65,13.65
2022-09-09,18.0,13.65,13.65
2022-09-12,18.0,13.65,13.65
2022-09-13,18.0,13.65,13.65
2022-09-14,18.0,13.65,13.65
2022-09-15,18.0,13.65,13.65
2022-09-16,18.0,13.65,13.65
2022-09-19,18.0,13.65,13.65
2022-09-20,18.0,13.65,13.65
2022-09-21,18.0,13.65,13.65
2022-09-22,18.0,13.65,13.65
2022-09-23,18.0,13.65,13.65
2022-09-26,18.0,13.65,13.65
2022-09-27,18.0,13.65,13.65
2022-09-28,18.0,13.65,13.65
2022-09-29,18.0,13.65,13.65
2022-09-30,18.0,13.65,13.65
2022-10-03,18.0,13.65,13.65
2022-10-04,18.0,13.65,13.65
2022-10-05,18.0,13.65,13.65
2022-10-06,18.0,13.65,13.65
2022-10-07,18.0,13.65,13.65
2022-10-10,18.0,13.65,13.65
2022-10-11,18.0,13.65,13.65
2022-10-12,18.0,13.65,13.65
2022-10-13,18.0,13.65,13.65
2022-10-14,18.0,13.65,13.65
2022-10-17,18.0,13.65,13.65
2022-10-18,18.0,13.65,13.65
2022-10-19,18.0,13.65,13.65
2022-10-20,18.0,13.65,13.65
2022-10-21,18.0,13.65,13.65
2022-10-24,18.0,13.65,13.65
2022-10-25,18.0,13.65,13.65
2022-10-26,18.0,13.65,13.65
2022-10-27,18.0,13.65,13.65
2022-10-28,18.0,13.65,13.65
2022-10-31,18.0,13.65,13.65
2022-11-01,18.0,13.65,13.65
2022-11-02,18.0,13.65,13.65
2022-11-03,18.0,13.65,13.65
2022-11-04,18.0,13.65,13.65
2022-11-07,18.0,13.65,13.65
2022-11-08,18.0,13.65,13.65
2022-11-09,18.0,13.65,13.65
2022-11-10,18.0,13.65,13.65
2022-11-11,18.0,13.65,13.65
2022-11-14,18.0,13.65,13.65
2022-11-15,18.0,13.65,13.65
2022-11-16,18.0,13.65,13.65
2022-11-17,18.0,13.65,13.65
2022-11-18,18.0,13.65,13.65
2022-11-21,18.0,13.65,13.65
2022-11-22,18.0,13.65,13.65
2022-11-23,18.0,13.65,13.65
2022-11-24,18.0,13.65,13.65
2022-11-25,18.0,13.65,13.65
2022-11-28,18.0,13.65,13.65
2022-11-29,18.0,13.65,13.65
2022-11-30,18.0,13.65,13.65
2022-12-01,18.0,13.65,13.65
2022-12-02,18.0,13.65,13.65
2022-12-05,18.0,13.65,13.65
2022-12-06,18.0,13.65,13.65
2022-12-07,18.0,13.65,13.65
2022-12-08,18.0,13.65,13.65
2022-12-09,18.0,13.65,13.65
2022-12-12,18.0,13.65,13.65
2022-12-13,18.0,13.65,13.65
2022-12-14,18.0,13.65,13.65
2022-12-15,18.0,13.65,13.65
2022-12-16,18.0,13.65,13.65
2022-12-19,18.0,13.65,13.65
2022-12-20,18.0,13.65,13.65
2022-12-21,18.0,13.65,13.65
2022-12-22,18.0,13.65,13.65
2022-12-23,18.0,13.65,13.65
2022-12-26,18.0,13.65,13.65
2022-12-27,18.0,13.65,13.65
2022-12-28,18.0,13.65,13.65
2022-12-29,18.0,13.65,13.65
2022-12-30,18.0,13.65,13.65
2023-01-02,18.0,13.65,13.65
2023-01-03,18.0,13.65,13.65
2023-01-04,18.0,13.65,13.65
2023-01-05,18.0,13.65,13.65
2023-01-06,18.0,13.65,13.65
2023-01-09,18.0,13.65,13.65
2023-01-10,18.0,13.65,13.65
2023-01-11,18.0,13.65,13.65
2023-01-12,18.0,13.65,13.65
2023-01-13,18.0,13.65,13.65
2023-01-16,18.0,13.65,13.65
2023-01-17,18.0,13.65,13.65
2023-01-18,18.0,13.65,13.65
2023-01-19,18.0,13.65,13.65
2023-01-20,18.0,13.65,13.65
2023-01-23,18.0,13.65,13.65
2023-01-24,18.0,13.65,13.65
2023-01-25,18.0,13.65,13.65
2023-01-26,18.0,13.65,13.65
2023-01-27,18.0,13.65,13.65
2023-01-30,18.0,13.65,13.65
2023-01-31,18.0,13.65,13.65
2023-02-01,18.0,13.65,13.65
2023-02-02,18.0,13.65,13.65
2023-02-03,18.0,13.65,13.65
2023-02-06,18.0,13.65,13.65
2023-02-07,18.0,13.65,13.65
2023-02-08,18.0,13.65,13.65
2023-02-09,18.0,13.65,13.65
2023-02-10,18.0,13.65,13.65
2023-02-13,18.0,13.65,13.65
2023-02-14,18.0,13.65,13.65
2023-02-15,18.0,13.65,13.65
2023-02-16,18.0,13.65,13.65
2023-02-17,18.0,13.65,13.65
2023-02-20,18.0,13.65,13.65
2023-02-21,18.0,13.65,13.65
2023-02-22,18.0,13.65,13.65
2023-02-23,18.0,13.65,13.65
2023-02-24,18.0,13.65,13.65
2023-02-27,18.0,13.65,13.65
2023-02-28,18.0,13.65,13.65
2023-03-01,18.0,13.65,13.65
2023-03-02,18.0,13.65,13.65
2023-03-03,18.0,13.65,13.65
2023-03-06,18.0,13.65,13.65
2023-03-07,18.0,13.65,13.65
2023-03-08,18.0,13.65,13.65
2023-03-09,18.0,13.65,13.65
2023-03-10,18.0,13.65,13.65
2023-03-13,18.0,13.65,13.65
2023-03-14,18.0,13.65,13.65
2023-03-15,18.0,13.65,13.65
2023-03-16,18.0,13.65,13.65
2023-03-17,18.0,13.65,13.65
2023-03-20,18.0,13.65,13.65
2023-03-21,18.0,13.65,13.65
2023-03-22,18.0,13.65,13.65
2023-03-23,18.0,13.65,13.65
2023-03-24,18.0,13.65,13.65
2023-03-27,18.0,13.65,13.65
2023-03-28,18.0,13.65,13.65
2023-03-29,18.0,13.65,13.65
2023-03-30,18.0,13.65,13.65
2023-03-31,18.0,13.65,13.65
2023-04-03,18.0,13.65,13.65
2023-04-04,18.0,13.65,13.65
2023-04-05,18.0,13.65,13.65
2023-04-06,18.0,13.65,13.65
2023-04-07,18.0,13.65,13.65
2023-04-10,18.0,13.65,13.65
2023-04-11,18.0,13.65,13.65
2023-04-12,18.0,13.65,13.65
2023-04-13,18.0,13.65,13.65
2023-04-14,18.0,13.65,13.65
2023-04-17,18.0,13.65,13.65
2023-04-18,18.0,13.65,13.65
2023-04-19,18.0,13.65,13.65
2023-04-20,18.0,13.65,13.65
2023-04-21,18.0,13.65,13.65
2023-04-24,18.0,13.65,13.65
2023-04-25,18.0,13.65,13.65
2023-04-26,18.0,13.65,13.65
2023-04-27,18.0,13.65,13.65
2023-04-28,18.0,13.65,13.65
2023-05-01,18.0,13.65,13.65
2023-05-02,18.0,13.65,13.65
2023-05-03,18.0,13.65,13.65
2023-05-04,18.0,13.65,13.65
2023-05-05,18.0,13.65,13.65
2023-05-08,18.0,13.65,13.65
2023-05-09,18.0,13.65,13.65
2023-05-10,18.0,13.65,13.65
2023-05-11,18.0,13.65,13.65
2023-05-12,18.0,13.65,13.65
2023-05-15,18.0,13.65,13.65
2023-05-16,18.0,13.65,13.65
2023-05-17,18.0,13.65,13.65
2023-05-18,18.0,13.65,13.65
2023-05-19,18.0,13.65,13.65
2023-05-22,18.0,13.65,13.65
2023-05-23,18.0,13.65,13.65
2023-05-24,18.0,13.65,13.65
2023-05-25,18.0,13.65,13.65
2023-05-26,18.0,13.65,13.65
2023-05-29,18.0,13.65,13.65
2023-05-30,18.0,13.65,13.65
2023-05-31,18.0,13.65,13.65
2023-06-01,18.0,13.65,13.65
2023-06-02,18.0,13.65,13.65
2023-06-05,18.0,13.65,13.65
2023-06-06,18.0,13.65,13.65
2023-06-07,18.0,13.65,13.65
2023-06-08,18.0,13.65,13.65
2023-06-09,18.0,13.65,13.65
2023-06-12,18.0,13.65,13.65
2023-06-13,18.0,13.65,13.65
2023-06-14,18.0,13.65,13.65
2023-06-15,18.0,13.65,13.65
2023-06-16,18.0,13.65,13.65
2023-06-19,18.0,13.65,13.65
2023-06-20,18.0,13.65,13.65
2023-06-21,18.0,13.65,13.65
2023-06-22,18.0,13.65,13.65
2023-06-23,18.0,13.65,13.65
2023-06-26,18.0,13.65,13.65
2023-06-27,18.0,13.65,13.65
2023-06-28,18.0,13.65,13.65
2023-06-29,18.0,13.65,13.65
2023-06-30,18.0,13.65,13.65
2023-07-03,18.0,13.65,13.65
2023-07-04,18.0,13.65,13.65
2023-07-05,18.0,13.65,13.65
2023-07-06,18.0,13.65,13.65
2023-07-07,18.0,13.65,13.65
2023-07-10,18.0,13.65,13.65
2023-07-11,18.0,13.65,13.65
2023-07-12,18.0,13.65,13.65
2023-07-13,18.0,13.65,13.65
2023-07-14,18.0,13.65,13.65
2023-07-17,18.0,13.65,13.65
2023-07-18,18.0,13.65,13.65
2023-07-19,18.0,13.65,13.65
2023-07-20,18.0,13.65,13.65
2023-07-21,18.0,13.65,13.65
2023-07-24,18.0,13.65,13.65
2023-07-25,18.0,13.65,13.65
2023-07-26,18.0,13.65,13.65
2023-07-27,18.0,13.65,13.65
2023-07-28,18.0,13.65,13.65
2023-07-31,18.0,13.65,13.65
2023-08-01,18.0,13.65,13.65
2023-08-02,18.0,13.65,13.65
2023-08-03,18.0,13.15,13.15
2023-08-04,18.0,13.15,13.15
2023-08-07,18.0,13.15,13.15
2023-08-08,18.0,13.15,13.15
2023-08-09,18.0,13.15,13.15
2023-08-10,18.0,13.15,13.15
2023-08-11,18.0,13.15,13.15
2023-08-14,18.0,13.15,13.15
2023-08-15,18.0,13.15,13.15
2023-08-16,18.0,13.15,13.15
2023-08-17,18.0,13.15,13.15
2023-08-18,18.0,13.15,13.15
2023-08-21,18.0,13.15,13.15
2023-08-22,18.0,13.15,13.15
2023-08-23,18.0,13.15,13.15
2023-08-24,18.0,13.15,13.15
2023-08-25,18.0,13.15,13.15
2023-08-28,18.0,13.15,13.15
2023-08-29,18.0,13.15,13.15
2023-08-30,18.0,13.15,13.15
2023-08-31,18.0,13.15,13.15
2023-09-01,18.0,13.15,13.15
2023-09-04,18.0,13.15,13.15
2023-09-05,18.0,13.15,13.15
2023-09-06,18.0,13.15,13.15
2023-09-07,18.0,13.15,13.15
2023-09-08,18.0,13.15,13.15
2023-09-11,18.0,13.15,13.15
2023-09-12,18.0,13.15,13.15
2023-09-13,18.0,13.15,13.15
2023-09-14,18.0,13.15,13.15
2023-09-15,18.0,13.15,13.15
2023-09-18,18.0,13.15,13.15
2023-09-19,18.0,13.15,13.15
2023-09-20,18.0,13.15,13.15
2023-09-21,18.0,12.65,12.65
2023-09-22,18.0,12.65,12.65
2023-09-25,18.0,12.65,12.65
2023-09-26,18.0,12.65,12.65
2023-09-27,18.0,12.65,12.65
2023-09-28,18.0,12.65,12.65
2023-09-29,18.0,12.65,12.65
2023-10-02,18.0,12.65,12.65
2023-10-03,18.0,12.65,12.65
2023-10-04,18.0,12.65,12.65
2023-10-05,18.0,12.65,12.65
2023-10-06,18.0,12.65,12.65
2023-10-09,18.0,12.65,12.65
2023-10-10,18.0,12.65,12.65
2023-10-11,18.0,12.65,12.65
2023-10-12,18.0,12.65,12.65
2023-10-13,18.0,12.65,12.65
2023-10-16,18.0,12.65,12.65
2023-10-17,18.0,12.65,12.65
2023-10-18,18.0,12.65,12.65
2023-10-19,18.0,12.65,12.65
2023-10-20,18.0,12.65,12.65
2023-10-23,18.0,12.65,12.65
2023-10-24,18.0,12.65,12.65
2023-10-25,18.0,12.65,12.65
2023-10-26,18.0,12.65,12.65
2023-10-27,18.0,12.65,12.65
2023-10-30,18.0,12.65,12.65
2023-10-31,18.0,12.65,12.65
2023-11-01,18.0,12.65,12.65
2023-11-02,18.0,12.65,12.65
2023-11-03,18.0,12.15,12.15
2023-11-06,18.0,12.15,12.15
2023-11-07,18.0,12.15,12.15
2023-11-08,18.0,12.15,12.15
2023-11-09,18.0,12.15,12.15
2023-11-10,18.0,12.15,12.15
2023-11-13,18.0,12.15,12.15
2023-11-14,18.0,12.15,12.15
2023-11-15,18.0,12.15,12.15
2023-11-16,18.0,12.15,12.15
2023-11-17,18.0,12.15,12.15
2023-11-20,18.0,12.15,12.15
2023-11-21,18.0,12.15,12.15
2023-11-22,18.0,12.15,12.15
2023-11-23,18.0,12.15,12.15
2023-11-24,18.0,12.15,12.15
2023-11-27,18.0,12.15,12.15
2023-11-28,18.0,12.15,12.15
2023-11-29,18.0,12.15,12.15
2023-11-30,18.0,12.15,12.15
2023-12-01,18.0,12.15,12.15
2023-12-04,18.0,12.15,12.15
2023-12-05,18.0,12.15,12.15
2023-12-06,18.0,12.15,12.15
2023-12-07,18.0,12.15,12.15
2023-12-08,18.0,12.15,12.15
2023-12-11,18.0,12.15,12.15
2023-12-12,18.0,12.15,12.15
2023-12-13,18.0,12.15,12.15
2023-12-14,18.0,11.65,11.65
2023-12-15,18.0,11.65,11.65
2023-12-18,18.0,11.65,11.65
2023-12-19,18.0,11.65,11.65
2023-12-20,18.0,11.65,11.65
2023-12-21,18.0,11.65,11.65
2023-12-22,18.0,11.65,11.65
2023-12-25,18.0,11.65,11.65
2023-12-26,18.0,11.65,11.65
2023-12-27,18.0,11.65,11.65
2023-12-28,18.0,11.65,11.65
2023-12-29,18.0,11.65,11.65
2024-01-01,18.0,11.65,11.65
2024-01-02,18.0,11.65,11.65
2024-01-03,18.0,11.65,11.65
2024-01-04,18.0,11.65,11.65
2024-01-05,18.0,11.65,11.65
2024-01-08,18.0,11.65,11.65
2024-01-09,18.0,11.65,11.65
2024-01-10,18.0,11.65,11.65
2024-01-11,18.0,11.65,11.65
2024-01-12,18.0,11.65,11.65
2024-01-15,18.0,11.65,11.65
2024-01-16,18.0,11.65,11.65
2024-01-17,18.0,11.65,11.65
2024-01-18,18.0,11.65,11.65
2024-01-19,18.0,11.65,11.65
2024-01-22,18.0,11.65,11.65
2024-01-23,18.0,11.65,11.65
2024-01-24,18.0,11.65,11.65
2024-01-25,18.0,11.65,11.65
2024-01-26,18.0,11.65,11.65
2024-01-29,18.0,11.65,11.65
2024-01-30,18.0,11.65,11.65
2024-01-31,18.0,11.65,11.65
2024-02-01,18.0,11.15,11.15
2024-02-02,18.0,11.15,11.15
2024-02-05,18.0,11.15,11.15
2024-02-06,18.0,11.15,11.15
2024-02-07,18.0,11.15,11.15
2024-02-08,18.0,11.15,11.15
2024-02-09,18.0,11.15,11.15
2024-02-12,18.0,11.15,11.15
2024-02-13,18.0,11.15,11.15
2024-02-14,18.0,11.15,11.15
2024-02-15,18.0,11.15,11.15
2024-02-16,18.0,11.15,11.15
2024-02-19,18.0,11.15,11.15
2024-02-20,18.0,11.15,11.15
2024-02-21,18.0,11.15,11.15
2024-02-22,18.0,11.15,11.15
2024-02-23,18.0,11.15,11.15
2024-02-26,18.0,11.15,11.15
2024-02-27,18.0,11.15,11.15
2024-02-28,18.0,11.15,11.15
2024-02-29,18.0,11.15,11.15
2024-03-01,18.0,11.15,11.15
2024-03-04,18.0,11.15,11.15
2024-03-05,18.0,11.15,11.15
2024-03-06,18.0,11.15,11.15
2024-03-07,18.0,11.15,11.15
2024-03-08,18.0,11.15,11.15
2024-03-11,18.0,11.15,11.15
2024-03-12,18.0,11.15,11.15
2024-03-13,18.0,11.15,11.15
2024-03-14,18.0,11.15,11.15
2024-03-15,18.0,11.15,11.15
2024-03-18,18.0,11.15,11.15
2024-03-19,18.0,11.15,11.15
2024-03-20,18.0,11.15,11.15
2024-03-21,18.0,10.65,10.65
2024-03-22,18.0,10.65,10.65
2024-03-25,18.0,10.65,10.65
2024-03-26,18.0,10.65,10.65
2024-03-27,18.0,10.65,10.65
2024-03-28,18.0,10.65,10.65
2024-03-29,18.0,10.65,10.65
2024-04-01,18.0,10.65,10.65
2024-04-02,18.0,10.65,10.65
2024-04-03,18.0,10.65,10.65
2024-04-04,18.0,10.65,10.65
2024-04-05,18.0,10.65,10.65
2024-04-08,18.0,10.65,10.65
2024-04-09,18.0,10.65,10.65
2024-04-10,18.0,10.65,10.65
2024-04-11,18.0,10.65,10.65
2024-04-12,18.0,10.65,10.65
2024-04-15,18.0,10.65,10.65
2024-04-16,18.0,10.65,10.65
2024-04-17,18.0,10.65,10.65
2024-04-18,18.0,10.65,10.65
2024-04-19,18.0,10.65,10.65
2024-04-22,18.0,10.65,10.65
2024-04-23,18.0,10.65,10.65
2024-04-24,18.0,10.65,10.65
2024-04-25,18.0,10.65,10.65
2024-04-26,18.0,10.65,10.65
2024-04-29,18.0,10.65,10.65
2024-04-30,18.0,10.65,10.65
2024-05-01,18.0,10.65,10.65
2024-05-02,18.0,10.65,10.65
2024-05-03,18.0,10.65,10.65
2024-05-06,18.0,10.65,10.65
2024-05-07,18.0,10.65,10.65
2024-05-08,18.0,10.65,10.65
2024-05-09,18.0,10.4,10.4
2024-05-10,18.0,10.4,10.4
2024-05-13,18.0,10.4,10.4
2024-05-14,18.0,10.4,10.4
2024-05-15,18.0,10.4,10.4
2024-05-16,18.0,10.4,10.4
2024-05-17,18.0,10.4,10.4
2024-05-20,18.0,10.4,10.4
2024-05-21,18.0,10.4,10.4
2024-05-22,18.0,10.4,10.4
2024-05-23,18.0,10.4,10.4
2024-05-24,18.0,10.4,10.4
2024-05-27,18.0,10.4,10.4
2024-05-28,18.0,10.4,10.4
2024-05-29,18.0,10.4,10.4
2024-05-30,18.0,10.4,10.4
2024-05-31,18.0,10.4,10.4
2024-06-03,18.0,10.4,10.4
2024-06-04,18.0,10.4,10.4
2024-06-05,18.0,10.4,10.4
2024-06-06,18.0,10.4,10.4
2024-06-07,18.0,10.4,10.4
2024-06-10,18.0,10.4,10.4
2024-06-11,18.0,10.4,10.4
2024-06-12,18.0,10.4,10.4
2024-06-13,18.0,10.4,10.4
2024-06-14,18.0,10.4,10.4
2024-06-17,18.0,10.4,10.4
2024-06-18,18.0,10.4,10.4
2024-06-19,18.0,10.4,10.4
2024-06-20,18.0,10.4,10.4
2024-06-21,18.0,10.4,10.4
2024-06-24,18.0,10.4,10.4
2024-06-25,18.0,10.4,10.4
2024-06-26,18.0,10.4,10.4
2024-06-27,18.0,10.4,10.4
2024-06-28,18.0,10.4,10.4
2024-07-01,18.0,10.4,10.4
2024-07-02,18.0,10.4,10.4
2024-07-03,18.0,10.4,10.4
2024-07-04,18.0,10.4,10.4
2024-07-05,18.0,10.4,10.4
2024-07-08,18.0,10.4,10.4
2024-07-09,18.0,10.4,10.4
2024-07-10,18.0,10.4,10.4
2024-07-11,18.0,10.4,10.4
2024-07-12,18.0,10.4,10.4
2024-07-15,18.0,10.4,10.4
2024-07-16,18.0,10.4,10.4
2024-07-17,18.0,10.4,10.4
2024-07-18,18.0,10.4,10.4
2024-07-19,18.0,10.4,10.4
2024-07-22,18.0,10.4,10.4
2024-07-23,18.0,10.4,10.4
2024-07-24,18.0,10.4,10.4
2024-07-25,18.0,10.4,10.4
2024-07-26,18.0,10.4,10.4
2024-07-29,18.0,10.4,10.4
2024-07-30,18.0,10.4,10.4
2024-07-31,18.0,10.4,10.4
2024-08-01,18.0,10.4,10.4
2024-08-02,18.0,10.4,10.4
2024-08-05,18.0,10.4,10.4
2024-08-06,18.0,10.4,10.4
2024-08-07,18.0,10.4,10.4
2024-08-08,18.0,10.4,10.4
2024-08-09,18.0,10.4,10.4
2024-08-12,18.0,10.4,10.4
2024-08-13,18.0,10.4,10.4
2024-08-14,18.0,10.4,10.4
2024-08-15,18.0,10.4,10.4
2024-08-16,18.0,10.4,10.4
2024-08-19,18.0,10.4,10.4
2024-08-20,18.0,10.4,10.4
2024-08-21,18.0,10.4,10.4
2024-08-22,18.0,10.4,10.4
2024-08-23,18.0,10.4,10.4
2024-08-26,18.0,10.4,10.4
2024-08-27,18.0,10.4,10.4
2024-08-28,18.0,10.4,10.4
2024-08-29,18.0,10.4,10.4
2024-08-30,18.0,10.4,10.4
2024-09-02,18.0,10.4,10.4
2024-09-03,18.0,10.4,10.4
2024-09-04,18.0,10.4,10.4
2024-09-05,18.0,10.4,10.4
2024-09-06,18.0,10.4,10.4
2024-09-09,18.0,10.4,10.4
2024-09-10,18.0,10.4,10.4
2024-09-11,18.0,10.4,10.4
2024-09-12,18.0,10.4,10.4
2024-09-13,18.0,10.4,10.4
2024-09-16,18.0,10.4,10.4
2024-09-17,18.0,10.4,10.4
2024-09-18,18.0,10.4,10.4
2024-09-19,18.0,10.65,10.65
2024-09-20,18.0,10.65,10.65
2024-09-23,18.0,10.65,10.65
2024-09-24,18.0,10.65,10.65
2024-09-25,18.0,10.65,10.65
2024-09-26,18.0,10.65,10.65
2024-09-27,18.0,10.65,10.65
2024-09-30,18.0,10.65,10.65
2024-10-01,18.0,10.65,10.65
2024-10-02,18.0,10.65,10.65
2024-10-03,18.0,10.65,10.65
2024-10-04,18.0,10.65,10.65
2024-10-07,18.0,10.65,10.65
2024-10-08,18.0,10.65,10.65
2024-10-09,18.0,10.65,10.65
2024-10-10,18.0,10.65,10.65
2024-10-11,18.0,10.65,10.65
2024-10-14,18.0,10.65,10.65
2024-10-15,18.0,10.65,10.65
2024-10-16,18.0,10.65,10.65
2024-10-17,18.0,10.65,10.65
2024-10-18,18.0,10.65,10.65
2024-10-21,18.0,10.65,10.65
2024-10-22,18.0,10.65,10.65
2024-10-23,18.0,10.65,10.65
2024-10-24,18.0,10.65,10.65
2024-10-25,18.0,10.65,10.65
2024-10-28,18.0,10.65,10.65
2024-10-29,18.0,10.65,10.65
2024-10-30,18.0,10.65,10.65
2024-10-31,18.0,10.65,10.65
2024-11-01,18.0,10.65,10.65
2024-11-04,18.0,10.65,10.65
2024-11-05,18.0,10.65,10.65
2024-11-06,18.0,10.65,10.65
2024-11-07,18.0,11.15,11.15
2024-11-08,18.0,11.15,11.15
2024-11-11,18.0,11.15,11.15
2024-11-12,18.0,11.15,11.15
2024-11-13,18.0,11.15,11.15
2024-11-14,18.0,11.15,11.15
2024-11-15,18.0,11.15,11.15
2024-11-18,18.0,11.15,11.15
2024-11-19,18.0,11.15,11.15
2024-11-20,18.0,11.15,11.15
2024-11-21,18.0,11.15,11.15
2024-11-22,18.0,11.15,11.15
2024-11-25,18.0,11.15,11.15
2024-11-26,18.0,11.15,11.15
2024-11-27,18.0,11.15,11.15
2024-11-28,18.0,11.15,11.15
2024-11-29,18.0,11.15,11.15
2024-12-02,18.0,11.15,11.15
2024-12-03,18.0,11.15,11.15
2024-12-04,18.0,11.15,11.15
2024-12-05,18.0,11.15,11.15
2024-12-06,18.0,11.15,11.15
2024-12-09,18.0,11.15,11.15
2024-12-10,18.0,11.15,11.15
2024-12-11,18.0,11.15,11.15
2024-12-12,18.0,12.15,12.15
2024-12-13,18.0,12.15,12.15
2024-12-16,18.0,12.15,12.15
2024-12-17,18.0,12.15,12.15
2024-12-18,18.0,12.15,12.15
2024-12-19,18.0,12.15,12.15
2024-12-20,18.0,12.15,12.15
2024-12-23,18.0,12.15,12.15
2024-12-24,18.0,12.15,12.15
2024-12-25,18.0,12.15,12.15
2024-12-26,18.0,12.15,12.15
2024-12-27,18.0,12.15,12.15
2024-12-30,18.0,12.15,12.15
2024-12-31,18.0,12.15,12.15
2025-01-01,18.0,12.15,12.15
2025-01-02,18.0,12.15,12.15
2025-01-03,18.0,12.15,12.15
2025-01-06,18.0,12.15,12.15
2025-01-07,18.0,12.15,12.15
2025-01-08,18.0,12.15,12.15
2025-01-09,18.0,12.15,12.15
2025-01-10,18.0,12.15,12.15
2025-01-13,18.0,12.15,12.15
2025-01-14,18.0,12.15,12.15
2025-01-15,18.0,12.15,12.15
2025-01-16,18.0,12.15,12.15
2025-01-17,18.0,12.15,12.15
2025-01-20,18.0,12.15,12.15
2025-01-21,18.0,12.15,12.15
2025-01-22,18.0,12.15,12.15
2025-01-23,18.0,12.15,12.15
2025-01-24,18.0,12.15,12.15
2025-01-27,18.0,12.15,12.15
2025-01-28,18.0,12.15,12.15
2025-01-29,18.0,12.15,12.15
2025-01-30,18.0,13.15,13.15
2025-01-31,18.0,13.15,13.15
2025-02-03,18.0,13.15,13.15
2025-02-04,18.0,13.15,13.15
2025-02-05,18.0,13.15,13.15
2025-02-06,18.0,13.15,13.15
2025-02-07,18.0,13.15,13.15
2025-02-10,18.0,13.15,13.15
2025-02-11,18.0,13.15,13.15
2025-02-12,18.0,13.15,13.15
2025-02-13,18.0,13.15,13.15
2025-02-14,18.0,13.15,13.15
2025-02-17,18.0,13.15,13.15
2025-02-18,18.0,13.15,13.15
2025-02-19,18.0,13.15,13.15
2025-02-20,18.0,13.15,13.15
2025-02-21,18.0,13.15,13.15
2025-02-24,18.0,13.15,13.15
2025-02-25,18.0,13.15,13.15
2025-02-26,18.0,13.15,13.15
2025-02-27,18.0,13.15,13.15
2025-02-28,18.0,13.15,13.15
2025-03-03,18.0,13.15,13.15
2025-03-04,18.0,13.15,13.15
2025-03-05,18.0,13.15,13.15
2025-03-06,18.0,13.15,13.15
2025-03-07,18.0,13.15,13.15
2025-03-10,18.0,13.15,13.15
2025-03-11,18.0,13.15,13.15
2025-03-12,18.0,13.15,13.15
2025-03-13,18.0,13.15,13.15
2025-03-14,18.0,13.15,13.15
2025-03-17,18.0,13.15,13.15
2025-03-18,18.0,13.15,13.15
2025-03-19,18.0,13.15,13.15
2025-03-20,18.0,14.15,14.15
2025-03-21,18.0,14.15,14.15
2025-03-24,18.0,14.15,14.15
2025-03-25,18.0,14.15,14.15
2025-03-26,18.0,14.15,14.15
2025-03-27,18.0,14.15,14.15
2025-03-28,18.0,14.15,14.15
2025-03-31,18.0,14.15,14.15
2025-04-01,18.0,14.15,14.15
2025-04-02,18.0,14.15,14.15
2025-04-03,18.0,14.15,14.15
2025-04-04,18.0,14.15,14.15
2025-04-07,18.0,14.15,14.15
2025-04-08,18.0,14.15,14.15
2025-04-09,18.0,14.15,14.15
2025-04-10,18.0,14.15,14.15
2025-04-11,18.0,14.15,14.15
2025-04-14,18.0,14.15,14.15
2025-04-15,18.0,14.15,14.15
2025-04-16,18.0,14.15,14.15
2025-04-17,18.0,14.15,14.15
2025-04-18,18.0,14.15,14.15
2025-04-21,18.0,14.15,14.15
2025-04-22,18.0,14.15,14.15
2025-04-23,18.0,14.15,14.15
2025-04-24,18.0,14.15,14.15
2025-04-25,18.0,14.15,14.15
2025-04-28,18.0,14.15,14.15
2025-04-29,18.0,14.15,14.15
2025-04-30,18.0,14.15,14.15
2025-05-01,18.0,14.15,14.15
2025-05-02,18.0,14.15,14.15
2025-05-05,18.0,14.15,14.15
2025-05-06,18.0,14.15,14.15
2025-05-07,18.0,14.15,14.15
2025-05-08,18.0,14.65,14.65
2025-05-09,18.0,14.65,14.65
2025-05-12,18.0,14.65,14.65
2025-05-13,18.0,14.65,14.65
2025-05-14,18.0,14.65,14.65
2025-05-15,18.0,14.65,14.65
2025-05-16,18.0,14.65,14.65
2025-05-19,18.0,14.65,14.65
2025-05-20,18.0,14.65,14.65
2025-05-21,18.0,14.65,14.65
2025-05-22,18.0,14.65,14.65
2025-05-23,18.0,14.65,14.65
2025-05-26,18.0,14.65,14.65
2025-05-27,18.0,14.65,14.65
2025-05-28,18.0,14.65,14.65
2025-05-29,18.0,14.65,14.65
2025-05-30,18.0,14.65,14.65
2025-06-02,18.0,14.65,14.65
2025-06-03,18.0,14.65,14.65
2025-06-04,18.0,14.65,14.65
2025-06-05,18.0,14.65,14.65
2025-06-06,18.0,14.65,14.65
2025-06-09,18.0,14.65,14.65
2025-06-10,18.0,14.65,14.65
2025-06-11,18.0,14.65,14.65
2025-06-12,18.0,14.65,14.65
2025-06-13,18.0,14.65,14.65
2025-06-16,18.0,14.65,14.65
2025-06-17,18.0,14.65,14.65
2025-06-18,18.0,14.65,14.65
2025-06-19,18.0,14.65,14.65
2025-06-20,18.0,14.9,14.9
2025-06-23,18.0,14.9,14.9
2025-06-24,18.0,14.9,14.9
2025-06-25,18.0,14.9,14.9
2025-06-26,18.0,14.9,14.9
2025-06-27,18.0,14.9,14.9
2025-06-30,18.0,14.9,14.9
2025-07-01,18.0,14.9,14.9
2025-07-02,18.0,14.9,14.9
2025-07-03,18.0,14.9,14.9
2025-07-04,18.0,14.9,14.9
2025-07-07,18.0,14.9,14.9
2025-07-08,18.0,14.9,14.9
2025-07-09,18.0,14.9,14.9
2025-07-10,18.0,14.9,14.9
2025-07-11,18.0,14.9,14.9
2025-07-14,18.0,14.9,14.9
2025-07-15,18.0,14.9,14.9
2025-07-16,18.0,14.9,14.9
2025-07-17,18.0,14.9,14.9
2025-07-18,18.0,14.9,14.9
2025-07-21,18.0,14.9,14.9
2025-07-22,18.0,14.9,14.9
2025-07-23,18.0,14.9,14.9
2025-07-24,18.0,14.9,14.9
2025-07-25,18.0,14.9,14.9
2025-07-28,18.0,14.9,14.9
2025-07-29,18.0,14.9,14.9
2025-07-30,18.0,14.9,14.9
2025-07-31,18.0,14.9,14.9
2025-08-01,18.0,14.9,14.9
2025-08-04,18.0,14.9,14.9
2025-08-05,18.0,14.9,14.9
2025-08-06,18.0,14.9,14.9
2025-08-07,18.0,14.9,14.9
2025-08-08,18.0,14.9,14.9
2025-08-11,18.0,14.9,14.9
2025-08-12,18.0,14.9,14.9
2025-08-13,18.0,14.9,14.9
2025-08-14,18.0,14.9,14.9
2025-08-15,18.0,14.9,14.9
2025-08-18,18.0,14.9,14.9
2025-08-19,18.0,14.9,14.9
2025-08-20,18.0,14.9,14.9
2025-08-21,18.0,14.9,14.9
2025-08-22,18.0,14.9,14.9
2025-08-25,18.0,14.9,14.9
2025-08-26,18.0,14.9,14.9
2025-08-27,18.0,14.9,14.9
2025-08-28,18.0,14.9,14.9
2025-08-29,18.0,14.9,14.9
2025-09-01,18.0,14.9,14.9
2025-09-02,18.0,14.9,14.9
2025-09-03,18.0,14.9,14.9
2025-09-04,18.0,14.9,14.9
2025-09-05,18.0,14.9,14.9
2025-09-08,18.0,14.9,14.9
2025-09-09,18.0,14.9,14.9
2025-09-10,18.0,14.9,14.9
2025-09-11,18.0,14.9,14.9
2025-09-12,18.0,14.9,14.9
2025-09-15,18.0,14.9,14.9
2025-09-16,18.0,14.9,14.9
2025-09-17,18.0,14.9,14.9
2025-09-18,18.0,14.9,14.9
2025-09-19,18.0,14.9,14.9
2025-09-22,18.0,14.9,14.9
2025-09-23,18.0,14.9,14.9
2025-09-24,18.0,14.9,14.9
2025-09-25,18.0,14.9,14.9
2025-09-26,18.0,14.9,14.9
2025-09-29,18.0,14.9,14.9
2025-09-30,18.0,14.9,14.9
2025-10-01,18.0,14.9,14.9
2025-10-02,18.0,14.9,14.9
2025-10-03,18.0,14.9,14.9
2025-10-06,18.0,14.9,14.9
2025-10-07,18.0,14.9,14.9
2025-10-08,18.0,14.9,14.9
2025-10-09,18.0,14.9,14.9
2025-10-10,18.0,14.9,14.9
2025-10-13,18.0,14.9,14.9
2025-10-14,18.0,14.9,14.9
2025-10-15,18.0,14.9,14.9
2025-10-16,18.0,14.9,14.9
2025-10-17,18.0,14.9,14.9
2025-10-20,18.0,14.9,14.9
2025-10-21,18.0,14.9,14.9
2025-10-22,18.0,14.9,14.9
2025-10-23,18.0,14.9,14.9
2025-10-24,18.0,14.9,14.9
2025-10-27,18.0,14.9,14.9
2025-10-28,18.0,14.9,14.9
2025-10-29,18.0,14.9,14.9
2025-10-30,18.0,14.9,14.9
2025-10-31,18.0,14.9,14.9
2025-11-03,18.0,14.9,14.9
2025-11-04,18.0,14.9,14.9
2025-11-05,18.0,14.9,14.9
2025-11-06,18.0,14.9,14.9
2025-11-07,18.0,14.9,14.9
2025-11-10,18.0,14.9,14.9
2025-11-11,18.0,14.9,14.9
2025-11-12,18.0,14.9,14.9
2025-11-13,18.0,14.9,14.9
2025-11-14,18.0,14.9,14.9
2025-11-17,18.0,14.9,14.9
2025-11-18,18.0,14.9,14.9
2025-11-19,18.0,14.9,14.9
2025-11-20,18.0,14.9,14.9
2025-11-21,18.0,14.9,14.9
2025-11-24,18.0,14.9,14.9
2025-11-25,18.0,14.9,14.9
2025-11-26,18.0,14.9,14.9
2025-11-27,18.0,14.9,14.9
2025-11-28,18.0,14.9,14.9
2025-12-01,18.0,14.9,14.9
2025-12-02,18.0,14.9,14.9
2025-12-03,18.0,14.9,14.9
2025-12-04,18.0,14.9,14.9
2025-12-05,18.0,14.9,14.9
2025-12-08,18.0,14.9,14.9
2025-12-09,18.0,14.9,14.9
2025-12-10,18.0,14.9,14.9
2025-12-11,18.0,14.9,14.9
2025-12-12,18.0,14.9,14.9
2025-12-15,18.0,14.9,14.9
2025-12-16,18.0,14.9,14.9
2025-12-17,18.0,14.9,14.9
2025-12-18,18.0,14.9,14.9
2025-12-19,18.0,14.9,14.9
2025-12-22,18.0,14.9,14.9
2025-12-23,18.0,14.9,14.9
2025-12-24,18.0,14.9,14.9
2025-12-25,18.0,14.9,14.9
2025-12-26,18.0,14.9,14.9
2025-12-29,18.0,14.9,14.9
2025-12-30,18.0,14.9,14.9
2025-12-31,18.0,14.9,14.9
2026-01-01,15.0,14.9,14.9
2026-01-02,15.0,14.9,14.9
2026-01-05,15.0,14.9,14.9
2026-01-06,15.0,14.9,14.9
2026-01-07,15.0,14.9,14.9
2026-01-08,15.0,14.9,14.9
2026-01-09,15.0,14.9,14.9
2026-01-12,15.0,14.9,14.9
2026-01-13,15.0,14.9,14.9
2026-01-14,15.0,14.9,14.9
2026-01-15,15.0,14.9,14.9
2026-01-16,15.0,14.9,14.9
2026-01-19,15.0,14.9,14.9
2026-01-20,15.0,14.9,14.9
2026-01-21,15.0,14.9,14.9
2026-01-22,15.0,14.9,14.9
2026-01-23,15.0,14.9,14.9
2026-01-26,15.0,14.9,14.9
2026-01-27,15.0,14.9,14.9
2026-01-28,15.0,14.9,14.9
