,SP500,USD_EUR,USD_GBP
1996-01-01,,,
1996-01-02,36.913909912109375,,1.5565
1996-01-03,37.016021728515625,,1.5517
1996-01-04,36.663299560546875,,1.5463
1996-01-05,36.589046478271484,,1.552
1996-01-08,36.728271484375,,1.5495
1996-01-09,36.097110748291016,,1.5475
1996-01-10,35.62371826171875,,1.5456
1996-01-11,35.83721160888672,,1.5445
1996-01-12,35.781532287597656,,1.5487
1996-01-15,35.707279205322266,,
1996-01-16,36.14350891113281,,1.538
1996-01-17,36.032127380371094,,1.5255
1996-01-18,36.15277862548828,,1.5228
1996-01-19,36.39411544799805,,1.5093
1996-01-22,36.403404235839844,,1.5135
1996-01-23,36.486934661865234,,1.5135
1996-01-24,36.78395080566406,,1.5092
1996-01-25,36.65399932861328,,1.5075
1996-01-26,36.9695930480957,,1.503
1996-01-29,37.11811065673828,,1.5063
1996-01-30,37.43370056152344,,1.5037
1996-01-31,37.82351303100586,,1.5096
1996-02-01,37.9627571105957,,1.5132
1996-02-02,37.80497360229492,,1.519
1996-02-05,38.11125946044922,,1.5352
1996-02-06,38.47325134277344,,1.5402
1996-02-07,38.69602584838867,,1.5365
1996-02-08,39.11370086669922,,1.5374
1996-02-09,39.10442352294922,,1.5318
1996-02-12,39.40142822265625,,1.5308
1996-02-13,39.31791305541992,,1.534
1996-02-14,38.974491119384766,,1.5371
1996-02-15,38.73313522338867,,1.5385
1996-02-16,38.57535171508789,,1.5487
1996-02-19,,,
1996-02-20,38.19480514526367,,1.5445
1996-02-21,38.668148040771484,,1.5425
1996-02-22,39.280765533447266,,1.5435
1996-02-23,39.16937255859375,,1.541
1996-02-26,38.612491607666016,,1.54
1996-02-27,38.49181365966797,,1.5398
1996-02-28,38.31544876098633,,1.5335
1996-02-29,37.9442024230957,,1.532
1996-03-01,38.54751968383789,,1.5273
1996-03-04,38.770286560058594,,1.5284
1996-03-05,39.13225173950195,,1.529
1996-03-06,38.788848876953125,,1.529
1996-03-07,38.98377227783203,,1.53
1996-03-08,37.721431732177734,,1.524
1996-03-11,38.15768051147461,,1.5238
1996-03-12,37.86063766479492,,1.5213
1996-03-13,38.12054443359375,,1.5225
1996-03-14,38.28762435913086,,1.5231
1996-03-15,38.261905670166016,,1.525
1996-03-18,38.9984016418457,,1.53
1996-03-19,38.91450881958008,,1.5327
1996-03-20,38.867897033691406,,1.5376
1996-03-21,38.77465057373047,,1.536
1996-03-22,38.87721633911133,,1.5334
1996-03-25,38.80261993408203,,1.523
1996-03-26,38.98908233642578,,1.524
1996-03-27,38.634822845458984,,1.5181
1996-03-28,38.784000396728516,,1.5239
1996-03-29,38.59752655029297,,1.5262
1996-04-01,39.04502868652344,,1.5244
1996-04-02,39.11962127685547,,1.5248
1996-04-03,39.11962127685547,,1.526
1996-04-04,39.09162902832031,,1.5295
1996-04-05,,,1.5287
1996-04-08,38.420372009277344,,1.531
1996-04-09,38.27121353149414,,1.5243
1996-04-10,37.59062194824219,,1.5115
1996-04-11,37.544010162353516,,1.5125
1996-04-12,38.01949691772461,,1.5123
1996-04-15,38.336490631103516,,1.5085
1996-04-16,38.44834899902344,,1.5071
1996-04-17,38.355133056640625,,1.507
1996-04-18,38.41105651855469,,1.51
1996-04-19,38.5042610168457,,1.5168
1996-04-22,38.80261993408203,,1.5112
1996-04-23,38.923828125,,1.5161
1996-04-24,38.784000396728516,,1.5138
1996-04-25,38.961116790771484,,1.5127
1996-04-26,39.04502868652344,,1.5103
1996-04-29,39.04502868652344,,1.5094
1996-04-30,39.017066955566406,,1.505
1996-05-01,39.10095977783203,,1.4948
1996-05-02,38.42970275878906,,1.503
1996-05-03,38.3737678527832,,1.5042
1996-05-06,38.336490631103516,,1.5072
1996-05-07,38.17796325683594,,1.5125
1996-05-08,38.653465270996094,,1.5215
1996-05-09,38.6254997253418,,1.522
1996-05-10,39.00772476196289,,1.5223
1996-05-13,39.5950927734375,,1.5145
1996-05-14,39.83750534057617,,1.5149
1996-05-15,39.790870666503906,,1.513
1996-05-16,39.87477493286133,,1.5133
1996-05-17,40.089229583740234,,1.515
1996-05-20,40.35958480834961,,1.513
1996-05-21,40.30364227294922,,1.5115
1996-05-22,40.6859016418457,,1.5103
1996-05-23,40.51808547973633,,1.5134
1996-05-24,40.676551818847656,,1.511
1996-05-27,,,
1996-05-28,40.26634979248047,,1.5127
1996-05-29,39.995967864990234,,1.5211
1996-05-30,40.20109176635742,,1.5345
1996-05-31,39.902767181396484,,1.5495
1996-06-03,40.01463317871094,,1.5515
1996-06-04,40.29431915283203,,1.5485
1996-06-05,40.64860916137695,,1.5474
1996-06-06,40.350242614746094,,1.5405
1996-06-07,40.350242614746094,,1.541
1996-06-10,40.2197380065918,,1.5322
1996-06-11,40.18242645263672,,1.5355
1996-06-12,40.10784912109375,,1.5345
1996-06-13,40.10784912109375,,1.532
1996-06-14,39.940032958984375,,1.5358
1996-06-17,39.912086486816406,,1.545
1996-06-18,39.58576583862305,,1.5435
1996-06-19,39.76292037963867,,1.5433
1996-06-20,39.73494338989258,,1.5418
1996-06-21,40.07667922973633,,1.5383
1996-06-24,40.151676177978516,,1.54
1996-06-25,40.10481643676758,,1.5405
1996-06-26,39.83300018310547,,1.5414
1996-06-27,40.11418151855469,,1.5462
1996-06-28,40.25477600097656,,1.5529
1996-07-01,40.601539611816406,,1.5545
1996-07-02,40.451576232910156,,1.5583
1996-07-03,40.367225646972656,,1.5587
1996-07-04,,,
1996-07-05,39.336273193359375,,1.5522
1996-07-08,39.176944732666016,,1.553
1996-07-09,39.336273193359375,,1.5495
1996-07-10,39.4955940246582,,1.5504
1996-07-11,38.69895553588867,,1.5555
1996-07-12,38.727054595947266,,1.5525
1996-07-15,37.583614349365234,,1.55
1996-07-16,37.67734146118164,,1.5585
1996-07-17,38.12721252441406,,1.5432
1996-07-18,38.65209197998047,,1.5479
1996-07-19,38.37091064453125,,1.5466
1996-07-22,38.08972930908203,,1.5512
1996-07-23,37.60236740112305,,1.5515
1996-07-24,37.67734146118164,,1.5525
1996-07-25,38.01475143432617,,1.5572
1996-07-26,38.22093963623047,,1.5545
1996-07-29,37.7991828918457,,1.557
1996-07-30,38.16473388671875,,1.5558
1996-07-31,38.44587707519531,,1.5556
1996-08-01,39.083213806152344,,1.5572
1996-08-02,39.926734924316406,,1.5418
1996-08-05,39.692413330078125,,1.5442
1996-08-06,39.81427001953125,,1.5375
1996-08-07,39.91734313964844,,1.5418
1996-08-08,39.851768493652344,,1.5497
1996-08-09,39.72053909301758,,1.549
1996-08-12,40.01109313964844,,1.5505
1996-08-13,39.692413330078125,,1.5499
1996-08-14,39.83300018310547,,1.5483
1996-08-15,39.75802993774414,,1.5504
1996-08-16,40.0954475402832,,1.5468
1996-08-19,40.11418151855469,,1.5444
1996-08-20,40.08607482910156,,1.5473
1996-08-21,39.94547653198242,,1.5497
1996-08-22,40.32038116455078,,1.5508
1996-08-23,40.10481643676758,,1.553
1996-08-26,39.90798568725586,,1.5553
1996-08-27,40.057945251464844,,1.553
1996-08-28,39.99235153198242,,1.5593
1996-08-29,39.59869384765625,,1.5563
1996-08-30,39.18629837036133,,1.5612
1996-09-02,,,
1996-09-03,39.439369201660156,,1.5671
1996-09-04,39.47686767578125,,1.567
1996-09-05,38.99885940551758,,1.5667
1996-09-06,39.55183029174805,,1.5607
1996-09-09,40.02046585083008,,1.5582
1996-09-10,40.00172424316406,,1.5569
1996-09-11,40.226646423339844,,1.555
1996-09-12,40.507808685302734,,1.5538
1996-09-13,41.12641906738281,,1.5544
1996-09-16,41.27638244628906,,1.5566
1996-09-17,41.182647705078125,,1.5545
1996-09-18,41.07954788208008,,1.5602
1996-09-19,41.23888397216797,,1.5515
1996-09-20,41.38517761230469,,1.5555
1996-09-23,41.375736236572266,,1.5568
1996-09-24,41.366329193115234,,1.558
1996-09-25,41.394588470458984,,1.5633
1996-09-26,41.375736236572266,,1.5613
1996-09-27,41.41341018676758,,1.563
1996-09-30,41.375736236572266,,1.5653
1996-10-01,41.601837158203125,,1.564
1996-10-02,41.884464263916016,,1.5685
1996-10-03,41.84678268432617,,1.5661
1996-10-04,42.41201400756836,,1.5623
1996-10-07,42.45914077758789,,1.5635
1996-10-08,42.28955078125,,1.5631
1996-10-09,41.959835052490234,,1.5642
1996-10-10,41.87505340576172,,1.5651
1996-10-11,42.39318084716797,,1.5755
1996-10-14,42.44970703125,,
1996-10-15,42.39318084716797,,1.5823
1996-10-16,42.60045623779297,,1.5835
1996-10-17,42.713470458984375,,1.5863
1996-10-18,42.93958282470703,,1.5903
1996-10-21,42.8830451965332,,1.5916
1996-10-22,42.58160400390625,,1.5953
1996-10-23,42.7229118347168,,1.5968
1996-10-24,42.35550308227539,,1.5918
1996-10-25,42.39318084716797,,1.6062
1996-10-28,42.11054992675781,,1.6122
1996-10-29,42.44970703125,,1.6099
1996-10-30,42.30838394165039,,1.6326
1996-10-31,42.713470458984375,,1.6278
1996-11-01,42.56273651123047,,1.6358
1996-11-04,42.84539031982422,,1.6435
1996-11-05,43.09031677246094,,1.645
1996-11-06,43.919349670410156,,1.64
1996-11-07,44.022953033447266,,1.6475
1996-11-08,44.26789474487305,,1.647
1996-11-11,44.22077941894531,,
1996-11-12,44.08891677856445,,1.647
1996-11-13,44.286739349365234,,1.655
1996-11-14,44.57878112792969,,1.6653
1996-11-15,44.63533020019531,,1.6646
1996-11-18,44.64472198486328,,1.67
1996-11-19,44.96503448486328,,1.676
1996-11-20,45.040401458740234,,1.678
1996-11-21,44.974449157714844,,1.6887
1996-11-22,45.3230094909668,,1.68
1996-11-25,45.89768981933594,,1.6695
1996-11-26,45.7469596862793,,1.673
1996-11-27,45.662174224853516,,1.676
1996-11-28,,,
1996-11-29,45.83174133300781,,1.682
1996-12-02,45.850582122802734,,1.684
1996-12-03,45.06867218017578,,1.642
1996-12-04,45.19112014770508,,1.6387
1996-12-05,45.06867218017578,,1.6268
1996-12-06,44.80485534667969,,1.6415
1996-12-09,45.46433639526367,,1.6475
1996-12-10,45.24766540527344,,1.6505
1996-12-11,44.83316421508789,,1.658
1996-12-12,44.08891677856445,,1.657
1996-12-13,44.20197677612305,,1.6603
1996-12-16,43.636714935302734,,1.6622
1996-12-17,43.98526382446289,,1.672
1996-12-18,44.33385467529297,,1.6722
1996-12-19,45.24766540527344,,1.6525
1996-12-20,45.34694290161133,,1.667
1996-12-23,45.23334503173828,,1.6715
1996-12-24,45.564701080322266,,1.6715
1996-12-25,,,
1996-12-26,45.91497039794922,,1.6726
1996-12-27,45.971736907958984,,1.6917
1996-12-30,45.57414245605469,,1.6908
1996-12-31,44.741058349609375,,1.7123
1997-01-01,,,
1997-01-02,44.85465621948242,,1.687
1997-01-03,45.49842071533203,,1.69
1997-01-06,45.100807189941406,,1.685
1997-01-07,45.64986801147461,,1.695
1997-01-08,45.25224685668945,,1.6871
1997-01-09,45.630958557128906,,1.6945
1997-01-10,46.123226165771484,,1.6814
1997-01-13,46.05698013305664,,1.6713
1997-01-14,46.63446044921875,,1.6695
1997-01-15,46.5208625793457,,1.6785
1997-01-16,46.710201263427734,,1.6762
1997-01-17,46.99420928955078,,1.6602
1997-01-20,47.050987243652344,,
1997-01-21,47.42969512939453,,1.6632
1997-01-22,47.77047348022461,,1.6534
1997-01-23,47.10780715942383,,1.6285
1997-01-24,46.50192642211914,,1.6283
1997-01-27,46.369380950927734,,1.624
1997-01-28,46.50192642211914,,1.6155
1997-01-29,46.956336975097656,,1.6207
1997-01-30,47.562217712402344,,1.6183
1997-01-31,47.50541305541992,,1.6012
1997-02-03,47.64741134643555,,1.6135
1997-02-04,47.94091033935547,,1.6207
1997-02-05,47.04153060913086,,1.638
1997-02-06,47.353946685791016,,1.6355
1997-02-07,47.99769973754883,,1.6228
1997-02-10,47.543270111083984,,1.639
1997-02-11,48.09236145019531,,1.644
1997-02-12,48.77399444580078,,1.6338
1997-02-13,49.30414581298828,,1.623
1997-02-14,49.19053268432617,,1.6207
1997-02-17,,,
1997-02-18,49.607086181640625,,1.6022
1997-02-19,49.27576446533203,,1.6138
1997-02-20,48.6793098449707,,1.6107
1997-02-21,48.69825744628906,,1.6155
1997-02-24,49.27576446533203,,1.6333
1997-02-25,49.31361770629883,,1.6323
1997-02-26,48.830806732177734,,1.633
1997-02-27,48.10183334350586,,1.6265
1997-02-28,47.9598388671875,,1.6287
1997-03-03,48.281700134277344,,1.6175
1997-03-04,48.01663589477539,,1.6155
1997-03-05,48.830806732177734,,1.6117
1997-03-06,48.54680252075195,,1.6131
1997-03-07,48.98225402832031,,1.6032
1997-03-10,49.49346923828125,,1.6005
1997-03-11,49.2284049987793,,1.6058
1997-03-12,48.79292297363281,,1.5932
1997-03-13,48.03555679321289,,1.5965
1997-03-14,48.281700134277344,,1.6022
1997-03-17,48.41424560546875,,1.59
1997-03-18,47.8935661315918,,1.589
1997-03-19,47.73263168334961,,1.5968
1997-03-20,47.4864616394043,,1.5948
1997-03-21,47.706356048583984,,1.6015
1997-03-24,48.371585845947266,,1.6171
1997-03-25,47.89643096923828,,1.6172
1997-03-26,48.10548782348633,,1.6276
1997-03-27,46.83206558227539,,1.6312
1997-03-28,,,1.6315
1997-03-31,45.843692779541016,,1.6448
1997-04-01,46.13832092285156,,1.6485
1997-04-02,45.31153869628906,,1.6425
1997-04-03,45.5586051940918,,1.646
1997-04-04,46.12881088256836,,1.6389
1997-04-07,46.309391021728516,,1.6277
1997-04-08,46.64198303222656,,1.6233
1997-04-09,46.26184844970703,,1.622
1997-04-10,46.0908088684082,,1.623
1997-04-11,44.627296447753906,,1.6245
1997-04-14,45.22600555419922,,1.6225
1997-04-15,45.995792388916016,,1.6255
1997-04-16,46.5279541015625,,1.6225
1997-04-17,46.337886810302734,,1.631
1997-04-18,46.565940856933594,,1.6315
1997-04-21,46.26184844970703,,1.6353
1997-04-22,47.27870559692383,,1.6362
1997-04-23,47.32621765136719,,1.6213
1997-04-24,47.08864212036133,,1.625
1997-04-25,46.54695510864258,,1.6235
1997-04-28,47.00309753417969,,1.6232
1997-04-29,48.48561477661133,,1.6312
1997-04-30,48.713706970214844,,1.62
1997-05-01,48.65668869018555,,1.6238
1997-05-02,49.53096008300781,,1.6215
1997-05-05,50.70940017700195,,1.62
1997-05-06,50.6713752746582,,1.6375
1997-05-07,49.568992614746094,,1.6364
1997-05-08,49.911102294921875,,1.62
1997-05-09,50.25321578979492,,1.621
1997-05-12,51.08952713012695,,1.6235
1997-05-13,50.88045883178711,,1.6319
1997-05-14,50.9754753112793,,1.64
1997-05-15,51.317569732666016,,1.6385
1997-05-16,50.614356994628906,,1.6335
1997-05-19,50.76641082763672,,1.638
1997-05-20,51.3746223449707,,1.6438
1997-05-21,51.26057815551758,,1.6465
1997-05-22,51.08952713012695,,1.6235
1997-05-23,51.564659118652344,,1.6324
1997-05-26,,,
1997-05-27,51.773738861083984,,1.629
1997-05-28,51.76424026489258,,1.6382
1997-05-29,51.46013641357422,,1.6405
1997-05-30,51.79273223876953,,1.636
1997-06-02,51.564659118652344,,1.6343
1997-06-03,51.39363479614258,,1.6342
1997-06-04,51.33663558959961,,1.6272
1997-06-05,51.52667999267578,,1.6328
1997-06-06,52.53402328491211,,1.628
1997-06-09,52.80010223388672,,1.6355
1997-06-10,52.96163558959961,,1.6382
1997-06-11,53.085208892822266,,1.637
1997-06-12,54.11155319213867,,1.6352
1997-06-13,54.56770324707031,,1.637
1997-06-16,54.58672332763672,,1.6357
1997-06-17,54.510677337646484,,1.6385
1997-06-18,54.320640563964844,,1.6384
1997-06-19,54.88130569458008,,1.648
1997-06-20,54.69432067871094,,1.6537
1997-06-23,53.36824035644531,,1.6688
1997-06-24,54.72293472290039,,1.6643
1997-06-25,54.34132385253906,,1.6625
1997-06-26,54.07421112060547,,1.666
1997-06-27,54.28410720825195,,1.662
1997-06-30,53.92155838012695,,1.665
1997-07-01,54.55124282836914,,1.6574
1997-07-02,55.44799041748047,,1.667
1997-07-03,56.211219787597656,,1.6885
1997-07-04,,,
1997-07-07,55.638816833496094,,1.687
1997-07-08,56.22079086303711,,1.6885
1997-07-09,55.60063171386719,,1.684
1997-07-10,55.848697662353516,,1.6881
1997-07-11,56.039512634277344,,1.6935
1997-07-14,56.211219787597656,,1.6882
1997-07-15,56.49744415283203,,1.6765
1997-07-16,57.24155807495117,,1.6745
1997-07-17,56.95538330078125,,1.675
1997-07-18,55.7437629699707,,1.6761
1997-07-21,55.7533073425293,,1.6776
1997-07-22,57.2320442199707,,1.6744
1997-07-23,57.18434143066406,,1.6779
1997-07-24,57.45146942138672,,1.6729
1997-07-25,57.413307189941406,,1.6628
1997-07-28,57.37515640258789,,1.6292
1997-07-29,57.56592559814453,,1.6275
1997-07-30,58.25284957885742,,1.621
1997-07-31,58.195594787597656,,1.6388
1997-08-01,57.96661376953125,,1.6348
1997-08-04,58.11928939819336,,1.6283
1997-08-05,58.15742111206055,,1.625
1997-08-06,58.634464263916016,,1.6008
1997-08-07,58.195594787597656,,1.5875
1997-08-08,57.012603759765625,,1.585
1997-08-11,57.43238067626953,,1.5902
1997-08-12,56.51652145385742,,1.5775
1997-08-13,56.344810485839844,,1.5825
1997-08-14,56.5546989440918,,1.5865
1997-08-15,54.818355560302734,,1.609
1997-08-18,56.039512634277344,,1.6088
1997-08-19,56.68821334838867,,1.6035
1997-08-20,57.54684066772461,,1.5923
1997-08-21,56.53559112548828,,1.5905
1997-08-22,56.51652145385742,,1.6081
1997-08-25,56.306617736816406,,1.6052
1997-08-26,55.47659683227539,,1.6121
1997-08-27,55.810543060302734,,1.6103
1997-08-28,54.961456298828125,,1.6158
1997-08-29,55.180904388427734,,1.6203
1997-09-01,,,
1997-09-02,56.97444534301758,,1.5897
1997-09-03,56.66916275024414,,1.5846
1997-09-04,57.031654357910156,,1.5855
1997-09-05,56.869483947753906,,1.592
1997-09-08,57.117549896240234,,1.5827
1997-09-09,57.146156311035156,,1.5882
1997-09-10,55.96318817138672,,1.589
1997-09-11,55.67698669433594,,1.5968
1997-09-12,56.573768615722656,,1.6085
1997-09-15,56.47836685180664,,1.6042
1997-09-16,57.890323638916016,,1.5941
1997-09-17,57.890323638916016,,1.5985
1997-09-18,58.138370513916016,,1.6137
1997-09-19,58.236698150634766,,1.6112
1997-09-22,58.56226348876953,,1.6025
1997-09-23,58.29416275024414,,1.6115
1997-09-24,57.815406799316406,,1.6103
1997-09-25,57.41323471069336,,1.6279
1997-09-26,57.891990661621094,,1.61
1997-09-29,58.44737243652344,,1.6142
1997-09-30,57.83452224731445,,1.6117
1997-10-01,58.600589752197266,,1.6145
1997-10-02,58.92612075805664,,1.6135
1997-10-03,59.222938537597656,,1.613
1997-10-06,59.61552810668945,,1.613
1997-10-07,60.170928955078125,,1.6195
1997-10-08,59.7496223449707,,1.6208
1997-10-09,59.538909912109375,,1.6245
1997-10-10,59.36659622192383,,1.6207
1997-10-13,59.424041748046875,,
1997-10-14,59.44318389892578,,1.6197
1997-10-15,59.30913543701172,,1.6235
1997-10-16,58.37073516845703,,1.6187
1997-10-17,57.777099609375,,1.6145
1997-10-20,58.600589752197266,,1.6297
1997-10-21,59.740055084228516,,1.6338
1997-10-22,59.3474235534668,,1.6338
1997-10-23,58.17926025390625,,1.6317
1997-10-24,57.604732513427734,,1.6347
1997-10-27,53.42995071411133,,1.6548
1997-10-28,56.513153076171875,,1.6756
1997-10-29,56.359981536865234,,1.6721
1997-10-30,55.11518096923828,,1.6655
1997-10-31,56.417415618896484,,1.6786
1997-11-03,57.604732513427734,,1.6763
1997-11-04,57.604732513427734,,1.6832
1997-11-05,57.7962760925293,,1.6775
1997-11-06,57.576019287109375,,1.692
1997-11-07,56.95359420776367,,1.6905
1997-11-10,56.60889434814453,,1.6893
1997-11-11,56.6280632019043,,
1997-11-12,55.45988464355469,,1.7035
1997-11-13,56.264198303222656,,1.701
1997-11-14,57.03023147583008,,1.6931
1997-11-17,58.08347702026367,,1.6931
1997-11-18,57.719635009765625,,1.6955
1997-11-19,58.00688552856445,,1.6911
1997-11-20,58.88783645629883,,1.6925
1997-11-21,59.290008544921875,,1.6892
1997-11-24,58.21755599975586,,1.69
1997-11-25,58.37073516845703,,1.6805
1997-11-26,58.54310607910156,,1.6735
1997-11-27,,,
1997-11-28,58.600589752197266,,1.6885
1997-12-01,60.11348342895508,,1.6825
1997-12-02,59.7496223449707,,1.6817
1997-12-03,59.921958923339844,,1.684
1997-12-04,59.864505767822266,,1.6705
1997-12-05,60.63051986694336,,1.6585
1997-12-08,60.4581413269043,,1.6472
1997-12-09,60.09430694580078,,1.6528
1997-12-10,59.5772705078125,,1.6495
1997-12-11,58.56226348876953,,1.6552
1997-12-12,58.67715835571289,,1.6501
1997-12-15,59.2708625793457,,1.6333
1997-12-16,59.634708404541016,,1.6326
1997-12-17,59.32830810546875,,1.6507
1997-12-18,58.7537841796875,,1.6635
1997-12-19,58.31461715698242,,1.6684
1997-12-22,58.68955612182617,,1.6617
1997-12-23,57.6417121887207,,1.668
1997-12-24,57.46866989135742,,1.6675
1997-12-25,,,
1997-12-26,57.699371337890625,,1.6695
1997-12-29,58.83375549316406,,1.6683
1997-12-30,59.756629943847656,,1.6552
1997-12-31,59.71818161010742,,1.6427
1998-01-01,,,
1998-01-02,60.025821685791016,,1.6417
1998-01-05,60.16040802001953,,1.633
1998-01-06,59.19902801513672,,1.6335
1998-01-07,59.3528938293457,,1.6253
1998-01-08,58.83375549316406,,1.6114
1998-01-09,56.79570007324219,,1.6165
1998-01-12,57.833980560302734,,1.6221
1998-01-13,58.64152145385742,,1.6345
1998-01-14,58.910675048828125,,1.6301
1998-01-15,58.42039108276367,,1.63
1998-01-16,59.256771087646484,,1.6337
1998-01-19,,,
1998-01-20,60.218082427978516,,1.6271
1998-01-21,59.64131164550781,,1.6264
1998-01-22,59.11253356933594,,1.6498
1998-01-23,59.02605438232422,,1.6687
1998-01-26,58.987606048583984,,1.6525
1998-01-27,59.58359909057617,,1.6474
1998-01-28,60.12193298339844,,1.643
1998-01-29,60.44883728027344,,1.64
1998-01-30,60.48725128173828,,1.6325
1998-02-02,61.48705291748047,,1.638
1998-02-03,61.948509216308594,,1.6423
1998-02-04,61.87155532836914,,1.658
1998-02-05,61.83314514160156,,1.6545
1998-02-06,62.52527618408203,,1.6475
1998-02-09,62.313785552978516,,1.6338
1998-02-10,62.90982437133789,,1.623
1998-02-11,62.852149963378906,,1.6324
1998-02-12,63.12129211425781,,1.6379
1998-02-13,62.75600814819336,,1.6345
1998-02-16,,,
1998-02-17,63.06361389160156,,1.6312
1998-02-18,63.640445709228516,,1.6395
1998-02-19,63.30392837524414,,1.6355
1998-02-20,63.77505111694336,,1.6363
1998-02-23,64.02498626708984,,1.647
1998-02-24,63.52509689331055,,1.6455
1998-02-25,64.31338500976562,,1.6484
1998-02-26,64.67867279052734,,1.6448
1998-02-27,64.67867279052734,,1.6453
1998-03-02,64.54409790039062,,1.6472
1998-03-03,64.9094009399414,,1.6525
1998-03-04,64.4864273071289,,1.646
1998-03-05,63.890411376953125,,1.645
1998-03-06,65.17857360839844,,1.6325
1998-03-09,64.94786834716797,,1.6364
1998-03-10,65.56314086914062,,1.6381
1998-03-11,65.87074279785156,,1.6467
1998-03-12,66.13993072509766,,1.6561
1998-03-13,65.88997650146484,,1.6658
1998-03-16,66.601318359375,,1.6682
1998-03-17,66.79361724853516,,1.6743
1998-03-18,67.04354858398438,,1.6711
1998-03-19,67.21661376953125,,1.6678
1998-03-20,67.7953872680664,,1.6643
1998-03-23,67.64112091064453,,1.679
1998-03-24,68.21957397460938,,1.6751
1998-03-25,67.96891784667969,,1.6739
1998-03-26,67.93035125732422,,1.686
1998-03-27,67.64112091064453,,1.6825
1998-03-30,67.60253143310547,,1.6775
1998-03-31,67.83391571044922,,1.6765
1998-04-01,68.3834457397461,,1.674
1998-04-02,69.12583923339844,,1.6665
1998-04-03,69.47289276123047,,1.6575
1998-04-06,68.91373443603516,,1.6635
1998-04-07,68.45098876953125,,1.6658
1998-04-08,68.0653076171875,,1.6683
1998-04-09,68.60523223876953,,1.6725
1998-04-10,,,1.6718
1998-04-13,68.41239166259766,,1.6668
1998-04-14,68.99088287353516,,1.684
1998-04-15,69.18367767333984,,1.683
1998-04-16,68.37384796142578,,1.691
1998-04-17,69.28007507324219,,1.684
1998-04-20,69.26077270507812,,1.6757
1998-04-21,69.58856964111328,,1.6762
1998-04-22,69.78143310546875,,1.6718
1998-04-23,69.10653686523438,,1.6665
1998-04-24,68.37384796142578,,1.6678
1998-04-27,67.08194732666016,,1.6733
1998-04-28,66.98553466796875,,1.6673
1998-04-29,67.44830322265625,,1.6702
1998-04-30,68.70164489746094,,1.6727
1998-05-01,69.47289276123047,,1.6675
1998-05-04,69.29937744140625,,1.666
1998-05-05,68.81730651855469,,1.6605
1998-05-06,68.00745391845703,,1.661
1998-05-07,67.46757507324219,,1.6485
1998-05-08,68.56663513183594,,1.638
1998-05-11,68.33525848388672,,1.63
1998-05-12,69.06797790527344,,1.6347
1998-05-13,69.24152374267578,,1.6308
1998-05-14,68.8944320678711,,1.6306
1998-05-15,68.5088119506836,,1.6278
1998-05-18,68.23884582519531,,1.6235
1998-05-19,68.70164489746094,,1.6232
1998-05-20,69.35722351074219,,1.6332
1998-05-21,68.91373443603516,,1.6305
1998-05-22,68.64379119873047,,1.6318
1998-05-25,,,
1998-05-26,67.54470825195312,,1.6365
1998-05-27,67.64112091064453,,1.6322
1998-05-28,67.94963836669922,,1.6277
1998-05-29,67.27476501464844,,1.6308
1998-06-01,67.5832290649414,,1.6392
1998-06-02,67.64112091064453,,1.6388
1998-06-03,66.56131744384766,,1.6385
1998-06-04,67.7953872680664,,1.6395
1998-06-05,69.10653686523438,,1.6351
1998-06-08,69.02944946289062,,1.6324
1998-06-09,69.24152374267578,,1.6347
1998-06-10,68.79810333251953,,1.6277
1998-06-11,67.50617980957031,,1.6292
1998-06-12,68.14244079589844,,1.6315
1998-06-15,66.34922790527344,,1.6315
1998-06-16,67.37115478515625,,1.6525
1998-06-17,68.77874755859375,,1.662
1998-06-18,68.47028350830078,,1.6705
1998-06-19,68.12718200683594,,1.6735
1998-06-22,68.45599365234375,,1.672
1998-06-23,69.2684326171875,,1.6641
1998-06-24,70.19689178466797,,1.6683
1998-06-25,70.08084106445312,,1.6722
1998-06-26,70.3709716796875,,1.6608
1998-06-29,70.6224594116211,,1.6645
1998-06-30,70.13886260986328,,1.6695
1998-07-01,70.95127868652344,,1.6616
1998-07-02,71.086669921875,,1.6565
1998-07-03,,,1.6471
1998-07-06,71.80238342285156,,1.6442
1998-07-07,71.66699981689453,,1.6375
1998-07-08,72.18927001953125,,1.6369
1998-07-09,71.7057113647461,,1.6315
1998-07-10,72.09257507324219,,1.6325
1998-07-13,72.11190032958984,,1.6412
1998-07-14,72.9242935180664,,1.6355
1998-07-15,72.78892517089844,,1.6337
1998-07-16,73.29181671142578,,1.6387
1998-07-17,73.38859558105469,,1.6427
1998-07-20,73.38859558105469,,1.648
1998-07-21,72.11190032958984,,1.643
1998-07-22,72.11190032958984,,1.642
1998-07-23,70.68050384521484,,1.6474
1998-07-24,70.6224594116211,,1.6594
1998-07-27,71.12538146972656,,1.6565
1998-07-28,69.92608642578125,,1.6485
1998-07-29,69.65528869628906,,1.644
1998-07-30,70.69983673095703,,1.6415
1998-07-31,69.19104766845703,,1.6349
1998-08-03,68.90089416503906,,1.6245
1998-08-04,66.23153686523438,,1.633
1998-08-05,67.14066314697266,,1.636
1998-08-06,67.43077850341797,,1.6332
1998-08-07,67.54686737060547,,1.629
1998-08-10,67.16002655029297,,1.6328
1998-08-11,66.15411376953125,,1.6295
1998-08-12,67.27607727050781,,1.629
1998-08-13,66.46367645263672,,1.6265
1998-08-14,65.68994903564453,,1.6184
1998-08-17,67.08259582519531,,1.6162
1998-08-18,68.32061767578125,,1.6162
1998-08-19,68.14651489257812,,1.6227
1998-08-20,67.74028015136719,,1.6275
1998-08-21,67.19866180419922,,1.6363
1998-08-24,67.62425994873047,,1.641
1998-08-25,67.77899932861328,,1.6395
1998-08-26,67.39213562011719,,1.6385
1998-08-27,64.2198257446289,,1.6405
1998-08-28,63.98767852783203,,1.672
1998-08-31,59.422706604003906,,1.676
1998-09-01,61.93730163574219,,1.674
1998-09-02,61.49238204956055,,1.6686
1998-09-03,61.00885772705078,,1.6762
1998-09-04,60.50589370727539,,1.672
1998-09-07,,,
1998-09-08,63.755592346191406,,1.6581
1998-09-09,62.20812225341797,,1.662
1998-09-10,60.97016143798828,,1.6816
1998-09-11,62.94319152832031,,1.6847
1998-09-14,64.02638244628906,,1.6775
1998-09-15,64.41329193115234,,1.6742
1998-09-16,64.99356079101562,,1.6758
1998-09-17,63.13662338256836,,1.684
1998-09-18,63.4178581237793,,1.6835
1998-09-21,63.378997802734375,,1.6845
1998-09-22,63.903114318847656,,1.6837
1998-09-23,66.46543884277344,,1.6798
1998-09-24,64.83486938476562,,1.6945
1998-09-25,64.75723266601562,,1.7023
1998-09-28,65.33956146240234,,1.704
1998-09-29,65.1843032836914,,1.7068
1998-09-30,63.20430374145508,,1.6995
1998-10-01,61.37962341308594,,1.7045
1998-10-02,62.563724517822266,,1.7026
1998-10-05,61.30192947387695,,1.6901
1998-10-06,61.243736267089844,,1.6833
1998-10-07,60.331390380859375,,1.6968
1998-10-08,60.001407623291016,,1.7222
1998-10-09,61.204898834228516,,1.703
1998-10-12,62.09783935546875,,
1998-10-13,61.88429641723633,,1.7015
1998-10-14,62.46664810180664,,1.7055
1998-10-15,65.82483673095703,,1.7028
1998-10-16,65.84429931640625,,1.703
1998-10-19,66.07726287841797,,1.6995
1998-10-20,66.46543884277344,,1.706
1998-10-21,66.23253631591797,,1.7005
1998-10-22,67.22248840332031,,1.695
1998-10-23,66.36839294433594,,1.69
1998-10-26,66.85369873046875,,1.683
1998-10-27,66.46543884277344,,1.6722
1998-10-28,66.34900665283203,,1.672
1998-10-29,67.96014404296875,,1.6758
1998-10-30,68.32894134521484,,1.6735
1998-11-02,69.49368286132812,,1.6652
1998-11-03,68.98892974853516,,1.6577
1998-11-04,69.72660827636719,,1.6588
1998-11-05,70.67778778076172,,1.663
1998-11-06,70.89130401611328,,1.658
1998-11-09,70.38658905029297,,1.6585
1998-11-10,70.1925048828125,,1.658
1998-11-11,69.72660827636719,,
1998-11-12,69.64898681640625,,1.6568
1998-11-13,70.32838439941406,,1.6635
1998-11-16,70.85247039794922,,1.6755
1998-11-17,70.85247039794922,,1.6775
1998-11-18,71.27957153320312,,1.672
1998-11-19,71.90074157714844,,1.6677
1998-11-20,72.44425201416016,,1.6542
1998-11-23,74.15249633789062,,1.654
1998-11-24,73.68656921386719,,1.6582
1998-11-25,73.68656921386719,,1.6613
1998-11-26,,,
1998-11-27,74.23011779785156,,1.6522
1998-11-30,72.13368225097656,,1.6485
1998-12-01,73.06538391113281,,1.654
1998-12-02,72.85186004638672,,1.6625
1998-12-03,71.64836883544922,,1.6645
1998-12-04,73.53131103515625,,1.6615
1998-12-07,73.88069915771484,,1.653
1998-12-08,73.55070495605469,,1.654
1998-12-09,73.68656921386719,,1.658
1998-12-10,72.60923767089844,,1.667
1998-12-11,72.75482940673828,,1.6835
1998-12-14,70.65838623046875,,1.6885
1998-12-15,72.48303985595703,,1.6853
1998-12-16,72.38603973388672,,1.6765
1998-12-17,73.54097747802734,,1.675
1998-12-18,73.85346221923828,,1.6803
1998-12-21,74.88571166992188,,1.68
1998-12-22,75.21681213378906,,1.6775
1998-12-23,76.79435729980469,,1.6767
1998-12-24,76.46326446533203,,1.6723
1998-12-25,,,
1998-12-28,76.26854705810547,,1.6745
1998-12-29,77.47604370117188,,1.6836
1998-12-30,76.85281372070312,,1.6665
1998-12-31,76.85281372070312,,1.6628
1999-01-01,,,
1999-01-04,76.67747497558594,1.1812,1.6581
1999-01-05,77.55390930175781,1.176,1.6566
1999-01-06,79.4236831665039,1.1636,1.6547
1999-01-07,79.03411102294922,1.1672,1.6495
1999-01-08,79.61840057373047,1.1554,1.6405
1999-01-11,78.85885620117188,1.1534,1.6375
1999-01-12,77.43708038330078,1.1548,1.6308
1999-01-13,76.89173126220703,1.1698,1.6493
1999-01-14,75.54788208007812,1.1689,1.653
1999-01-15,77.51496887207031,1.1591,1.65
1999-01-18,,,
1999-01-19,78.02135467529297,1.161,1.655
1999-01-20,78.64460754394531,1.1575,1.6467
1999-01-21,76.5606918334961,1.1577,1.6516
1999-01-22,76.38540649414062,1.1582,1.656
1999-01-25,77.1644287109375,1.1566,1.6563
1999-01-26,78.56668090820312,1.1577,1.6585
1999-01-27,77.65132141113281,1.1481,1.6485
1999-01-28,78.95621490478516,1.1395,1.647
1999-01-29,79.55997467041016,1.1371,1.6457
1999-02-01,79.0925521850586,1.1303,1.641
1999-02-02,78.60562896728516,1.1328,1.643
1999-02-03,79.40415954589844,1.1339,1.6375
1999-02-04,78.21614074707031,1.1306,1.6395
1999-02-05,77.3202133178711,1.1283,1.637
1999-02-08,77.47604370117188,1.1296,1.638
1999-02-09,75.74266815185547,1.13,1.6355
1999-02-10,76.22957611083984,1.1331,1.629
1999-02-11,77.98243713378906,1.1303,1.6244
1999-02-12,77.04754638671875,1.1282,1.6311
1999-02-15,,,
1999-02-16,76.5801010131836,1.1189,1.6317
1999-02-17,76.5022201538086,1.123,1.6338
1999-02-18,77.10600280761719,1.1223,1.6338
1999-02-19,77.43708038330078,1.1075,1.6255
1999-02-22,79.50157928466797,1.1037,1.6238
1999-02-23,79.46260833740234,1.0993,1.6138
1999-02-24,78.06031036376953,1.0972,1.598
1999-02-25,77.3202133178711,1.1068,1.606
1999-02-26,77.00859069824219,1.0995,1.6027
1999-03-01,77.22286224365234,1.0891,1.6058
1999-03-02,76.54119110107422,1.0931,1.6135
1999-03-03,76.9501724243164,1.0888,1.6134
1999-03-04,77.92400360107422,1.0824,1.6065
1999-03-05,79.49183654785156,1.0843,1.6073
1999-03-08,80.00792694091797,1.0899,1.6085
1999-03-09,79.8131332397461,1.0873,1.6148
1999-03-10,80.51431274414062,1.0961,1.6267
1999-03-11,81.41022491455078,1.0932,1.627
1999-03-12,80.63121032714844,1.0936,1.6335
1999-03-15,81.78023529052734,1.093,1.6223
1999-03-16,81.46865844726562,1.0915,1.624
1999-03-17,81.11809539794922,1.1015,1.6302
1999-03-18,82.42298126220703,1.099,1.629
1999-03-19,81.02198791503906,1.0923,1.6303
1999-03-22,81.17819213867188,1.0915,1.628
1999-03-23,78.83535766601562,1.0918,1.6372
1999-03-24,79.28439331054688,1.0921,1.641
1999-03-25,80.90484619140625,1.0871,1.6314
1999-03-26,80.31912231445312,1.0743,1.6205
1999-03-29,81.93960571289062,1.0716,1.614
1999-03-30,81.51007080078125,1.0732,1.6115
1999-03-31,80.20197296142578,1.0808,1.614
1999-04-01,80.8072280883789,1.0782,1.6063
1999-04-02,,1.0782,1.6023
1999-04-05,82.72050476074219,1.0706,1.6015
1999-04-06,82.52526092529297,1.0838,1.592
1999-04-07,83.18909454345703,1.0784,1.5975
1999-04-08,84.24333190917969,1.0835,1.6083
1999-04-09,84.26286315917969,1.0786,1.6068
1999-04-12,85.16092681884766,1.0842,1.6127
1999-04-13,84.61429595947266,1.078,1.6135
1999-04-14,83.18909454345703,1.0779,1.6124
1999-04-15,82.87670135498047,1.0717,1.6103
1999-04-16,82.17382049560547,1.0688,1.6112
1999-04-19,80.90484619140625,1.0608,1.6075
1999-04-20,81.92003631591797,1.063,1.6135
1999-04-21,84.26286315917969,1.0612,1.6074
1999-04-22,85.0633544921875,1.0598,1.6117
1999-04-23,84.84857177734375,1.0634,1.617
1999-04-26,85.336669921875,1.059,1.6113
1999-04-27,85.7466049194336,1.0649,1.6177
1999-04-28,84.57525634765625,1.0616,1.6148
1999-04-29,83.93093872070312,1.0591,1.6105
1999-04-30,83.2476577758789,1.0564,1.6085
1999-05-03,84.77045440673828,1.0571,1.6083
1999-05-04,83.56000518798828,1.0593,1.621
1999-05-05,84.22382354736328,1.0724,1.6337
1999-05-06,83.70647430419922,1.0779,1.6377
1999-05-07,84.3409194946289,1.0781,1.635
1999-05-10,83.92119598388672,1.0787,1.63
1999-05-11,84.77045440673828,1.072,1.6215
1999-05-12,85.43429565429688,1.0666,1.6193
1999-05-13,85.80519104003906,1.0626,1.619
1999-05-14,83.57954406738281,1.065,1.6175
1999-05-17,83.83335876464844,1.0672,1.6193
1999-05-18,83.67716979980469,1.0672,1.6203
1999-05-19,84.2823715209961,1.0641,1.6175
1999-05-20,83.77473449707031,1.063,1.6122
1999-05-21,83.30619049072266,1.0577,1.602
1999-05-24,81.92003631591797,1.0593,1.5978
1999-05-25,80.59243774414062,1.0587,1.6021
1999-05-26,81.49053192138672,1.0471,1.5963
1999-05-27,80.31912231445312,1.0439,1.5957
1999-05-28,81.34413146972656,1.0422,1.602
1999-05-31,,,
1999-06-01,81.06103515625,1.0449,1.615
1999-06-02,81.13906860351562,1.0357,1.6075
1999-06-03,81.588134765625,1.0355,1.6055
1999-06-04,83.22811889648438,1.0327,1.6074
1999-06-07,83.44287872314453,1.0296,1.601
1999-06-08,82.6229019165039,1.0438,1.605
1999-06-09,82.5447998046875,1.045,1.6001
1999-06-10,81.78337860107422,1.0477,1.6002
1999-06-11,81.10009002685547,1.0516,1.6085
1999-06-14,81.17819213867188,1.0416,1.6075
1999-06-15,81.72483825683594,1.042,1.595
1999-06-16,83.2866439819336,1.0298,1.5862
1999-06-17,84.06763458251953,1.0329,1.5925
1999-06-18,84.1647720336914,1.0368,1.5924
1999-06-21,84.3605728149414,1.0323,1.589
1999-06-22,83.77307891845703,1.0323,1.5895
1999-06-23,83.36186218261719,1.0316,1.5787
1999-06-24,82.73524475097656,1.0372,1.5833
1999-06-25,82.52960205078125,1.0448,1.5893
1999-06-28,83.5381088256836,1.0373,1.5822
1999-06-29,84.32141876220703,1.0337,1.5781
1999-06-30,85.84883117675781,1.031,1.5765
1999-07-01,86.49505615234375,1.0236,1.5765
1999-07-02,87.35668182373047,1.0244,1.5792
1999-07-05,,,
1999-07-06,87.33705139160156,1.0249,1.5688
1999-07-07,87.45457458496094,1.0224,1.5602
1999-07-08,87.52311706542969,1.0198,1.5577
1999-07-09,88.04204559326172,1.0186,1.5515
1999-07-12,87.65037536621094,1.0139,1.5558
1999-07-13,87.33705139160156,1.0176,1.5566
1999-07-14,87.8266372680664,1.0215,1.5635
1999-07-15,88.38470458984375,1.022,1.5665
1999-07-16,88.864501953125,1.0203,1.5622
1999-07-19,88.27706909179688,1.0203,1.563
1999-07-20,86.46565246582031,1.042,1.57
1999-07-21,86.36775207519531,1.0526,1.5766
1999-07-22,85.23197174072266,1.0509,1.5835
1999-07-23,85.06556701660156,1.0497,1.578
1999-07-26,84.4389419555664,1.0651,1.5905
1999-07-27,85.14388275146484,1.0627,1.5895
1999-07-28,85.41802215576172,1.0644,1.5935
1999-07-29,84.22351837158203,1.0719,1.613
1999-07-30,83.18560791015625,1.0694,1.6207
1999-08-02,83.38147735595703,1.0661,1.6145
1999-08-03,82.98980712890625,1.068,1.6185
1999-08-04,81.85404205322266,1.0766,1.62
1999-08-05,82.59815216064453,1.0793,1.6198
1999-08-06,81.6973648071289,1.077,1.6147
1999-08-09,81.52112579345703,1.0694,1.6
1999-08-10,80.6203384399414,1.0752,1.618
1999-08-11,81.59944152832031,1.066,1.6107
1999-08-12,81.55052947998047,1.0636,1.609
1999-08-13,83.4402084350586,1.0568,1.6057
1999-08-16,83.81229400634766,1.0557,1.6011
1999-08-17,84.3605728149414,1.0525,1.6036
1999-08-18,83.75353240966797,1.0505,1.6004
1999-08-19,83.0681381225586,1.0643,1.618
1999-08-20,83.91018676757812,1.0654,1.6133
1999-08-23,85.51593780517578,1.0553,1.6076
1999-08-24,85.82921600341797,1.0506,1.5946
1999-08-25,86.71045684814453,1.0461,1.5865
1999-08-26,85.67259979248047,1.0441,1.5876
1999-08-27,84.63470458984375,1.046,1.5885
1999-08-30,83.0681381225586,1.0445,1.5875
1999-08-31,82.75482177734375,1.0581,1.6086
1999-09-01,83.77307891845703,1.0582,1.6023
1999-09-02,82.78419494628906,1.0689,1.6091
1999-09-03,85.20260620117188,1.0605,1.6028
1999-09-06,,,
1999-09-07,84.88927459716797,1.0581,1.6057
1999-09-08,84.47806549072266,1.059,1.6185
1999-09-09,84.4389419555664,1.0543,1.6332
1999-09-10,85.14388275146484,1.0402,1.6183
1999-09-13,84.56617736816406,1.04,1.609
1999-09-14,84.00808715820312,1.0408,1.6085
1999-09-15,82.676513671875,1.0385,1.611
1999-09-16,82.99958038330078,1.0418,1.625
1999-09-17,84.04832458496094,1.0399,1.6222
1999-09-20,83.93050384521484,1.0408,1.623
1999-09-21,82.16312408447266,1.046,1.631
1999-09-22,82.07475280761719,1.05,1.6363
1999-09-23,80.35647583007812,1.0415,1.6375
1999-09-24,80.2779312133789,1.0466,1.6428
1999-09-27,80.80811309814453,1.0431,1.6455
1999-09-28,80.65103912353516,1.0509,1.6485
1999-09-29,79.68880462646484,1.0613,1.6425
1999-09-30,80.90631103515625,1.0643,1.6457
1999-10-01,80.72958374023438,1.0718,1.655
1999-10-04,82.16312408447266,1.0703,1.6555
1999-10-05,82.08458709716797,1.0693,1.6525
1999-10-06,83.34135437011719,1.0704,1.656
1999-10-07,82.87006378173828,1.0721,1.652
1999-10-08,84.12684631347656,1.063,1.652
1999-10-11,83.98941040039062,,
1999-10-12,82.69332885742188,1.0737,1.6535
1999-10-13,80.55282592773438,1.0758,1.6532
1999-10-14,80.53321075439453,1.0799,1.6575
1999-10-15,78.47130584716797,1.0887,1.6684
1999-10-18,79.04075622558594,1.0863,1.672
1999-10-19,79.80660247802734,1.0833,1.6708
1999-10-20,80.59211730957031,1.0765,1.6643
1999-10-21,81.06340789794922,1.0808,1.6765
1999-10-22,81.75071716308594,1.0678,1.6584
1999-10-25,81.3383560180664,1.0666,1.6631
1999-10-26,80.31720733642578,1.0578,1.6525
1999-10-27,81.77037811279297,1.0532,1.6477
1999-10-28,84.55887603759766,1.0519,1.64
1999-10-29,86.09061431884766,1.0518,1.6425
1999-11-01,85.1872787475586,1.0494,1.6404
1999-11-02,84.5785140991211,1.0506,1.6445
1999-11-03,85.14798736572266,1.0485,1.644
1999-11-04,85.79603576660156,1.044,1.6375
1999-11-05,86.64047241210938,1.04,1.6205
1999-11-08,86.71900939941406,1.0363,1.615
1999-11-09,85.90406036376953,1.0401,1.621
1999-11-10,86.54228973388672,1.0436,1.625
1999-11-11,87.03319549560547,,
1999-11-12,87.8187255859375,1.0315,1.6131
1999-11-15,88.02488708496094,1.0315,1.623
1999-11-16,88.7613296508789,1.0312,1.6164
1999-11-17,88.99699401855469,1.0403,1.6231
1999-11-18,89.62538146972656,1.0297,1.615
1999-11-19,89.54680633544922,1.0313,1.616
1999-11-22,89.52713775634766,1.0327,1.6205
1999-11-23,88.74166870117188,1.0261,1.6236
1999-11-24,89.21296691894531,1.0176,1.609
1999-11-25,,,
1999-11-26,88.87913513183594,1.0137,1.6062
1999-11-29,88.56492614746094,1.01,1.6024
1999-11-30,87.5241470336914,1.0077,1.5935
1999-12-01,88.2311019897461,1.0059,1.596
1999-12-02,88.7613296508789,1.0023,1.5972
1999-12-03,90.3912124633789,1.0016,1.6015
1999-12-06,89.72354888916016,1.0252,1.623
1999-12-07,88.99699401855469,1.0222,1.6233
1999-12-08,88.427490234375,1.0263,1.6255
1999-12-09,88.85953521728516,1.0161,1.623
1999-12-10,89.15406036376953,1.0158,1.6225
1999-12-13,89.31114196777344,1.012,1.6232
1999-12-14,88.44711303710938,1.0067,1.611
1999-12-15,88.91842651367188,1.0066,1.6085
1999-12-16,89.31114196777344,1.0169,1.6123
1999-12-17,89.88468933105469,1.0088,1.607
1999-12-20,89.23506927490234,1.0066,1.6035
1999-12-21,90.59337615966797,1.0093,1.6103
1999-12-22,90.82967376708984,1.008,1.606
1999-12-23,92.27654266357422,1.0162,1.6161
1999-12-24,,1.0128,1.6154
1999-12-27,92.1485595703125,1.0136,1.6173
1999-12-28,92.08948516845703,1.0068,1.6165
1999-12-29,92.48324584960938,1.0045,1.6168
1999-12-30,92.37493896484375,1.0024,1.613
1999-12-31,92.52262115478516,1.007,1.615
2000-01-03,91.61705780029297,1.0155,1.627
2000-01-04,88.03427124023438,1.0309,1.637
2000-01-05,88.19174194335938,1.0335,1.6415
2000-01-06,86.7744140625,1.0324,1.6475
2000-01-07,91.81392669677734,1.0294,1.6384
2000-01-10,92.1288833618164,1.0252,1.6374
2000-01-11,91.0264663696289,1.0322,1.648
2000-01-12,90.12093353271484,1.0281,1.6465
2000-01-13,91.34146881103516,1.027,1.6482
2000-01-14,92.5816650390625,1.0128,1.6353
2000-01-17,,,
2000-01-18,91.85330200195312,1.0121,1.638
2000-01-19,92.60135650634766,1.0115,1.6438
2000-01-20,91.18395233154297,1.0133,1.6538
2000-01-21,90.98711395263672,1.01,1.6504
2000-01-24,88.4083023071289,1.0019,1.652
2000-01-25,89.41220092773438,1.0041,1.6482
2000-01-26,88.7035903930664,1.0011,1.6395
2000-01-27,88.34925079345703,0.989,1.6363
2000-01-28,85.59326934814453,0.9765,1.621
2000-01-31,87.91612243652344,0.9757,1.6182
2000-02-01,88.7823257446289,0.9731,1.615
2000-02-02,88.86106872558594,0.9768,1.606
2000-02-03,90.19969940185547,0.9887,1.6025
2000-02-04,89.82567596435547,0.976,1.5915
2000-02-07,89.68785858154297,0.9783,1.5917
2000-02-08,90.9083251953125,0.9862,1.6105
2000-02-09,88.99885559082031,0.9914,1.6115
2000-02-10,89.17606353759766,0.9865,1.6057
2000-02-11,87.36489868164062,0.9847,1.5923
2000-02-14,87.87675476074219,0.9783,1.589
2000-02-15,88.87092590332031,0.9834,1.595
2000-02-16,87.56179809570312,0.9842,1.604
2000-02-17,87.10908508300781,0.9863,1.605
2000-02-18,85.2388916015625,0.985,1.5984
2000-02-21,,,
2000-02-22,85.0223388671875,1.006,1.6165
2000-02-23,86.02630615234375,1.0017,1.6047
2000-02-24,84.29402923583984,0.9931,1.5981
2000-02-25,83.98885345458984,0.9763,1.5908
2000-02-28,85.75074768066406,0.9669,1.5935
2000-02-29,86.57752227783203,0.9643,1.578
2000-03-01,87.20745086669922,0.97,1.5849
2000-03-02,87.26654815673828,0.9619,1.5765
2000-03-03,88.90045166015625,0.9618,1.581
2000-03-06,88.03427124023438,0.9603,1.5732
2000-03-07,86.3314437866211,0.956,1.5772
2000-03-08,86.22320556640625,0.9576,1.5855
2000-03-09,88.74295043945312,0.9684,1.5815
2000-03-10,88.27047729492188,0.9659,1.5793
2000-03-13,87.30590057373047,0.9648,1.5782
2000-03-14,86.065673828125,0.9644,1.5725
2000-03-15,88.07366180419922,0.9696,1.573
2000-03-16,92.1879653930664,0.971,1.5747
2000-03-17,92.79724884033203,0.9694,1.5705
2000-03-20,92.32355499267578,0.971,1.5686
2000-03-21,94.21818542480469,0.9703,1.5725
2000-03-22,94.79055786132812,0.9608,1.5705
2000-03-23,96.40885925292969,0.9691,1.583
2000-03-24,96.9812240600586,0.9724,1.591
2000-03-27,95.95487213134766,0.9645,1.5855
2000-03-28,95.40234375,0.9614,1.5872
2000-03-29,95.50104522705078,0.9524,1.587
2000-03-30,93.9024429321289,0.9594,1.5922
2000-03-31,94.96813201904297,0.9574,1.5922
2000-04-03,95.52079010009766,0.956,1.598
2000-04-04,94.81025695800781,0.9588,1.5965
2000-04-05,94.21818542480469,0.9647,1.59
2000-04-06,95.03718566894531,0.958,1.58
2000-04-07,95.63916778564453,0.959,1.583
2000-04-10,95.26421356201172,0.9588,1.5828
2000-04-11,94.9878921508789,0.9591,1.5873
2000-04-12,92.38275146484375,0.9551,1.5882
2000-04-13,91.09989929199219,0.9524,1.5881
2000-04-14,85.8897705078125,0.9564,1.586
2000-04-17,88.88955688476562,0.955,1.5853
2000-04-18,91.23812103271484,0.9477,1.5764
2000-04-19,90.38946533203125,0.9369,1.5777
2000-04-20,90.82362365722656,0.9376,1.5801
2000-04-21,,0.9379,1.5785
2000-04-24,89.83690643310547,0.9396,1.58
2000-04-25,93.5669174194336,0.9265,1.5787
2000-04-26,92.51107788085938,0.9217,1.5795
2000-04-27,92.20513916015625,0.9083,1.5748
2000-04-28,91.63282012939453,0.9089,1.556
2000-05-01,92.87617492675781,0.912,1.5558
2000-05-02,91.02103424072266,0.9068,1.559
2000-05-03,88.88955688476562,0.8891,1.5605
2000-05-04,89.56055450439453,0.8907,1.5435
2000-05-05,90.64604949951172,0.8953,1.5288
2000-05-08,89.96512603759766,0.895,1.531
2000-05-09,89.24481201171875,0.9023,1.5315
2000-05-10,87.23178100585938,0.9097,1.5153
2000-05-11,89.22504425048828,0.9021,1.4997
2000-05-12,90.1921157836914,0.908,1.5172
2000-05-15,91.75120544433594,0.9138,1.5075
2000-05-16,92.63933563232422,0.9053,1.5008
2000-05-17,91.67230987548828,0.8921,1.4905
2000-05-18,90.54733276367188,0.8952,1.4818
2000-05-19,89.12639617919922,0.8946,1.4855
2000-05-22,88.45536804199219,0.9036,1.4907
2000-05-23,87.15282440185547,0.9032,1.4728
2000-05-24,88.57378387451172,0.9096,1.4755
2000-05-25,87.05413055419922,0.9072,1.4705
2000-05-26,87.15282440185547,0.931,1.4875
2000-05-29,,,
2000-05-30,89.9947738647461,0.9314,1.495
2000-05-31,90.1921157836914,0.9328,1.4968
2000-06-01,91.77095031738281,0.9307,1.4915
2000-06-02,93.36957550048828,0.9432,1.5079
2000-06-05,92.91564178466797,0.9471,1.5135
2000-06-06,92.50119018554688,0.957,1.5235
2000-06-07,93.1426010131836,0.96,1.5225
2000-06-08,92.7774658203125,0.9548,1.506
2000-06-09,92.58013153076172,0.9526,1.5079
2000-06-12,91.49467468261719,0.9544,1.512
2000-06-13,93.21162414550781,0.9619,1.513
2000-06-14,93.36957550048828,0.959,1.5023
2000-06-15,93.5669174194336,0.953,1.5103
2000-06-16,92.79808807373047,0.9648,1.5165
2000-06-19,93.98503875732422,0.9622,1.5154
2000-06-20,93.64871215820312,0.9557,1.51
2000-06-21,93.60916137695312,0.9455,1.497
2000-06-22,92.18485260009766,0.9398,1.511
2000-06-23,91.3935775756836,0.9358,1.501
2000-06-26,92.57064056396484,0.9382,1.499
2000-06-27,91.88816833496094,0.9444,1.5
2000-06-28,92.14527893066406,0.9444,1.5107
2000-06-29,91.27490997314453,0.9515,1.5194
2000-06-30,91.96721649169922,0.9545,1.513
2000-07-03,93.23329162597656,0.9526,1.5135
2000-07-04,,,
2000-07-05,91.55182647705078,0.9548,1.512
2000-07-06,92.26399230957031,0.9527,1.512
2000-07-07,93.74765014648438,0.9484,1.5143
2000-07-10,93.58939361572266,0.9521,1.5137
2000-07-11,93.7872085571289,0.9497,1.514
2000-07-12,94.40044403076172,0.9401,1.5068
2000-07-13,94.81587219238281,0.9339,1.499
2000-07-14,95.74569702148438,0.9374,1.499
2000-07-17,95.5873794555664,0.9351,1.492
2000-07-18,94.80599975585938,0.9322,1.4945
2000-07-19,94.04435729980469,0.9237,1.4942
2000-07-20,95.35000610351562,0.9292,1.5094
2000-07-21,93.490478515625,0.9343,1.5167
2000-07-24,92.95638275146484,0.9314,1.514
2000-07-25,93.25309753417969,0.9391,1.519
2000-07-26,92.34310913085938,0.9413,1.5154
2000-07-27,92.026611328125,0.9331,1.5116
2000-07-28,89.949462890625,0.9246,1.5025
2000-07-31,90.52317810058594,0.9266,1.4983
2000-08-01,91.07703399658203,0.9228,1.4992
2000-08-02,91.53204345703125,0.9137,1.4926
2000-08-03,92.1650619506836,0.9042,1.4947
2000-08-04,92.65960693359375,0.9075,1.5022
2000-08-07,93.76737976074219,0.9105,1.507
2000-08-08,94.12352752685547,0.9019,1.5022
2000-08-09,93.3321762084961,0.8991,1.4992
2000-08-10,92.87721252441406,0.9077,1.498
2000-08-11,93.31246185302734,0.9046,1.504
2000-08-14,94.49932861328125,0.9037,1.506
2000-08-15,94.42028045654297,0.9135,1.5056
2000-08-16,94.08393096923828,0.9143,1.4988
2000-08-17,95.07303619384766,0.9152,1.4992
2000-08-18,94.75652313232422,0.9068,1.4895
2000-08-21,95.2708740234375,0.9027,1.49
2000-08-22,95.11265563964844,0.8965,1.4797
2000-08-23,95.48849487304688,0.8967,1.4813
2000-08-24,95.78524017333984,0.9028,1.4806
2000-08-25,95.74569702148438,0.9024,1.4745
2000-08-28,96.0720443725586,0.9002,1.4716
2000-08-29,96.09182739257812,0.8966,1.4616
2000-08-30,95.1719741821289,0.8924,1.456
2000-08-31,96.43802642822266,0.8878,1.4515
2000-09-01,96.53693389892578,0.8993,1.4605
2000-09-04,,,
2000-09-05,95.76544952392578,0.8876,1.4522
2000-09-06,94.67740631103516,0.8702,1.4455
2000-09-07,95.48849487304688,0.874,1.438
2000-09-08,94.8356704711914,0.8664,1.4196
2000-09-11,94.69715881347656,0.8624,1.4123
2000-09-12,94.00482177734375,0.8596,1.402
2000-09-13,94.25208282470703,0.864,1.4125
2000-09-14,94.72684478759766,0.8617,1.406
2000-09-15,92.65438079833984,0.8572,1.4005
2000-09-18,91.8016128540039,0.8523,1.4015
2000-09-19,92.63452911376953,0.8514,1.408
2000-09-20,91.95037841796875,0.8462,1.4107
2000-09-21,90.55220794677734,0.8558,1.428
2000-09-22,92.19831085205078,0.8793,1.4568
2000-09-25,91.54381561279297,0.8738,1.454
2000-09-26,90.37374877929688,0.8815,1.46
2000-09-27,90.8497314453125,0.8805,1.4607
2000-09-28,92.01982879638672,0.8826,1.4635
2000-09-29,91.14717864990234,0.8837,1.4787
2000-10-02,91.2860107421875,0.8806,1.4675
2000-10-03,90.43327331542969,0.8741,1.4565
2000-10-04,91.1868896484375,0.8726,1.4558
2000-10-05,91.50421905517578,0.8685,1.4502
2000-10-06,89.5210189819336,0.868,1.4445
2000-10-09,88.84671783447266,,
2000-10-10,87.37918090820312,0.8682,1.4484
2000-10-11,86.64533996582031,0.8715,1.462
2000-10-12,84.48371124267578,0.8644,1.4735
2000-10-13,87.29985809326172,0.8568,1.4597
2000-10-16,87.69648742675781,0.8489,1.4455
2000-10-17,85.5149917602539,0.8507,1.4426
2000-10-18,85.19764709472656,0.8391,1.4464
2000-10-19,88.410400390625,0.8406,1.4422
2000-10-20,88.78728485107422,0.84,1.4448
2000-10-23,89.18387603759766,0.8364,1.455
2000-10-24,88.58892059326172,0.8364,1.449
2000-10-25,86.50657653808594,0.827,1.4335
2000-10-26,86.7445297241211,0.8271,1.4313
2000-10-27,88.39061737060547,0.8406,1.4517
2000-10-30,89.18387603759766,0.8432,1.453
2000-10-31,90.72084045410156,0.8486,1.4505
2000-11-01,90.41342163085938,0.8584,1.4452
2000-11-02,90.56220245361328,0.8594,1.444
2000-11-03,90.61174011230469,0.8614,1.4484
2000-11-06,91.24640655517578,0.8584,1.432
2000-11-07,91.22655487060547,0.8583,1.431
2000-11-08,89.20366668701172,0.8559,1.4236
2000-11-09,88.8665542602539,0.8574,1.4242
2000-11-10,86.70488739013672,0.8625,1.4305
2000-11-13,86.03056335449219,0.8607,1.4388
2000-11-14,88.2913818359375,0.8573,1.4306
2000-11-15,88.5690689086914,0.857,1.4257
2000-11-16,87.18085479736328,0.8532,1.4228
2000-11-17,86.71479797363281,0.8516,1.423
2000-11-20,85.47528839111328,0.8486,1.4222
2000-11-21,85.91159057617188,0.8458,1.416
2000-11-22,83.85903930664062,0.8423,1.4077
2000-11-23,,,
2000-11-24,85.574462890625,0.8382,1.3997
2000-11-27,86.32809448242188,0.85,1.4155
2000-11-28,84.84065246582031,0.8547,1.4182
2000-11-29,84.6820068359375,0.8577,1.4209
2000-11-30,83.94827270507812,0.8694,1.421
2000-12-01,83.9085922241211,0.8765,1.4373
2000-12-04,84.62249755859375,0.8875,1.4523
2000-12-05,87.39896392822266,0.8804,1.441
2000-12-06,86.00084686279297,0.8877,1.4365
2000-12-07,84.82086181640625,0.8891,1.44
2000-12-08,85.01917266845703,0.8838,1.4442
2000-12-11,87.97415924072266,0.8771,1.4554
2000-12-12,87.59730529785156,0.8775,1.448
2000-12-13,86.39749908447266,0.8755,1.451
2000-12-14,85.29683685302734,0.8858,1.4665
2000-12-15,83.37024688720703,0.8981,1.4763
2000-12-18,84.48422241210938,0.8929,1.4677
2000-12-19,82.76351928710938,0.8902,1.462
2000-12-20,80.366455078125,0.9058,1.4737
2000-12-21,80.9234390258789,0.9112,1.4707
2000-12-22,83.35033416748047,0.923,1.4783
2000-12-25,,,
2000-12-26,84.24552917480469,0.9292,1.48
2000-12-27,84.86219787597656,0.9304,1.4912
2000-12-28,85.12078857421875,0.9257,1.4907
2000-12-29,83.50950622558594,0.9388,1.4955
2001-01-01,,,
2001-01-02,81.99762725830078,0.9465,1.4977
2001-01-03,85.93637084960938,0.9473,1.5045
2001-01-04,85.01138305664062,0.9448,1.493
2001-01-05,82.23640441894531,0.9535,1.499
2001-01-08,82.87293243408203,0.9486,1.4969
2001-01-09,82.65411376953125,0.9397,1.49
2001-01-10,84.10631561279297,0.9387,1.491
2001-01-11,84.18583679199219,0.952,1.4965
2001-01-12,84.02667999267578,0.9486,1.4778
2001-01-15,,,
2001-01-16,84.56380462646484,0.9374,1.4675
2001-01-17,84.95172119140625,0.9306,1.4723
2001-01-18,85.79715728759766,0.9446,1.4755
2001-01-19,85.30978393554688,0.9363,1.4683
2001-01-22,85.8767318725586,0.9374,1.465
2001-01-23,86.55305480957031,0.9389,1.4715
2001-01-24,86.8116683959961,0.9258,1.4616
2001-01-25,86.59283447265625,0.9219,1.4605
2001-01-26,86.4934310913086,0.9213,1.459
2001-01-29,86.95491790771484,0.9181,1.457
2001-01-30,87.71881103515625,0.9264,1.4615
2001-01-31,87.22225952148438,0.9308,1.4613
2001-02-01,87.801513671875,0.9384,1.4775
2001-02-02,85.80908966064453,0.9357,1.4692
2001-02-05,86.43927001953125,0.9395,1.475
2001-02-06,86.18470001220703,0.9304,1.4585
2001-02-07,85.73906707763672,0.9331,1.4633
2001-02-08,84.73965454101562,0.9184,1.444
2001-02-09,83.92484283447266,0.9267,1.449
2001-02-12,84.88607025146484,0.9287,1.4513
2001-02-13,84.19219970703125,0.9204,1.451
2001-02-14,84.06490325927734,0.9197,1.4578
2001-02-15,84.87971496582031,0.9057,1.449
2001-02-16,83.00820922851562,0.9162,1.4505
2001-02-19,,,
2001-02-20,81.72869873046875,0.9096,1.4436
2001-02-21,79.96540832519531,0.9077,1.4385
2001-02-22,80.08634948730469,0.9069,1.4447
2001-02-23,79.54529571533203,0.9095,1.447
2001-02-26,81.23854064941406,0.9093,1.444
2001-02-27,80.48739624023438,0.9128,1.4405
2001-02-28,78.90232849121094,0.9212,1.4433
2001-03-01,79.31609344482422,0.9291,1.4553
2001-03-02,78.6858901977539,0.934,1.4725
2001-03-05,79.40524291992188,0.9289,1.4687
2001-03-06,80.25823211669922,0.9313,1.4655
2001-03-07,80.83114624023438,0.9274,1.4612
2001-03-08,80.92024993896484,0.9281,1.4667
2001-03-09,78.52676391601562,0.9315,1.4675
2001-03-12,75.16569519042969,0.93,1.467
2001-03-13,76.40068817138672,0.9148,1.4513
2001-03-14,74.89200592041016,0.9133,1.4497
2001-03-15,74.91109466552734,0.9046,1.4436
2001-03-16,73.4085922241211,0.8929,1.4265
2001-03-19,74.90211486816406,0.8985,1.4237
2001-03-20,72.89154815673828,0.9054,1.4285
2001-03-21,71.6533203125,0.897,1.431
2001-03-22,70.92569732666016,0.8881,1.4223
2001-03-23,73.07026672363281,0.8926,1.4292
2001-03-26,74.00214385986328,0.8955,1.4345
2001-03-27,75.51490020751953,0.891,1.429
2001-03-28,73.42770385742188,0.8882,1.4352
2001-03-29,73.70854949951172,0.8807,1.4302
2001-03-30,74.48084259033203,0.8794,1.419
2001-04-02,72.89154815673828,0.8824,1.42
2001-04-03,70.4596939086914,0.893,1.4305
2001-04-04,70.75336456298828,0.9013,1.435
2001-04-05,73.4341049194336,0.8976,1.4266
2001-04-06,72.31713104248047,0.9002,1.4383
2001-04-09,73.12132263183594,0.9014,1.447
2001-04-10,74.45531463623047,0.8884,1.436
2001-04-11,74.50638580322266,0.8856,1.434
2001-04-12,75.85956573486328,0.8922,1.4391
2001-04-13,,0.8888,1.4354
2001-04-16,75.06170654296875,0.8862,1.436
2001-04-17,76.12124633789062,0.8814,1.4287
2001-04-18,79.146728515625,0.8816,1.4257
2001-04-19,80.1998519897461,0.8909,1.4366
2001-04-20,79.46585845947266,0.9032,1.4428
2001-04-23,78.02330017089844,0.896,1.4377
2001-04-24,77.60208129882812,0.8946,1.4365
2001-04-25,78.61695098876953,0.8972,1.4397
2001-04-26,78.96797943115234,0.9011,1.4378
2001-04-27,80.28286743164062,0.8924,1.4362
2001-04-30,80.84454345703125,0.8874,1.4306
2001-05-01,81.09345245361328,0.8937,1.434
2001-05-02,80.94666290283203,0.8925,1.4345
2001-05-03,79.91903686523438,0.8891,1.4322
2001-05-04,81.27857208251953,0.8934,1.4362
2001-05-07,80.57644653320312,0.8916,1.44
2001-05-08,80.53813934326172,0.8848,1.4315
2001-05-09,80.1998519897461,0.8845,1.4209
2001-05-10,80.43605041503906,0.8792,1.4186
2001-05-11,79.88072204589844,0.8759,1.4177
2001-05-14,80.04032135009766,0.8748,1.4176
2001-05-15,80.41056823730469,0.8788,1.4236
2001-05-16,82.30615997314453,0.8842,1.4293
2001-05-17,82.43384552001953,0.8828,1.431
2001-05-18,82.81043243408203,0.8774,1.4333
2001-05-21,84.02952575683594,0.8762,1.438
2001-05-22,83.92101287841797,0.8657,1.4278
2001-05-23,82.49769592285156,0.8598,1.4245
2001-05-24,82.740234375,0.857,1.4103
2001-05-25,81.76366424560547,0.8577,1.4207
2001-05-28,,,
2001-05-29,81.11260986328125,0.8547,1.4187
2001-05-30,79.97645568847656,0.8576,1.4251
2001-05-31,80.39134216308594,0.8455,1.4175
2001-06-01,80.88923645019531,0.8452,1.416
2001-06-04,81.27857208251953,0.8449,1.4123
2001-06-05,82.21041870117188,0.8504,1.4113
2001-06-06,81.52752685546875,0.8452,1.3906
2001-06-07,81.82109832763672,0.8506,1.39
2001-06-08,81.06156921386719,0.8505,1.3817
2001-06-11,80.4870834350586,0.8425,1.373
2001-06-12,80.3466796875,0.8479,1.3781
2001-06-13,79.65733337402344,0.8536,1.3909
2001-06-14,77.87017059326172,0.8598,1.4005
2001-06-15,77.9955825805664,0.8628,1.4056
2001-06-18,77.61795806884766,0.861,1.4034
2001-06-19,77.95719909667969,0.8558,1.4008
2001-06-20,78.36688995361328,0.8506,1.3952
2001-06-21,79.25660705566406,0.8544,1.4167
2001-06-22,78.63570404052734,0.857,1.414
2001-06-25,77.91242218017578,0.8611,1.413
2001-06-26,77.80357360839844,0.8623,1.4154
2001-06-27,77.75877380371094,0.8621,1.419
2001-06-28,78.18760681152344,0.847,1.407
2001-06-29,78.47566223144531,0.8474,1.4077
2001-07-02,79.45500946044922,0.8455,1.4168
2001-07-03,79.43579864501953,0.8477,1.4058
2001-07-04,,,
2001-07-05,77.88678741455078,0.837,1.3998
2001-07-06,76.2033462524414,0.8465,1.4106
2001-07-09,76.61936950683594,0.8474,1.4081
2001-07-10,75.6976547241211,0.8557,1.4098
2001-07-11,75.77448272705078,0.8614,1.4121
2001-07-12,77.57315826416016,0.853,1.4065
2001-07-13,78.24523162841797,0.8527,1.3995
2001-07-16,77.26589965820312,0.8549,1.4011
2001-07-17,77.98920440673828,0.8549,1.4037
2001-07-18,77.45794677734375,0.8701,1.416
2001-07-19,78.13641357421875,0.869,1.419
2001-07-20,77.66912841796875,0.8713,1.429
2001-07-23,76.13934326171875,0.8676,1.4185
2001-07-24,75.40322875976562,0.8752,1.4223
2001-07-25,76.23529815673828,0.8797,1.428
2001-07-26,77.03548431396484,0.8765,1.4265
2001-07-27,77.32989501953125,0.8749,1.4256
2001-07-30,77.35549926757812,0.875,1.426
2001-07-31,77.6755599975586,0.8752,1.4252
2001-08-01,78.16201782226562,0.8793,1.433
2001-08-02,78.4820556640625,0.8813,1.4295
2001-08-03,78.05323028564453,0.8843,1.4268
2001-08-06,77.00346374511719,0.8802,1.4175
2001-08-07,77.3043212890625,0.8775,1.4169
2001-08-08,75.87046813964844,0.8778,1.4135
2001-08-09,76.09454345703125,0.8886,1.4218
2001-08-10,76.35694885253906,0.894,1.4273
2001-08-13,76.37618255615234,0.8983,1.4217
2001-08-14,76.34416198730469,0.9025,1.4285
2001-08-15,75.68486785888672,0.9114,1.4379
2001-08-16,75.94730377197266,0.9138,1.4438
2001-08-17,74.7311019897461,0.9165,1.4465
2001-08-20,75.42239379882812,0.9127,1.4445
2001-08-21,74.13582611083984,0.9115,1.4468
2001-08-22,74.90392303466797,0.9194,1.4538
2001-08-23,74.63509368896484,0.9166,1.4478
2001-08-24,76.18414306640625,0.9116,1.4443
2001-08-27,75.72966766357422,0.9098,1.443
2001-08-28,74.62229919433594,0.9102,1.4501
2001-08-29,73.95660400390625,0.9097,1.4515
2001-08-30,72.53559875488281,0.9154,1.4577
2001-08-31,73.06687927246094,0.909,1.451
2001-09-03,,,
2001-09-04,72.59955596923828,0.8868,1.4444
2001-09-05,72.77881622314453,0.8897,1.4553
2001-09-06,70.90335845947266,0.8943,1.4561
2001-09-07,69.59119415283203,0.9044,1.4626
2001-09-10,70.44248962402344,0.8988,1.4585
2001-09-11,,,
2001-09-12,,0.9069,1.4666
2001-09-13,,0.9089,1.4697
2001-09-14,,0.9199,1.4678
2001-09-17,66.76194763183594,0.9198,1.4661
2001-09-18,66.60193634033203,0.9233,1.4635
2001-09-19,65.25773620605469,0.931,1.4714
2001-09-20,63.18380355834961,0.9255,1.4642
2001-09-21,62.5020866394043,0.9099,1.4547
2001-09-24,64.699462890625,0.9135,1.4616
2001-09-25,65.37407684326172,0.9222,1.4692
2001-09-26,65.14276885986328,0.9231,1.4745
2001-09-27,65.70818328857422,0.9181,1.4733
2001-09-28,67.10240173339844,0.9099,1.4691
2001-10-01,66.99315643310547,0.9159,1.4785
2001-10-02,67.83485412597656,0.9149,1.4618
2001-10-03,68.97206115722656,0.9181,1.4756
2001-10-04,69.02985382080078,0.9141,1.4774
2001-10-05,68.89495086669922,0.9168,1.4795
2001-10-08,68.44522094726562,,
2001-10-09,68.07902526855469,0.915,1.4605
2001-10-10,69.59529113769531,0.9118,1.449
2001-10-11,70.67467498779297,0.9008,1.4415
2001-10-12,70.3534164428711,0.9078,1.4518
2001-10-15,70.22493743896484,0.9077,1.447
2001-10-16,70.66822814941406,0.9094,1.4478
2001-10-17,69.16480255126953,0.9065,1.4505
2001-10-18,69.01702117919922,0.9025,1.444
2001-10-19,68.97206115722656,0.8987,1.4372
2001-10-22,70.33416748046875,0.8906,1.4265
2001-10-23,69.97433471679688,0.8893,1.4214
2001-10-24,69.78804779052734,0.8925,1.4263
2001-10-25,71.04090118408203,0.8965,1.4306
2001-10-26,70.88026428222656,0.8921,1.4348
2001-10-29,69.03631591796875,0.9037,1.4525
2001-10-30,68.20747375488281,0.906,1.4546
2001-10-31,67.97618103027344,0.8993,1.4534
2001-11-01,69.71734619140625,0.9044,1.462
2001-11-02,70.19279479980469,0.9037,1.4615
2001-11-05,71.11156463623047,0.8963,1.457
2001-11-06,72.21669006347656,0.8975,1.4591
2001-11-07,72.12027740478516,0.8999,1.465
2001-11-08,72.34519958496094,0.891,1.454
2001-11-09,72.4222640991211,0.8935,1.4574
2001-11-12,71.97895050048828,,
2001-11-13,73.59805297851562,0.8811,1.4425
2001-11-14,73.668701171875,0.8829,1.4429
2001-11-15,73.80365753173828,0.8813,1.431
2001-11-16,73.47598266601562,0.8849,1.4278
2001-11-19,74.38191986083984,0.8781,1.4107
2001-11-20,73.75867462158203,0.8832,1.418
2001-11-21,73.27037811279297,0.8781,1.4154
2001-11-22,,,
2001-11-23,74.32402801513672,0.877,1.4095
2001-11-26,74.48468017578125,0.8811,1.4125
2001-11-27,74.16341400146484,0.8812,1.4137
2001-11-28,72.82058715820312,0.8863,1.4235
2001-11-29,73.80365753173828,0.8879,1.4232
2001-11-30,73.27678680419922,0.8958,1.4255
2001-12-03,72.83988189697266,0.8897,1.4217
2001-12-04,74.07347869873047,0.8898,1.4216
2001-12-05,75.42911529541016,0.8856,1.4164
2001-12-06,75.39061737060547,0.8916,1.425
2001-12-07,74.88945007324219,0.8905,1.4315
2001-12-10,73.48880767822266,0.8884,1.4342
2001-12-11,73.34103393554688,0.8904,1.4365
2001-12-12,73.42455291748047,0.8945,1.444
2001-12-13,71.99819946289062,0.8976,1.4454
2001-12-14,72.6856689453125,0.9044,1.4547
2001-12-17,73.43743133544922,0.904,1.4588
2001-12-18,73.87430572509766,0.9019,1.4565
2001-12-19,74.39470672607422,0.8997,1.4508
2001-12-20,73.66230773925781,0.8972,1.4464
2001-12-21,74.10903930664062,0.8864,1.4385
2001-12-24,73.96723937988281,0.8773,1.4385
2001-12-25,,,
2001-12-26,74.37340545654297,0.8778,1.449
2001-12-27,74.82464599609375,0.8843,1.454
2001-12-28,74.78600311279297,0.8822,1.4475
2001-12-31,73.69002532958984,0.8901,1.4543
2002-01-01,,,
2002-01-02,74.48301696777344,0.9031,1.4451
2002-01-03,75.32759094238281,0.8992,1.44
2002-01-04,75.8304443359375,0.8946,1.4455
2002-01-07,75.2953109741211,0.8931,1.4385
2002-01-08,75.12124633789062,0.8925,1.4426
2002-01-09,74.5087661743164,0.8882,1.4373
2002-01-10,74.83760070800781,0.8925,1.4433
2002-01-11,74.10261535644531,0.8905,1.4448
2002-01-14,73.6384506225586,0.8935,1.4482
2002-01-15,74.23800659179688,0.8913,1.445
2002-01-16,72.73584747314453,0.8834,1.4375
2002-01-17,73.2838134765625,0.88,1.4348
2002-01-18,72.9486083984375,0.8844,1.4365
2002-01-21,,,
2002-01-22,72.44573974609375,0.8838,1.4295
2002-01-23,73.00012969970703,0.8836,1.4273
2002-01-24,73.225830078125,0.8782,1.4229
2002-01-25,73.20648956298828,0.8655,1.4096
2002-01-28,73.40633392333984,0.8605,1.4074
2002-01-29,71.0982894897461,0.8643,1.4132
2002-01-30,72.12337493896484,0.8648,1.416
2002-01-31,72.96794128417969,0.8594,1.412
2002-02-01,72.62625885009766,0.8613,1.4158
2002-02-04,70.82103729248047,0.8685,1.4197
2002-02-05,70.3826675415039,0.8672,1.417
2002-02-06,70.07964324951172,0.8693,1.4138
2002-02-07,69.64124298095703,0.869,1.4117
2002-02-08,70.97578430175781,0.8727,1.4176
2002-02-11,71.84614562988281,0.8778,1.4237
2002-02-12,71.62049102783203,0.8768,1.4322
2002-02-13,72.3812484741211,0.873,1.4298
2002-02-14,72.24584197998047,0.8713,1.4285
2002-02-15,71.49153137207031,0.873,1.4315
2002-02-18,,,
2002-02-19,70.11831665039062,0.8764,1.4302
2002-02-20,71.29815673828125,0.8705,1.4269
2002-02-21,69.82177734375,0.8712,1.4253
2002-02-22,70.68563079833984,0.8757,1.4301
2002-02-25,71.85257720947266,0.8713,1.4263
2002-02-26,71.70426940917969,0.8682,1.4225
2002-02-27,71.9815673828125,0.8642,1.4165
2002-02-28,71.65916442871094,0.8658,1.4129
2002-03-01,73.32898712158203,0.8652,1.419
2002-03-04,74.62482452392578,0.8705,1.4228
2002-03-05,74.38629913330078,0.8699,1.4212
2002-03-06,75.26954650878906,0.8772,1.4238
2002-03-07,75.10838317871094,0.8795,1.4245
2002-03-08,75.42426300048828,0.8752,1.4227
2002-03-11,75.58541107177734,0.8768,1.422
2002-03-12,75.54032135009766,0.8759,1.4146
2002-03-13,74.81181335449219,0.877,1.4157
2002-03-14,74.70865631103516,0.8816,1.42
2002-03-15,75.42045593261719,0.8823,1.4238
2002-03-18,75.43345642089844,0.8826,1.4256
2002-03-19,75.93773651123047,0.8805,1.4213
2002-03-20,74.50885772705078,0.8836,1.426
2002-03-21,74.54119110107422,0.8836,1.4287
2002-03-22,74.3795166015625,0.8791,1.4263
2002-03-25,73.45500946044922,0.8768,1.4255
2002-03-26,73.88168334960938,0.8767,1.427
2002-03-27,74.07567596435547,0.8726,1.4238
2002-03-28,74.04332733154297,0.8711,1.4242
2002-03-29,,0.8717,1.425
2002-04-01,74.07567596435547,0.8806,1.4407
2002-04-02,73.66835021972656,0.8782,1.4358
2002-04-03,73.15106964111328,0.8804,1.435
2002-04-04,72.84723663330078,0.8779,1.4349
2002-04-05,72.86014556884766,0.8805,1.435
2002-04-08,73.01530456542969,0.875,1.431
2002-04-09,72.50452423095703,0.8793,1.4345
2002-04-10,73.32566833496094,0.8794,1.4365
2002-04-11,71.50237274169922,0.8829,1.4382
2002-04-12,72.03903198242188,0.8792,1.4371
2002-04-15,71.48944854736328,0.8802,1.4372
2002-04-16,73.18987274169922,0.883,1.4396
2002-04-17,73.03471374511719,0.8885,1.4438
2002-04-18,72.71790313720703,0.8898,1.4479
2002-04-19,72.9830093383789,0.8893,1.4472
2002-04-22,71.76746368408203,0.8877,1.4488
2002-04-23,71.4571304321289,0.8897,1.4486
2002-04-24,70.73943328857422,0.8915,1.448
2002-04-25,70.77824401855469,0.8978,1.454
2002-04-26,69.43338775634766,0.898,1.4545
2002-04-29,69.09075927734375,0.9028,1.4592
2002-04-30,69.73729705810547,0.9002,1.4565
2002-05-01,70.59071350097656,0.9062,1.4621
2002-05-02,70.31919860839844,0.9032,1.4645
2002-05-03,69.55624389648438,0.9133,1.4664
2002-05-06,68.19200134277344,0.9166,1.4676
2002-05-07,67.95281219482422,0.9148,1.4675
2002-05-08,70.48084259033203,0.904,1.4533
2002-05-09,69.6661605834961,0.9088,1.4585
2002-05-10,68.3536376953125,0.9116,1.4606
2002-05-13,69.74378967285156,0.9107,1.4588
2002-05-14,71.26313018798828,0.9022,1.4474
2002-05-15,70.98511505126953,0.9074,1.4558
2002-05-16,71.35367584228516,0.9105,1.4567
2002-05-17,71.70280456542969,0.9206,1.4602
2002-05-20,70.92695617675781,0.9213,1.4588
2002-05-21,70.28038787841797,0.9191,1.4568
2002-05-22,70.43558502197266,0.9265,1.4589
2002-05-23,71.18559265136719,0.9233,1.4545
2002-05-24,70.27388000488281,0.922,1.4577
2002-05-27,,,
2002-05-28,69.8924560546875,0.9285,1.4618
2002-05-29,69.37523651123047,0.9313,1.46
2002-05-30,69.18123626708984,0.9373,1.4655
2002-05-31,69.323486328125,0.9339,1.4625
2002-06-03,67.48078155517578,0.939,1.4622
2002-06-04,67.64894104003906,0.9424,1.4605
2002-06-05,68.28254699707031,0.9391,1.4574
2002-06-06,66.8924560546875,0.9457,1.4593
2002-06-07,66.81486511230469,0.9449,1.4604
2002-06-10,67.07347106933594,0.9446,1.461
2002-06-11,65.922607421875,0.9445,1.4686
2002-06-12,66.32347869873047,0.9473,1.4705
2002-06-13,65.65751647949219,0.944,1.4709
2002-06-14,65.5605697631836,0.9448,1.4735
2002-06-17,67.3191909790039,0.9442,1.4782
2002-06-18,67.86874389648438,0.9483,1.4868
2002-06-19,66.28466796875,0.9544,1.4873
2002-06-20,65.43771362304688,0.9646,1.4982
2002-06-21,64.4145278930664,0.9705,1.4987
2002-06-24,64.75191497802734,0.9786,1.5056
2002-06-25,63.2985725402832,0.9692,1.4999
2002-06-26,63.40235137939453,0.9825,1.5217
2002-06-27,64.51183319091797,0.9885,1.5285
2002-06-28,64.20691680908203,0.9856,1.5245
2002-07-01,62.95469665527344,0.9893,1.5307
2002-07-02,61.618141174316406,0.984,1.53
2002-07-03,61.96849822998047,0.9816,1.5268
2002-07-04,,,
2002-07-05,64.43399047851562,0.973,1.5206
2002-07-08,63.629432678222656,0.9869,1.5348
2002-07-09,62.02690505981445,0.9938,1.5465
2002-07-10,59.768985748291016,0.989,1.5483
2002-07-11,60.255592346191406,0.9927,1.5545
2002-07-12,59.59379577636719,0.9904,1.55
2002-07-15,59.91172409057617,1.0072,1.5656
2002-07-16,58.75682830810547,1.0087,1.5693
2002-07-17,58.873626708984375,1.0078,1.5682
2002-07-18,56.96613693237305,1.0067,1.5685
2002-07-19,54.961273193359375,1.0156,1.5785
2002-07-22,53.332733154296875,1.0098,1.58
2002-07-23,51.87290954589844,0.9933,1.5657
2002-07-24,54.96773910522461,0.9945,1.5745
2002-07-25,54.5006103515625,0.9997,1.5754
2002-07-26,55.53871154785156,0.9882,1.5635
2002-07-29,58.24427032470703,0.9779,1.557
2002-07-30,59.0034065246582,0.9879,1.5725
2002-07-31,59.146141052246094,0.9796,1.5625
2002-08-01,57.6019287109375,0.9843,1.5578
2002-08-02,56.31079864501953,0.9882,1.5709
2002-08-05,54.35136032104492,0.9846,1.5665
2002-08-06,56.18105697631836,0.964,1.5382
2002-08-07,57.16074752807617,0.9738,1.5354
2002-08-08,59.00988006591797,0.9653,1.5278
2002-08-09,59.23048400878906,0.9714,1.5235
2002-08-12,58.795799255371094,0.9778,1.5317
2002-08-13,57.725215911865234,0.9787,1.531
2002-08-14,59.83388900756836,0.9867,1.5442
2002-08-15,60.66435623168945,0.9816,1.536
2002-08-16,60.48272705078125,0.9836,1.5372
2002-08-19,61.897125244140625,0.9775,1.5272
2002-08-20,61.24183654785156,0.9779,1.5266
2002-08-21,62.12421798706055,0.9796,1.5295
2002-08-22,62.72760772705078,0.9697,1.5192
2002-08-23,61.378074645996094,0.9726,1.5215
2002-08-26,61.80626678466797,0.9731,1.5236
2002-08-27,61.09258270263672,0.9814,1.5305
2002-08-28,59.75604248046875,0.982,1.5363
2002-08-29,59.78196716308594,0.9829,1.5484
2002-08-30,59.54840850830078,0.9806,1.5476
2002-09-02,,,
2002-09-03,57.277549743652344,0.9959,1.5625
2002-09-04,58.095062255859375,0.9923,1.5642
2002-09-05,57.6019287109375,0.9911,1.566
2002-09-06,58.393531799316406,0.9843,1.5597
2002-09-09,58.82175064086914,0.9817,1.5585
2002-09-10,59.496490478515625,0.9752,1.5544
2002-09-11,59.12666702270508,0.9724,1.5492
2002-09-12,58.03664779663086,0.9761,1.5549
2002-09-13,58.17939758300781,0.9743,1.5585
2002-09-16,58.3221435546875,0.9723,1.544
2002-09-17,56.985565185546875,0.9685,1.5343
2002-09-18,56.414642333984375,0.9789,1.5525
2002-09-19,54.954769134521484,0.9817,1.5545
2002-09-20,54.9730110168457,0.9839,1.5558
2002-09-23,54.523345947265625,0.9822,1.5575
2002-09-24,53.64352035522461,0.9815,1.5565
2002-09-25,54.9730110168457,0.9797,1.5625
2002-09-26,55.8724250793457,0.9755,1.5563
2002-09-27,53.930259704589844,0.9772,1.5548
2002-09-30,53.304622650146484,0.9879,1.57
2002-10-01,55.86589050292969,0.9859,1.5708
2002-10-02,54.190956115722656,0.9842,1.5655
2002-10-03,53.64352035522461,0.9871,1.5704
2002-10-04,52.6594123840332,0.9821,1.569
2002-10-07,51.571022033691406,0.9816,1.5643
2002-10-08,52.37916564941406,0.9796,1.5569
2002-10-09,50.89973831176758,0.9868,1.5595
2002-10-10,52.54861068725586,0.9861,1.5625
2002-10-11,54.84920883178711,0.9854,1.5605
2002-10-14,55.15549850463867,,
2002-10-15,57.80803680419922,0.981,1.5542
2002-10-16,56.406829833984375,0.9824,1.5543
2002-10-17,57.52779006958008,0.9718,1.5525
2002-10-18,57.76893615722656,0.9708,1.5461
2002-10-21,58.76606369018555,0.9732,1.5418
2002-10-22,58.342430114746094,0.9782,1.5463
2002-10-23,58.78560256958008,0.9772,1.5499
2002-10-24,57.58644485473633,0.9742,1.5478
2002-10-25,58.78560256958008,0.9767,1.5533
2002-10-28,58.40113067626953,0.9843,1.5602
2002-10-29,57.72332000732422,0.9851,1.5585
2002-10-30,58.28376388549805,0.9835,1.5568
2002-10-31,57.69071960449219,0.9881,1.563
2002-11-01,58.83122634887695,0.9971,1.5638
2002-11-04,59.39173889160156,0.9953,1.5545
2002-11-05,59.86096954345703,0.9994,1.5625
2002-11-06,60.63650894165039,0.9974,1.559
2002-11-07,59.150596618652344,1.0092,1.5796
2002-11-08,58.427188873291016,1.0139,1.5915
2002-11-11,57.521263122558594,,
2002-11-12,57.977481842041016,1.0105,1.5879
2002-11-13,58.03614044189453,1.006,1.585
2002-11-14,59.13101577758789,1.0034,1.5788
2002-11-15,59.56769561767578,1.0082,1.579
2002-11-18,58.968082427978516,1.0083,1.579
2002-11-19,58.889888763427734,1.0107,1.588
2002-11-20,60.19984436035156,1.0024,1.575
2002-11-21,61.32082748413086,0.9984,1.5753
2002-11-22,60.8841438293457,0.9966,1.5778
2002-11-25,60.92329788208008,0.9937,1.5667
2002-11-26,59.76321029663086,0.9913,1.5485
2002-11-27,61.44469451904297,0.9895,1.544
2002-11-28,,,
2002-11-29,61.249141693115234,0.9932,1.5553
2002-12-02,61.34686279296875,0.9927,1.5555
2002-12-03,60.525718688964844,0.9968,1.5687
2002-12-04,60.25199890136719,0.9999,1.5682
2002-12-05,59.587223052978516,0.9989,1.5708
2002-12-06,59.97829818725586,1.0081,1.573
2002-12-09,58.32939529418945,1.0088,1.5785
2002-12-10,59.11148452758789,1.0073,1.5699
2002-12-11,59.163665771484375,1.0083,1.5744
2002-12-12,59.157100677490234,1.0189,1.58
2002-12-13,58.22512435913086,1.0226,1.5896
2002-12-16,59.73059844970703,1.021,1.5905
2002-12-17,59.20924377441406,1.0267,1.5963
2002-12-18,58.524898529052734,1.0254,1.6
2002-12-19,58.107818603515625,1.0217,1.5986
2002-12-20,58.93695068359375,1.0268,1.6015
2002-12-23,58.95663070678711,1.0217,1.587
2002-12-24,58.51778793334961,1.0305,1.5958
2002-12-25,,,
2002-12-26,58.54399490356445,1.0358,1.5978
2002-12-27,57.22761154174805,1.0411,1.6022
2002-12-30,57.705692291259766,1.046,1.6044
2002-12-31,57.78431701660156,1.0485,1.6095
2003-01-01,,,
2003-01-02,59.64426803588867,1.0361,1.5975
2003-01-03,59.827674865722656,1.0418,1.6045
2003-01-06,60.8820915222168,1.0469,1.608
2003-01-07,60.73148727416992,1.0419,1.6055
2003-01-08,59.8538818359375,1.0447,1.6063
2003-01-09,60.783836364746094,1.0467,1.6035
2003-01-10,60.947593688964844,1.0535,1.6079
2003-01-13,60.927978515625,1.0535,1.603
2003-01-14,61.124412536621094,1.0571,1.607
2003-01-15,60.515342712402344,1.0576,1.6029
2003-01-16,60.266448974609375,1.0569,1.6073
2003-01-17,59.37577819824219,1.066,1.6173
2003-01-20,,,
2003-01-21,58.45230484008789,1.0677,1.6123
2003-01-22,57.74497604370117,1.0729,1.6162
2003-01-23,58.098636627197266,1.0767,1.6233
2003-01-24,56.57265853881836,1.0825,1.632
2003-01-27,55.79985427856445,1.0838,1.6351
2003-01-28,56.212493896484375,1.0833,1.64
2003-01-29,56.6381721496582,1.0861,1.6457
2003-01-30,55.29555130004883,1.0776,1.6482
2003-01-31,56.36311721801758,1.0739,1.6448
2003-02-03,56.47442626953125,1.0761,1.6405
2003-02-04,55.91773986816406,1.0875,1.648
2003-02-05,55.570648193359375,1.0842,1.6455
2003-02-06,55.30866622924805,1.0828,1.6354
2003-02-07,54.63409423828125,1.0801,1.6284
2003-02-10,55.02047348022461,1.074,1.6275
2003-02-11,54.640621185302734,1.0747,1.6193
2003-02-12,53.76955795288086,1.0716,1.6155
2003-02-13,53.933311462402344,1.0834,1.6209
2003-02-14,55.1121940612793,1.0799,1.6105
2003-02-17,,,
2003-02-18,56.08147430419922,1.0708,1.5921
2003-02-19,55.78675842285156,1.0744,1.5957
2003-02-20,55.230064392089844,1.0821,1.5925
2003-02-21,55.78675842285156,1.0787,1.5864
2003-02-24,54.88296127319336,1.0783,1.586
2003-02-25,55.32175827026367,1.0782,1.5727
2003-02-26,54.516204833984375,1.0797,1.5806
2003-02-27,55.23661422729492,1.0763,1.5798
2003-02-28,55.603363037109375,1.0779,1.5737
2003-03-03,55.07288360595703,1.0835,1.5755
2003-03-04,54.19529342651367,1.0883,1.582
2003-03-05,54.65375900268555,1.0967,1.6003
2003-03-06,54.19529342651367,1.0997,1.6049
2003-03-07,54.568572998046875,1.1014,1.602
2003-03-10,53.25875473022461,1.1062,1.6007
2003-03-11,52.73479080200195,1.1028,1.6038
2003-03-12,53.08847427368164,1.1023,1.6129
2003-03-13,54.922245025634766,1.087,1.6057
2003-03-14,55.09907150268555,1.0725,1.5821
2003-03-17,56.83465576171875,1.0606,1.5682
2003-03-18,57.168643951416016,1.0624,1.5624
2003-03-19,57.60748291015625,1.059,1.5648
2003-03-20,57.7319221496582,1.0613,1.567
2003-03-21,58.964176177978516,1.0545,1.566
2003-03-24,57.0046272277832,1.0644,1.5748
2003-03-25,57.5504035949707,1.0673,1.5707
2003-03-26,57.261085510253906,1.0677,1.5742
2003-03-27,57.307090759277344,1.0708,1.5676
2003-03-28,57.01777648925781,1.0762,1.5673
2003-03-31,55.72236251831055,1.09,1.579
2003-04-01,56.57722091674805,1.0904,1.5767
2003-04-02,57.944976806640625,1.0765,1.5659
2003-04-03,57.668792724609375,1.0736,1.5718
2003-04-04,58.01072692871094,1.0711,1.5597
2003-04-07,57.89894104003906,1.0621,1.55
2003-04-08,57.9909782409668,1.0684,1.5507
2003-04-09,57.22822189331055,1.0722,1.5562
2003-04-10,57.5438346862793,1.0803,1.5719
2003-04-11,57.307090759277344,1.0751,1.5713
2003-04-14,58.49070739746094,1.0773,1.5713
2003-04-15,59.03647994995117,1.0801,1.5705
2003-04-16,58.030426025390625,1.0872,1.574
2003-04-17,58.89186477661133,1.0907,1.5748
2003-04-18,,1.0882,1.5733
2003-04-21,58.95102310180664,1.0857,1.5592
2003-04-22,60.062313079833984,1.0966,1.5768
2003-04-23,60.61466979980469,1.0949,1.5815
2003-04-24,60.07548141479492,1.1039,1.5971
2003-04-25,59.3324089050293,1.104,1.5915
2003-04-28,60.358253479003906,1.0999,1.5906
2003-04-29,60.568641662597656,1.101,1.5904
2003-04-30,60.43714141845703,1.118,1.6
2003-05-01,60.430545806884766,1.1238,1.6103
2003-05-02,61.2919921875,1.12,1.602
2003-05-05,61.17362594604492,1.1271,1.606
2003-05-06,61.75224685668945,1.1354,1.614
2003-05-07,61.41032791137695,1.134,1.593
2003-05-08,60.7922248840332,1.1453,1.6034
2003-05-09,61.6338996887207,1.1498,1.6045
2003-05-12,62.39008712768555,1.1557,1.6095
2003-05-13,62.27830123901367,1.1499,1.6092
2003-05-14,62.146827697753906,1.1498,1.6163
2003-05-15,62.54138946533203,1.1457,1.6262
2003-05-16,62.38353729248047,1.1542,1.6241
2003-05-19,60.92372131347656,1.1686,1.6352
2003-05-20,60.79880905151367,1.1685,1.6393
2003-05-21,60.92372131347656,1.1707,1.6415
2003-05-22,61.52872085571289,1.17,1.6346
2003-05-23,61.653629302978516,1.1786,1.6376
2003-05-26,,,
2003-05-27,62.732032775878906,1.1853,1.64
2003-05-28,62.90959548950195,1.1742,1.635
2003-05-29,62.74518966674805,1.1835,1.6484
2003-05-30,63.75130081176758,1.1766,1.6393
2003-06-02,64.01432800292969,1.1744,1.6372
2003-06-03,64.27731323242188,1.1702,1.6278
2003-06-04,65.20451354980469,1.1708,1.6333
2003-06-05,65.52667999267578,1.187,1.6597
2003-06-06,65.27030944824219,1.1695,1.6622
2003-06-09,64.60609436035156,1.1743,1.6452
2003-06-10,65.26371765136719,1.1686,1.6523
2003-06-11,65.9541244506836,1.1764,1.6675
2003-06-12,66.15798950195312,1.1767,1.6682
2003-06-13,65.46753692626953,1.183,1.6676
2003-06-16,66.84844970703125,1.1843,1.6815
2003-06-17,66.84844970703125,1.1812,1.684
2003-06-18,66.78925323486328,1.171,1.6798
2003-06-19,65.7699966430664,1.1678,1.674
2003-06-20,65.62481689453125,1.1616,1.6644
2003-06-23,64.95169067382812,1.1548,1.6682
2003-06-24,65.01769256591797,1.1498,1.6607
2003-06-25,64.36432647705078,1.1592,1.6787
2003-06-26,65.20246124267578,1.1429,1.664
2003-06-27,64.4500961303711,1.1423,1.6492
2003-06-30,64.43033599853516,1.1502,1.6529
2003-07-01,65.02425384521484,1.158,1.6626
2003-07-02,65.84258270263672,1.1524,1.6646
2003-07-03,65.162841796875,1.1503,1.6718
2003-07-04,,,
2003-07-07,66.45636749267578,1.1341,1.6515
2003-07-08,66.75334167480469,1.1265,1.6326
2003-07-09,66.37715911865234,1.1311,1.6306
2003-07-10,65.53244018554688,1.139,1.6326
2003-07-11,66.15274047851562,1.1304,1.6323
2003-07-14,66.47615051269531,1.1298,1.6238
2003-07-15,66.33097076416016,1.1233,1.5986
2003-07-16,65.94158935546875,1.1209,1.5952
2003-07-17,65.00448608398438,1.1164,1.5893
2003-07-18,65.67102813720703,1.1239,1.5867
2003-07-21,64.85929107666016,1.1346,1.601
2003-07-22,65.44664001464844,1.1325,1.5978
2003-07-23,65.49284362792969,1.1484,1.609
2003-07-24,64.99788665771484,1.1441,1.611
2003-07-25,66.14620971679688,1.1513,1.6198
2003-07-28,65.90201568603516,1.1497,1.6272
2003-07-29,65.59841918945312,1.1466,1.6225
2003-07-30,65.4400634765625,1.1367,1.6167
2003-07-31,65.59181213378906,1.1231,1.609
2003-08-01,65.01109313964844,1.1252,1.6045
2003-08-04,65.01109313964844,1.1337,1.608
2003-08-05,63.63178253173828,1.1349,1.6085
2003-08-06,64.00138092041016,1.1357,1.6081
2003-08-07,64.67447662353516,1.139,1.617
2003-08-08,64.85929107666016,1.1321,1.608
2003-08-11,65.10344696044922,1.1349,1.6068
2003-08-12,65.6974105834961,1.1304,1.6028
2003-08-13,65.36084747314453,1.1317,1.6082
2003-08-14,65.53902435302734,1.1249,1.6
2003-08-15,65.74360656738281,1.1255,1.5958
2003-08-18,66.31117248535156,1.1138,1.5891
2003-08-19,66.56195068359375,1.1117,1.5872
2003-08-20,66.29134368896484,1.1104,1.5922
2003-08-21,66.50254821777344,1.0976,1.5845
2003-08-22,65.84258270263672,1.0871,1.5755
2003-08-25,65.94818878173828,1.0892,1.5728
2003-08-26,66.06698608398438,1.0893,1.5732
2003-08-27,66.0867919921875,1.0906,1.5746
2003-08-28,66.49595642089844,1.0896,1.577
2003-08-29,66.94470977783203,1.0986,1.5773
2003-09-01,,,
2003-09-02,67.84223175048828,1.0872,1.574
2003-09-03,68.2118148803711,1.0845,1.5732
2003-09-04,68.24478912353516,1.0899,1.5785
2003-09-05,67.86202239990234,1.1073,1.5891
2003-09-08,68.42300415039062,1.1124,1.5858
2003-09-09,67.97418212890625,1.119,1.5909
2003-09-10,67.28789520263672,1.1195,1.5897
2003-09-11,67.48587036132812,1.1186,1.5937
2003-09-12,67.61127471923828,1.1307,1.6062
2003-09-15,67.3736801147461,1.1304,1.6018
2003-09-16,68.35700225830078,1.1166,1.5871
2003-09-17,68.2249984741211,1.1239,1.6044
2003-09-18,69.0301513671875,1.124,1.6155
2003-09-19,68.67903137207031,1.1346,1.6315
2003-09-22,67.93704986572266,1.1468,1.6472
2003-09-23,68.1954116821289,1.1487,1.656
2003-09-24,66.98307037353516,1.1472,1.6558
2003-09-25,66.43321990966797,1.1484,1.6587
2003-09-26,66.21460723876953,1.1482,1.6597
2003-09-29,66.86381530761719,1.1578,1.6642
2003-09-30,66.21460723876953,1.165,1.662
2003-10-01,67.62570190429688,1.1708,1.6667
2003-10-02,67.87081909179688,1.1717,1.675
2003-10-03,68.49354553222656,1.1596,1.663
2003-10-06,68.80487823486328,1.1706,1.6742
2003-10-07,69.06987762451172,1.1784,1.6628
2003-10-08,68.89762115478516,1.1805,1.6598
2003-10-09,69.0831527709961,1.1695,1.6609
2003-10-10,69.2752685546875,1.1812,1.6654
2003-10-13,69.49386596679688,,
2003-10-14,69.73899841308594,1.1724,1.6737
2003-10-15,69.55345916748047,1.1652,1.6698
2003-10-16,69.83177185058594,1.1665,1.676
2003-10-17,69.06987762451172,1.163,1.6721
2003-10-20,69.58663177490234,1.1671,1.6749
2003-10-21,69.46736145019531,1.1676,1.6746
2003-10-22,68.59286499023438,1.1805,1.6935
2003-10-23,68.467041015625,1.1795,1.6943
2003-10-24,68.61941528320312,1.1833,1.6972
2003-10-27,68.65250396728516,1.1762,1.6952
2003-10-28,69.58663177490234,1.1689,1.6956
2003-10-29,69.67938995361328,1.1673,1.6988
2003-10-30,69.82513427734375,1.1694,1.7025
2003-10-31,69.75887298583984,1.1609,1.6956
2003-11-03,70.21599578857422,1.1454,1.6786
2003-11-04,70.06361389160156,1.1497,1.6802
2003-11-05,70.11662292480469,1.1473,1.678
2003-11-06,70.48760223388672,1.1417,1.6693
2003-11-07,69.96424865722656,1.1505,1.6708
2003-11-10,69.67938995361328,1.1515,1.6737
2003-11-11,69.65949249267578,,
2003-11-12,70.44120788574219,1.1647,1.677
2003-11-13,70.4610824584961,1.1711,1.688
2003-11-14,69.86485290527344,1.1743,1.6841
2003-11-17,69.51373291015625,1.1744,1.6885
2003-11-18,68.79166412353516,1.1893,1.6998
2003-11-19,69.37464904785156,1.1909,1.6982
2003-11-20,68.75189971923828,1.1895,1.7024
2003-11-21,69.03677368164062,1.1913,1.7025
2003-11-24,69.95098114013672,1.1768,1.695
2003-11-25,70.21599578857422,1.1785,1.6983
2003-11-26,70.46770477294922,1.1918,1.709
2003-11-27,,,
2003-11-28,70.52069091796875,1.1995,1.7219
2003-12-01,71.28253173828125,1.1956,1.7209
2003-12-02,71.10369110107422,1.2084,1.7291
2003-12-03,70.9910659790039,1.2093,1.7248
2003-12-04,71.28253173828125,1.2077,1.72
2003-12-05,70.78570556640625,1.2157,1.727
2003-12-08,71.26268768310547,1.2217,1.7334
2003-12-09,70.71281433105469,1.2229,1.743
2003-12-10,70.70621490478516,1.2215,1.7446
2003-12-11,71.50116729736328,1.2164,1.7445
2003-12-12,71.64031982421875,1.2284,1.7466
2003-12-15,71.28253173828125,1.229,1.745
2003-12-16,71.6535415649414,1.2328,1.751
2003-12-17,71.87879180908203,1.2381,1.7615
2003-12-18,72.6870346069336,1.2376,1.7673
2003-12-19,72.48469543457031,1.238,1.7675
2003-12-22,72.99053955078125,1.2415,1.7635
2003-12-23,73.0370864868164,1.2406,1.765
2003-12-24,72.96393585205078,1.2464,1.7748
2003-12-25,,,
2003-12-26,73.01718139648438,1.2441,1.7725
2003-12-29,73.98894500732422,1.2485,1.7705
2003-12-30,74.00224304199219,1.2521,1.7786
2003-12-31,74.06885528564453,1.2597,1.7842
2004-01-01,,,
2004-01-02,74.03553771972656,1.2592,1.7902
2004-01-05,74.84088897705078,1.2679,1.8085
2004-01-06,74.91411590576172,1.2773,1.8245
2004-01-07,75.16706085205078,1.2665,1.8193
2004-01-08,75.466552734375,1.2772,1.8338
2004-01-09,74.80760955810547,1.2853,1.8472
2004-01-12,75.360107421875,1.2802,1.8511
2004-01-13,74.92076873779297,1.2735,1.8432
2004-01-14,75.54644012451172,1.2726,1.8409
2004-01-15,75.73283386230469,1.2588,1.8205
2004-01-16,76.03236389160156,1.2395,1.7996
2004-01-19,,,
2004-01-20,76.01238250732422,1.2584,1.8187
2004-01-21,76.61141967773438,1.2617,1.8295
2004-01-22,76.4117431640625,1.2717,1.8446
2004-01-23,76.16547393798828,1.261,1.8203
2004-01-26,77.12395477294922,1.2552,1.82
2004-01-27,76.33187866210938,1.2643,1.8277
2004-01-28,75.4599380493164,1.262,1.837
2004-01-29,75.53316497802734,1.2389,1.8112
2004-01-30,75.53316497802734,1.2452,1.8215
2004-02-02,75.85931396484375,1.2426,1.8182
2004-02-03,75.73283386230469,1.2561,1.838
2004-02-04,75.1137924194336,1.2552,1.8335
2004-02-05,75.33345031738281,1.2606,1.8378
2004-02-06,76.17879486083984,1.2694,1.8459
2004-02-09,76.19871520996094,1.2672,1.858
2004-02-10,76.4450454711914,1.2727,1.8697
2004-02-11,77.25707244873047,1.2815,1.885
2004-02-12,76.97750854492188,1.2807,1.891
2004-02-13,76.63141632080078,1.2751,1.883
2004-02-16,,,
2004-02-17,77.32362365722656,1.2848,1.9045
2004-02-18,76.98417663574219,1.2812,1.9023
2004-02-19,76.69799041748047,1.2685,1.8921
2004-02-20,76.46497344970703,1.2563,1.8668
2004-02-23,76.27201080322266,1.2569,1.8686
2004-02-24,76.13884735107422,1.2692,1.8901
2004-02-25,76.45836639404297,1.2503,1.8757
2004-02-26,76.50492095947266,1.2444,1.8609
2004-02-27,76.55818939208984,1.2441,1.8575
2004-03-01,77.3169937133789,1.2431,1.868
2004-03-02,76.86434936523438,1.2212,1.8386
2004-03-03,77.00414276123047,1.2088,1.8192
2004-03-04,77.20382690429688,1.2225,1.825
2004-03-05,77.46342468261719,1.2401,1.8428
2004-03-08,76.51826477050781,1.2371,1.8471
2004-03-09,76.21209716796875,1.2428,1.8395
2004-03-10,74.93409729003906,1.2226,1.8
2004-03-11,73.96234893798828,1.2268,1.8008
2004-03-12,74.93409729003906,1.2191,1.7943
2004-03-15,74.01557922363281,1.2243,1.7993
2004-03-16,74.40825653076172,1.227,1.8105
2004-03-17,75.24029541015625,1.2197,1.8132
2004-03-18,75.26023864746094,1.2392,1.8363
2004-03-19,74.1815185546875,1.2269,1.827
2004-03-22,73.23973083496094,1.2368,1.8485
2004-03-23,73.11283874511719,1.2311,1.8502
2004-03-24,73.17294311523438,1.2213,1.8351
2004-03-25,74.1414794921875,1.217,1.8099
2004-03-26,74.16149139404297,1.2092,1.8104
2004-03-29,75.20348358154297,1.2141,1.8163
2004-03-30,75.45734405517578,1.2202,1.8283
2004-03-31,75.54412841796875,1.2292,1.84
2004-04-01,75.99832153320312,1.2358,1.8564
2004-04-02,76.57275390625,1.2109,1.8293
2004-04-05,76.99357604980469,1.2008,1.814
2004-04-06,76.74640655517578,1.2089,1.8374
2004-04-07,76.5660629272461,1.2171,1.841
2004-04-08,76.39241027832031,1.2088,1.8325
2004-04-09,,1.2102,1.8322
2004-04-12,76.69297790527344,1.2068,1.8358
2004-04-13,75.61758422851562,1.1923,1.816
2004-04-14,75.73785400390625,1.194,1.7902
2004-04-15,75.45063781738281,1.1914,1.7785
2004-04-16,76.03174591064453,1.2025,1.8004
2004-04-19,76.03174591064453,1.2019,1.8055
2004-04-20,74.75596618652344,1.191,1.7914
2004-04-21,75.25691223144531,1.1853,1.772
2004-04-22,76.3122787475586,1.1861,1.7684
2004-04-23,76.38573455810547,1.1802,1.7674
2004-04-26,76.27885437011719,1.1851,1.7857
2004-04-27,76.34566497802734,1.1927,1.7925
2004-04-28,75.35709381103516,1.183,1.772
2004-04-29,74.69586181640625,1.1945,1.7751
2004-04-30,74.11473846435547,1.1975,1.7744
2004-05-03,74.9095687866211,1.1937,1.772
2004-05-04,74.84947204589844,1.2076,1.7907
2004-05-05,75.33035278320312,1.2165,1.7932
2004-05-06,74.68247985839844,1.209,1.7941
2004-05-07,73.44680786132812,1.1885,1.7842
2004-05-10,72.69206237792969,1.1834,1.7723
2004-05-11,73.30654907226562,1.1818,1.7544
2004-05-12,73.77409362792969,1.1911,1.7743
2004-05-13,73.4668197631836,1.1801,1.7584
2004-05-14,73.50023651123047,1.1874,1.7572
2004-05-17,72.87236022949219,1.2009,1.7695
2004-05-18,73.23973083496094,1.1971,1.7695
2004-05-19,72.98592376708984,1.2015,1.7827
2004-05-20,73.21971893310547,1.1926,1.771
2004-05-21,73.34660339355469,1.2009,1.788
2004-05-24,73.65384674072266,1.1978,1.7908
2004-05-25,74.7092056274414,1.2107,1.8135
2004-05-26,74.96968078613281,1.2102,1.8142
2004-05-27,75.3905258178711,1.2274,1.8369
2004-05-28,75.38381958007812,1.2217,1.833
2004-05-31,,,
2004-06-01,75.28360748291016,1.221,1.8359
2004-06-02,75.56415557861328,1.225,1.8381
2004-06-03,74.8694839477539,1.2205,1.8387
2004-06-04,75.4639663696289,1.2258,1.8367
2004-06-07,76.61286163330078,1.232,1.8386
2004-06-08,76.71971130371094,1.2273,1.8361
2004-06-09,76.00502014160156,1.2097,1.8292
2004-06-10,76.37906646728516,1.211,1.838
2004-06-11,,1.2011,1.8175
2004-06-14,75.62429809570312,1.2073,1.8148
2004-06-15,76.15864562988281,1.2139,1.8278
2004-06-16,76.145263671875,1.2006,1.8262
2004-06-17,76.03174591064453,1.204,1.8341
2004-06-18,76.17517852783203,1.2118,1.8368
2004-06-21,75.88693237304688,1.211,1.831
2004-06-22,76.26905059814453,1.2092,1.8217
2004-06-23,76.9260025024414,1.209,1.8184
2004-06-24,76.68470001220703,1.217,1.8216
2004-06-25,76.31594848632812,1.2145,1.8218
2004-06-28,76.05452728271484,1.2193,1.8294
2004-06-29,76.36959838867188,1.2124,1.809
2004-06-30,76.77852630615234,1.2179,1.8126
2004-07-01,75.71263122558594,1.2158,1.816
2004-07-02,75.67241668701172,1.2307,1.83
2004-07-05,,,
2004-07-06,75.00872802734375,1.229,1.8423
2004-07-07,75.22994995117188,1.2384,1.8571
2004-07-08,74.70703125,1.239,1.8566
2004-07-09,74.90145111083984,1.2388,1.8555
2004-07-12,74.93497467041016,1.2409,1.864
2004-07-13,74.98863983154297,1.2302,1.854
2004-07-14,74.76065063476562,1.2385,1.8564
2004-07-15,74.27802276611328,1.2373,1.8545
2004-07-16,74.2176742553711,1.2437,1.8708
2004-07-19,73.90263366699219,1.2431,1.8734
2004-07-20,74.84112548828125,1.2377,1.8556
2004-07-21,73.46015930175781,1.2224,1.8354
2004-07-22,73.66128540039062,1.2273,1.847
2004-07-23,73.04451751708984,1.2122,1.8321
2004-07-26,72.90373992919922,1.2135,1.8393
2004-07-27,73.5875473022461,1.2056,1.8219
2004-07-28,73.80874633789062,1.2046,1.8222
2004-07-29,74.12382507324219,1.207,1.8174
2004-07-30,74.30480194091797,1.2032,1.8183
2004-08-02,74.45901489257812,1.2034,1.8273
2004-08-03,73.88249206542969,1.2051,1.8243
2004-08-04,73.87578582763672,1.2057,1.8248
2004-08-05,72.66910552978516,1.205,1.8231
2004-08-06,71.63002014160156,1.2272,1.8459
2004-08-09,71.73057556152344,1.2261,1.8403
2004-08-10,72.65567016601562,1.2306,1.8387
2004-08-11,72.50823211669922,1.2222,1.828
2004-08-12,71.7171859741211,1.2224,1.821
2004-08-13,71.85794067382812,1.2354,1.8432
2004-08-16,72.60208129882812,1.2333,1.8392
2004-08-17,73.01099395751953,1.2329,1.8288
2004-08-18,73.7618179321289,1.2299,1.8225
2004-08-19,73.54725646972656,1.2368,1.8313
2004-08-20,74.06348419189453,1.2324,1.8213
2004-08-23,73.87578582763672,1.2196,1.8143
2004-08-24,73.97633361816406,1.2099,1.7935
2004-08-25,74.47913360595703,1.209,1.7965
2004-08-26,74.47913360595703,1.2084,1.7939
2004-08-27,74.7137680053711,1.2025,1.7921
2004-08-30,74.09701538085938,1.2049,1.7925
2004-08-31,74.48583984375,1.2183,1.8031
2004-09-01,74.62660217285156,1.2179,1.794
2004-09-02,75.47127532958984,1.2164,1.7916
2004-09-03,75.16292572021484,1.2052,1.7759
2004-09-06,,,
2004-09-07,75.65899658203125,1.2093,1.7733
2004-09-08,75.47127532958984,1.2164,1.7882
2004-09-09,75.40426635742188,1.2189,1.7853
2004-09-10,75.79305267333984,1.2282,1.7979
2004-09-13,76.04109954833984,1.2251,1.7956
2004-09-14,76.1953125,1.2268,1.8001
2004-09-15,75.6187515258789,1.2144,1.7772
2004-09-16,75.84671783447266,1.2154,1.7909
2004-09-17,76.16914367675781,1.2174,1.7921
2004-09-20,75.71141052246094,1.2172,1.788
2004-09-21,76.04126739501953,1.2264,1.7946
2004-09-22,75.09210205078125,1.2261,1.7949
2004-09-23,74.68819427490234,1.2298,1.8003
2004-09-24,75.03148651123047,1.2256,1.8031
2004-09-27,74.55353546142578,1.2307,1.8076
2004-09-28,74.91031646728516,1.2306,1.8105
2004-09-29,75.28729248046875,1.2308,1.797
2004-09-30,75.23342895507812,1.2417,1.809
2004-10-01,76.50574493408203,1.24,1.7976
2004-10-04,76.63362884521484,1.2274,1.7827
2004-10-05,76.67401123046875,1.2316,1.7828
2004-10-06,77.19908142089844,1.2298,1.779
2004-10-07,76.37110900878906,1.2286,1.7822
2004-10-08,75.73834228515625,1.2418,1.7935
2004-10-11,76.0479736328125,,
2004-10-12,75.75177764892578,1.232,1.7879
2004-10-13,75.08535766601562,1.2271,1.789
2004-10-14,74.4794921875,1.2393,1.7972
2004-10-15,74.89683532714844,1.2478,1.8048
2004-10-18,75.17957305908203,1.252,1.801
2004-10-19,74.54681396484375,1.2515,1.8039
2004-10-20,74.39871978759766,1.2627,1.8187
2004-10-21,74.88340759277344,1.2622,1.8297
2004-10-22,74.04194641113281,1.2639,1.8277
2004-10-25,73.95440673828125,1.2783,1.8404
2004-10-26,75.08535766601562,1.2758,1.8369
2004-10-27,75.98741912841797,1.2725,1.8323
2004-10-28,76.2162857055664,1.2759,1.832
2004-10-29,76.20281219482422,1.2746,1.8345
2004-11-01,76.41148376464844,1.2741,1.8323
2004-11-02,76.43843078613281,1.2703,1.8385
2004-11-03,77.40106964111328,1.2787,1.8445
2004-11-04,78.45793914794922,1.2883,1.844
2004-11-05,78.94932556152344,1.2938,1.8542
2004-11-08,78.83487701416016,1.2936,1.8564
2004-11-09,78.68004608154297,1.293,1.8589
2004-11-10,78.74066925048828,1.2925,1.8476
2004-11-11,79.33976745605469,,
2004-11-12,79.96583557128906,1.2973,1.8552
2004-11-15,80.16227722167969,1.2944,1.848
2004-11-16,79.58843994140625,1.2979,1.8544
2004-11-17,80.06105041503906,1.3031,1.858
2004-11-18,80.16902923583984,1.2982,1.8514
2004-11-19,79.27782440185547,1.3059,1.86
2004-11-22,79.6559066772461,1.3048,1.859
2004-11-23,79.77743530273438,1.309,1.8713
2004-11-24,79.96649169921875,1.3162,1.8813
2004-11-25,,,
2004-11-26,79.90572357177734,1.3288,1.8965
2004-11-29,79.54115295410156,1.3286,1.8948
2004-11-30,79.59512329101562,1.3259,1.9073
2004-12-01,80.49988555908203,1.3308,1.9297
2004-12-02,80.56742095947266,1.3268,1.9225
2004-12-03,80.51335144042969,1.339,1.9375
2004-12-06,80.48636627197266,1.3431,1.9423
2004-12-07,79.7369384765625,1.3437,1.9459
2004-12-08,80.20281219482422,1.3252,1.9283
2004-12-09,80.48636627197266,1.3274,1.9185
2004-12-10,80.56742095947266,1.3224,1.9134
2004-12-13,81.26959228515625,1.3309,1.9235
2004-12-14,81.55313110351562,1.328,1.9239
2004-12-15,81.61390686035156,1.3429,1.9446
2004-12-16,81.56663513183594,1.3287,1.9375
2004-12-17,81.02261352539062,1.3295,1.939
2004-12-20,81.0429458618164,1.3396,1.9482
2004-12-21,81.66702270507812,1.3377,1.9263
2004-12-22,81.8637924194336,1.339,1.9125
2004-12-23,81.92477416992188,1.3491,1.9193
2004-12-24,,1.3536,1.9236
2004-12-27,81.7552261352539,1.3625,1.9369
2004-12-28,82.20296478271484,1.3621,1.9316
2004-12-29,82.3250503540039,1.3568,1.9157
2004-12-30,82.16902160644531,1.3623,1.922
2004-12-31,81.9926528930664,1.3538,1.916
2005-01-03,81.60598754882812,1.3476,1.9058
2005-01-04,80.60882568359375,1.3295,1.8834
2005-01-05,80.05257415771484,1.3292,1.8875
2005-01-06,80.45956420898438,1.3187,1.8751
2005-01-07,80.34423828125,1.3062,1.8702
2005-01-10,80.72413635253906,1.3109,1.8751
2005-01-11,80.16788482666016,1.3161,1.8796
2005-01-12,80.43244171142578,1.3281,1.8932
2005-01-13,79.7879867553711,1.3207,1.8832
2005-01-14,80.20858001708984,1.3106,1.8695
2005-01-17,,,
2005-01-18,81.0429458618164,1.3043,1.8693
2005-01-19,80.19501495361328,1.3036,1.8742
2005-01-20,79.70658874511719,1.2959,1.872
2005-01-21,79.21818542480469,1.3049,1.874
2005-01-24,79.06217956542969,1.3041,1.8778
2005-01-25,79.28601837158203,1.2954,1.8647
2005-01-26,79.52345275878906,1.3081,1.8833
2005-01-27,79.65912628173828,1.3032,1.8866
2005-01-28,79.65912628173828,1.3033,1.885
2005-01-31,80.15428924560547,1.3049,1.885
2005-02-01,80.66307067871094,1.3017,1.8792
2005-02-02,80.90730285644531,1.3015,1.8826
2005-02-03,80.69699096679688,1.2959,1.8805
2005-02-04,81.55848693847656,1.2927,1.885
2005-02-07,81.44998168945312,1.2773,1.8607
2005-02-08,81.5448989868164,1.2783,1.857
2005-02-09,80.9344253540039,1.2797,1.8582
2005-02-10,81.22614288330078,1.2882,1.8708
2005-02-11,81.92477416992188,1.2864,1.866
2005-02-14,81.8637924194336,1.2981,1.8917
2005-02-15,82.16902160644531,1.2986,1.8894
2005-02-16,82.2232666015625,1.2994,1.878
2005-02-17,81.55848693847656,1.3083,1.895
2005-02-18,81.66702270507812,1.3075,1.8949
2005-02-21,,,
2005-02-22,80.45276641845703,1.323,1.9092
2005-02-23,81.02938079833984,1.3208,1.9066
2005-02-24,81.56526184082031,1.3205,1.9104
2005-02-25,82.37254333496094,1.3195,1.9149
2005-02-28,81.82982635498047,1.3274,1.9249
2005-03-01,82.23686218261719,1.3189,1.9206
2005-03-02,82.19615936279297,1.3127,1.9124
2005-03-03,82.23007202148438,1.313,1.9098
2005-03-04,83.2544174194336,1.3244,1.9243
2005-03-07,83.29507446289062,1.3203,1.9159
2005-03-08,82.98307800292969,1.3342,1.9292
2005-03-09,82.06048583984375,1.3384,1.9239
2005-03-10,82.24366760253906,1.3409,1.9233
2005-03-11,81.66702270507812,1.3465,1.9261
2005-03-14,82.17579650878906,1.3346,1.9116
2005-03-15,81.49744415283203,1.3315,1.9134
2005-03-16,80.8055191040039,1.3423,1.9264
2005-03-17,80.96833801269531,1.3373,1.924
2005-03-18,80.72792053222656,1.3311,1.9192
2005-03-21,80.42829895019531,1.3165,1.8974
2005-03-22,79.61109161376953,1.321,1.8997
2005-03-23,79.67916107177734,1.3005,1.8712
2005-03-24,79.7745132446289,1.2957,1.8709
2005-03-25,,1.2954,1.8684
2005-03-28,79.89025115966797,1.2877,1.8657
2005-03-29,79.35905456542969,1.2913,1.8752
2005-03-30,80.4827651977539,1.2944,1.8816
2005-03-31,80.33293151855469,1.2969,1.8888
2005-04-01,79.97200775146484,1.2896,1.8789
2005-04-04,80.10818481445312,1.2838,1.8733
2005-04-05,80.48956298828125,1.2842,1.8773
2005-04-06,80.76880645751953,1.2868,1.8787
2005-04-07,81.20464324951172,1.2906,1.8768
2005-04-08,80.36019134521484,1.2912,1.8824
2005-04-11,80.4214859008789,1.2972,1.8908
2005-04-12,80.83690643310547,1.2873,1.8842
2005-04-13,79.88346099853516,1.2918,1.893
2005-04-14,78.84149932861328,1.2819,1.8806
2005-04-15,77.73828125,1.2928,1.893
2005-04-18,77.97664642333984,1.3037,1.9052
2005-04-19,78.59632110595703,1.3034,1.9165
2005-04-20,77.49989318847656,1.308,1.9197
2005-04-21,79.00496673583984,1.3093,1.9104
2005-04-22,78.70532989501953,1.3068,1.9151
2005-04-25,79.22285461425781,1.2984,1.9117
2005-04-26,78.45331573486328,1.2964,1.904
2005-04-27,78.7597885131836,1.2938,1.9047
2005-04-28,77.77229309082031,1.2916,1.9097
2005-04-29,78.827880859375,1.2919,1.9122
2005-05-02,79.27056121826172,1.2857,1.8959
2005-05-03,79.40678405761719,1.2889,1.891
2005-05-04,80.01966857910156,1.2936,1.9
2005-05-05,79.992431640625,1.2936,1.9048
2005-05-06,79.7404556274414,1.2832,1.892
2005-05-09,80.23758697509766,1.2839,1.8836
2005-05-10,79.40678405761719,1.2877,1.8828
2005-05-11,79.84260559082031,1.2803,1.8735
2005-05-12,78.96410369873047,1.2706,1.865
2005-05-13,78.8074951171875,1.2645,1.853
2005-05-16,79.54299926757812,1.263,1.8368
2005-05-17,80.0741958618164,1.2644,1.8401
2005-05-18,80.89820098876953,1.266,1.8382
2005-05-19,81.23871612548828,1.2628,1.8367
2005-05-20,81.1229248046875,1.2553,1.8246
2005-05-23,81.57240295410156,1.2575,1.8288
2005-05-24,81.3817138671875,1.2588,1.8288
2005-05-25,81.32042694091797,1.2602,1.8312
2005-05-26,81.7562255859375,1.2517,1.8205
2005-05-27,81.8924560546875,1.2568,1.8227
2005-05-30,,,
2005-05-31,81.36808013916016,1.2349,1.8231
2005-06-01,82.06272888183594,1.2232,1.812
2005-06-02,82.23976135253906,1.2266,1.8156
2005-06-03,81.82437896728516,1.2227,1.8119
2005-06-06,81.74946594238281,1.2268,1.8209
2005-06-07,81.81078338623047,1.2277,1.832
2005-06-08,81.66095733642578,1.232,1.8368
2005-06-09,82.04911041259766,1.2216,1.8209
2005-06-10,81.8584213256836,1.2127,1.8128
2005-06-13,82.11723327636719,1.2035,1.8011
2005-06-14,82.30789184570312,1.2038,1.8062
2005-06-15,82.46453094482422,1.2106,1.8219
2005-06-16,82.67564392089844,1.2089,1.8206
2005-06-17,82.98198699951172,1.224,1.8266
2005-06-20,83.00933074951172,1.214,1.8231
2005-06-21,83.05717468261719,1.2134,1.824
2005-06-22,83.12555694580078,1.213,1.8218
2005-06-23,81.95630645751953,1.2054,1.818
2005-06-24,81.35462951660156,1.2088,1.8221
2005-06-27,81.47086334228516,1.2152,1.8252
2005-06-28,82.15462493896484,1.2078,1.8157
2005-06-29,81.93582916259766,1.2101,1.808
2005-06-30,81.49139404296875,1.2098,1.793
2005-07-01,81.73068237304688,1.1957,1.7708
2005-07-04,,,
2005-07-05,82.38712310791016,1.1917,1.757
2005-07-06,81.69648742675781,1.1918,1.7583
2005-07-07,82.01785278320312,1.1928,1.7418
2005-07-08,82.95460510253906,1.1934,1.736
2005-07-11,83.3785629272461,1.2066,1.7563
2005-07-12,83.59739685058594,1.22,1.7753
2005-07-13,83.71363067626953,1.209,1.7554
2005-07-14,84.04183197021484,1.2089,1.7585
2005-07-15,83.99395751953125,1.2037,1.7533
2005-07-18,83.6589126586914,1.2077,1.7523
2005-07-19,84.1170425415039,1.2001,1.7364
2005-07-20,84.40422821044922,1.2046,1.7303
2005-07-21,83.91189575195312,1.2113,1.7471
2005-07-22,84.47257995605469,1.2079,1.7413
2005-07-25,84.2332763671875,1.2054,1.7455
2005-07-26,84.33582305908203,1.2007,1.7415
2005-07-27,84.64349365234375,1.2048,1.7438
2005-07-28,85.1768798828125,1.2121,1.7547
2005-07-29,84.60934448242188,1.2129,1.7593
2005-08-01,84.54777526855469,1.2195,1.7695
2005-08-02,85.05380249023438,1.2209,1.7728
2005-08-03,85.27946472167969,1.2337,1.7808
2005-08-04,84.59566497802734,1.2383,1.7797
2005-08-05,84.02132415771484,1.2327,1.7748
2005-08-08,83.86404418945312,1.2361,1.7863
2005-08-09,84.37002563476562,1.2347,1.7844
2005-08-10,84.32898712158203,1.2345,1.7922
2005-08-11,84.66404724121094,1.2434,1.8071
2005-08-12,84.14436340332031,1.2428,1.8148
2005-08-15,84.66404724121094,1.2362,1.8088
2005-08-16,83.56318664550781,1.2342,1.8096
2005-08-17,83.55632019042969,1.229,1.8076
2005-08-18,83.54949951171875,1.2178,1.7949
2005-08-19,83.74097442626953,1.2147,1.7933
2005-08-22,83.74097442626953,1.2235,1.8022
2005-08-23,83.58369445800781,1.2213,1.7996
2005-08-24,82.83838653564453,1.2239,1.7965
2005-08-25,83.13922882080078,1.2311,1.8045
2005-08-26,82.5716781616211,1.2324,1.8066
2005-08-29,83.20760345458984,1.2248,1.8006
2005-08-30,82.77001953125,1.2204,1.784
2005-08-31,83.81615447998047,1.233,1.8012
2005-09-01,83.7546157836914,1.2447,1.8279
2005-09-02,83.60418701171875,1.2538,1.8403
2005-09-05,,,
2005-09-06,84.5820083618164,1.2483,1.842
2005-09-07,84.72557830810547,1.2439,1.8394
2005-09-08,84.4452133178711,1.24,1.8388
2005-09-09,85.19740295410156,1.2433,1.84
2005-09-12,85.02642059326172,1.2288,1.8236
2005-09-13,84.55464935302734,1.2263,1.8214
2005-09-14,84.2469482421875,1.2282,1.8244
2005-09-15,84.20590209960938,1.2216,1.8069
2005-09-16,84.80467987060547,1.2214,1.8035
2005-09-19,84.52318572998047,1.2153,1.8041
2005-09-20,83.80903625488281,1.2177,1.8046
2005-09-21,83.02620697021484,1.2208,1.8097
2005-09-22,83.32147979736328,1.2153,1.7917
2005-09-23,83.3901138305664,1.2077,1.7788
2005-09-26,83.48626708984375,1.2036,1.7746
2005-09-27,83.4656982421875,1.2011,1.7677
2005-09-28,83.548095703125,1.2016,1.7639
2005-09-29,84.2279052734375,1.202,1.762
2005-09-30,84.48883056640625,1.2058,1.7696
2005-10-03,84.18670654296875,1.1914,1.7558
2005-10-04,83.23908233642578,1.1918,1.7587
2005-10-05,82.14724731445312,1.1984,1.7655
2005-10-06,81.85199737548828,1.2133,1.7728
2005-10-07,82.1335220336914,1.2115,1.7599
2005-10-10,81.43997192382812,,
2005-10-11,81.3232421875,1.2015,1.7489
2005-10-12,80.68464660644531,1.204,1.7532
2005-10-13,80.63656616210938,1.1938,1.7484
2005-10-14,81.48804473876953,1.2073,1.7677
2005-10-17,81.79021453857422,1.204,1.7553
2005-10-18,80.90436553955078,1.1939,1.7487
2005-10-19,82.25028228759766,1.1988,1.7627
2005-10-20,80.80137634277344,1.1982,1.7712
2005-10-21,81.11721801757812,1.1958,1.7692
2005-10-24,82.37384796142578,1.1998,1.7711
2005-10-25,82.20906066894531,1.2099,1.7855
2005-10-26,81.96874237060547,1.2082,1.7766
2005-10-27,81.09664916992188,1.2148,1.7836
2005-10-28,82.2640151977539,1.2089,1.7781
2005-10-31,82.49060821533203,1.1995,1.7689
2005-11-01,82.7378158569336,1.1998,1.763
2005-11-02,83.60301971435547,1.2067,1.7755
2005-11-03,83.9600830078125,1.1971,1.772
2005-11-04,83.85022735595703,1.1828,1.751
2005-11-07,83.93262481689453,1.1795,1.744
2005-11-08,83.93262481689453,1.1773,1.7415
2005-11-09,84.04248046875,1.1748,1.7415
2005-11-10,84.69483947753906,1.174,1.7462
2005-11-11,84.98323822021484,,
2005-11-14,84.93518829345703,1.1667,1.7349
2005-11-15,84.62614440917969,1.1695,1.7366
2005-11-16,84.7978515625,1.1672,1.7166
2005-11-17,85.5875015258789,1.1706,1.719
2005-11-18,85.92399597167969,1.1741,1.7147
2005-11-21,86.35660552978516,1.1734,1.7165
2005-11-22,86.7273941040039,1.1737,1.7138
2005-11-23,87.22867584228516,1.1799,1.7214
2005-11-24,,,
2005-11-25,87.29733276367188,1.1724,1.7155
2005-11-28,86.67932891845703,1.1804,1.7221
2005-11-29,86.58320617675781,1.1786,1.7203
2005-11-30,86.11625671386719,1.179,1.7321
2005-12-01,86.99520874023438,1.1702,1.729
2005-12-02,87.10508728027344,1.1699,1.7304
2005-12-05,86.919677734375,1.1787,1.7397
2005-12-06,87.0844955444336,1.1784,1.7402
2005-12-07,86.57633972167969,1.1722,1.735
2005-12-08,86.52135467529297,1.183,1.7514
2005-12-09,86.74799346923828,1.1824,1.7554
2005-12-12,86.83041381835938,1.1969,1.774
2005-12-13,87.42093658447266,1.1926,1.7674
2005-12-14,87.76428985595703,1.2041,1.7739
2005-12-15,87.51021575927734,1.1965,1.7648
2005-12-16,87.22856140136719,1.2012,1.7716
2005-12-19,86.77982330322266,1.1996,1.7641
2005-12-20,86.86270904541016,1.1848,1.7544
2005-12-21,87.00076293945312,1.1816,1.7402
2005-12-22,87.45635223388672,1.1883,1.7395
2005-12-23,87.50467681884766,1.1857,1.7326
2005-12-26,,,
2005-12-27,86.61417388916016,1.1856,1.7308
2005-12-28,86.80746459960938,1.1875,1.7226
2005-12-29,86.4208984375,1.1846,1.7261
2005-12-30,85.95147705078125,1.1842,1.7188
2006-01-02,,,
2006-01-03,87.46324920654297,1.198,1.7404
2006-01-04,87.87747955322266,1.2091,1.7588
2006-01-05,87.93269348144531,1.2101,1.7566
2006-01-06,88.6644287109375,1.2148,1.7697
2006-01-09,88.89221954345703,1.2064,1.7645
2006-01-10,88.98194122314453,1.2063,1.7645
2006-01-11,89.26498413085938,1.2135,1.7643
2006-01-12,88.91293334960938,1.2035,1.7612
2006-01-13,88.83008575439453,1.2103,1.7715
2006-01-16,,,
2006-01-17,88.58847045898438,1.2073,1.7628
2006-01-18,88.23641967773438,1.2083,1.7622
2006-01-19,88.57472229003906,1.211,1.7618
2006-01-20,86.95934295654297,1.2101,1.7663
2006-01-23,87.26996612548828,1.2276,1.7842
2006-01-24,87.35972595214844,1.2287,1.7885
2006-01-25,87.43565368652344,1.2252,1.7874
2006-01-26,87.91891479492188,1.2229,1.783
2006-01-27,88.73346710205078,1.213,1.7733
2006-01-30,88.6644287109375,1.2091,1.7688
2006-01-31,88.01553344726562,1.2158,1.782
2006-02-01,88.62989807128906,1.2092,1.7781
2006-02-02,87.601318359375,1.21,1.7807
2006-02-03,87.16641235351562,1.2021,1.7626
2006-02-06,87.39424896240234,1.1971,1.7462
2006-02-07,86.62109375,1.1974,1.7444
2006-02-08,87.40805053710938,1.1935,1.7405
2006-02-09,87.26304626464844,1.1963,1.7411
2006-02-10,87.42185974121094,1.192,1.7454
2006-02-13,87.26304626464844,1.1905,1.7438
2006-02-14,88.18809509277344,1.1895,1.7343
2006-02-15,88.4987564086914,1.1884,1.7401
2006-02-16,89.16145324707031,1.1882,1.7354
2006-02-17,88.91984558105469,1.1906,1.7403
2006-02-20,,,
2006-02-21,88.69890594482422,1.1912,1.7447
2006-02-22,89.23739624023438,1.1905,1.7425
2006-02-23,89.10623168945312,1.1923,1.7522
2006-02-24,89.33403778076172,1.1882,1.7448
2006-02-27,89.3685073852539,1.186,1.7409
2006-02-28,88.51946258544922,1.1925,1.7539
2006-03-01,89.30640411376953,1.1899,1.7473
2006-03-02,89.29950714111328,1.2003,1.7493
2006-03-03,88.88529968261719,1.2028,1.7531
2006-03-06,88.47804260253906,1.2002,1.7492
2006-03-07,88.33993530273438,1.1888,1.7362
2006-03-08,88.5263900756836,1.1914,1.7359
2006-03-09,87.93269348144531,1.192,1.7366
2006-03-10,88.76795959472656,1.1886,1.7256
2006-03-13,88.93362426757812,1.1942,1.731
2006-03-14,89.86557006835938,1.2025,1.7479
2006-03-15,90.26589965820312,1.2045,1.746
2006-03-16,90.45235443115234,1.2151,1.7552
2006-03-17,90.52790069580078,1.2197,1.7567
2006-03-20,90.38237762451172,1.2168,1.7563
2006-03-21,89.81402587890625,1.2079,1.7459
2006-03-22,90.36155700683594,1.2095,1.7483
2006-03-23,90.1744384765625,1.1984,1.7367
2006-03-24,90.24372100830078,1.2034,1.7427
2006-03-27,90.11205291748047,1.2015,1.747
2006-03-28,89.55755615234375,1.2078,1.7497
2006-03-29,90.11898040771484,1.203,1.7356
2006-03-30,89.95957946777344,1.2132,1.7448
2006-03-31,89.98039245605469,1.2139,1.7393
2006-04-03,89.91104888916016,1.2124,1.7389
2006-04-04,90.48631286621094,1.2258,1.7559
2006-04-05,90.79817199707031,1.2272,1.7497
2006-04-06,90.70112609863281,1.2216,1.7504
2006-04-07,89.77938842773438,1.2109,1.7407
2006-04-10,89.9179916381836,1.2091,1.7405
2006-04-11,89.15559387207031,1.2125,1.7467
2006-04-12,89.32196807861328,1.2107,1.7508
2006-04-13,89.20417022705078,1.2107,1.7529
2006-04-14,,1.2106,1.751
2006-04-17,89.16949462890625,1.2267,1.7716
2006-04-18,90.58329772949219,1.2274,1.7762
2006-04-19,90.75655364990234,1.2345,1.7895
2006-04-20,90.88136291503906,1.2326,1.7801
2006-04-21,90.89521789550781,1.234,1.7817
2006-04-24,90.7289047241211,1.2373,1.7839
2006-04-25,90.35462951660156,1.2412,1.7876
2006-04-26,90.37540435791016,1.2464,1.7897
2006-04-27,90.81202697753906,1.2525,1.8011
2006-04-28,91.11697387695312,1.2624,1.822
2006-05-01,90.37540435791016,1.2607,1.8286
2006-05-02,91.05461883544922,1.2644,1.8397
2006-05-03,90.71499633789062,1.2639,1.8446
2006-05-04,91.040771484375,1.2684,1.8485
2006-05-05,91.8447494506836,1.2733,1.8588
2006-05-08,91.73381805419922,1.272,1.8584
2006-05-09,91.91402435302734,1.2747,1.8632
2006-05-10,91.86551666259766,1.2799,1.8648
2006-05-11,90.75655364990234,1.2855,1.8842
2006-05-12,89.57145690917969,1.2888,1.8911
2006-05-15,89.75165557861328,1.2826,1.8836
2006-05-16,89.6199951171875,1.2817,1.8819
2006-05-17,87.9150161743164,1.2722,1.882
2006-05-18,87.47151947021484,1.2795,1.8878
2006-05-19,88.0882568359375,1.275,1.8755
2006-05-22,87.416015625,1.285,1.8861
2006-05-23,86.75067138671875,1.2844,1.8809
2006-05-24,87.44379425048828,1.2747,1.8678
2006-05-25,88.5249252319336,1.2777,1.8719
2006-05-26,88.97542572021484,1.2739,1.8566
2006-05-29,,,
2006-05-30,87.39524841308594,1.2868,1.8825
2006-05-31,88.37246704101562,1.2833,1.8732
2006-06-01,89.21797180175781,1.2824,1.8686
2006-06-02,89.40509033203125,1.2912,1.8817
2006-06-05,88.1021728515625,1.2953,1.8786
2006-06-06,87.88732147216797,1.2828,1.8608
2006-06-07,87.22891998291016,1.2799,1.8585
2006-06-08,87.15267181396484,1.2648,1.8425
2006-06-09,86.87544250488281,1.2636,1.8426
2006-06-12,85.93284606933594,1.2587,1.844
2006-06-13,84.93486785888672,1.2574,1.8398
2006-06-14,85.59324645996094,1.2631,1.8491
2006-06-15,87.40911865234375,1.2616,1.8477
2006-06-16,86.77214050292969,1.2623,1.8484
2006-06-19,86.08997344970703,1.2577,1.8401
2006-06-20,86.38231658935547,1.2568,1.8399
2006-06-21,87.02275085449219,1.2665,1.846
2006-06-22,86.63988494873047,1.2582,1.8306
2006-06-23,86.62593078613281,1.2522,1.8204
2006-06-26,87.00883483886719,1.2554,1.819
2006-06-27,86.25702667236328,1.2589,1.8237
2006-06-28,86.84176635742188,1.2532,1.8159
2006-06-29,88.59600067138672,1.2534,1.8108
2006-06-30,88.60295104980469,1.2779,1.8491
2006-07-03,88.96495819091797,1.2793,1.841
2006-07-04,,,
2006-07-05,88.4568099975586,1.2726,1.8342
2006-07-06,88.71434020996094,1.2757,1.8376
2006-07-07,88.13656616210938,1.2822,1.8513
2006-07-10,88.30364227294922,1.2751,1.842
2006-07-11,88.69345092773438,1.2754,1.8431
2006-07-12,87.74673461914062,1.2706,1.8347
2006-07-13,86.31965637207031,1.2673,1.8404
2006-07-14,85.98551177978516,1.2641,1.8364
2006-07-17,85.86022186279297,1.2529,1.8203
2006-07-18,86.29879760742188,1.25,1.8271
2006-07-19,87.49613189697266,1.256,1.8377
2006-07-20,86.89745330810547,1.2639,1.8495
2006-07-21,86.28485107421875,1.2684,1.8586
2006-07-24,87.85811614990234,1.263,1.8492
2006-07-25,88.17137908935547,1.2576,1.8407
2006-07-26,88.28971099853516,1.2628,1.8474
2006-07-27,88.20618438720703,1.2732,1.8627
2006-07-28,89.09022521972656,1.2748,1.8645
2006-07-31,88.99976348876953,1.2764,1.8685
2006-08-01,88.56119537353516,1.2778,1.8711
2006-08-02,89.15984344482422,1.2798,1.8781
2006-08-03,89.3965072631836,1.2779,1.8847
2006-08-04,89.24341583251953,1.2894,1.9098
2006-08-07,89.03456115722656,1.2867,1.9102
2006-08-08,88.69345092773438,1.2839,1.9077
2006-08-09,88.39409637451172,1.2888,1.9089
2006-08-10,88.66560363769531,1.2765,1.8888
2006-08-11,88.41498565673828,1.2757,1.8952
2006-08-14,88.48463439941406,1.2735,1.8902
2006-08-15,89.5427017211914,1.2788,1.8948
2006-08-16,90.28755187988281,1.2864,1.8999
2006-08-17,90.51729583740234,1.287,1.894
2006-08-18,90.97674560546875,1.281,1.8808
2006-08-21,90.58692169189453,1.2914,1.8968
2006-08-22,90.5799789428711,1.2804,1.8881
2006-08-23,90.32935333251953,1.2794,1.8929
2006-08-24,90.25275421142578,1.276,1.8884
2006-08-25,90.36415100097656,1.2767,1.8884
2006-08-28,90.7957534790039,1.2784,1.8968
2006-08-29,90.90015411376953,1.2768,1.8914
2006-08-30,90.95588684082031,1.2825,1.9042
2006-08-31,90.94192504882812,1.2793,1.9024
2006-09-01,91.48490142822266,1.2833,1.905
2006-09-04,,,
2006-09-05,91.65898132324219,1.281,1.8926
2006-09-06,90.8514175415039,1.2787,1.881
2006-09-07,90.43376159667969,1.2757,1.8763
2006-09-08,90.69136047363281,1.2673,1.8655
2006-09-11,90.78182983398438,1.2699,1.863
2006-09-12,91.67286682128906,1.2693,1.8747
2006-09-13,92.04183197021484,1.2708,1.8767
2006-09-14,92.04876708984375,1.2736,1.8886
2006-09-15,92.26480102539062,1.2648,1.8783
2006-09-18,92.39070892333984,1.2671,1.8773
2006-09-19,92.15995788574219,1.2683,1.8828
2006-09-20,92.64938354492188,1.2701,1.8894
2006-09-21,92.201904296875,1.273,1.897
2006-09-22,91.92222595214844,1.2796,1.9012
2006-09-25,92.6283950805664,1.2747,1.9001
2006-09-26,93.39752197265625,1.2687,1.8954
2006-09-27,93.50939178466797,1.2699,1.8866
2006-09-28,93.4743881225586,1.2697,1.8746
2006-09-29,93.39752197265625,1.2687,1.8716
2006-10-02,93.04792785644531,1.2744,1.8861
2006-10-03,93.24372863769531,1.2727,1.8873
2006-10-04,94.33441925048828,1.2687,1.8839
2006-10-05,94.51619720458984,1.2687,1.8772
2006-10-06,94.39734649658203,1.26,1.8712
2006-10-09,94.45327758789062,,
2006-10-10,94.57913970947266,1.2541,1.8548
2006-10-11,94.46729278564453,1.2547,1.8568
2006-10-12,95.28531646728516,1.2537,1.8558
2006-10-13,95.530029296875,1.2502,1.8551
2006-10-16,95.67684936523438,1.2518,1.8606
2006-10-17,95.37628173828125,1.2564,1.8734
2006-10-18,95.5020980834961,1.2516,1.8675
2006-10-19,95.6559066772461,1.2594,1.876
2006-10-20,95.67684936523438,1.2613,1.8828
2006-10-23,96.11734771728516,1.2544,1.871
2006-10-24,96.40403747558594,1.2565,1.8745
2006-10-25,96.73260498046875,1.2591,1.8772
2006-10-26,97.03330993652344,1.2669,1.8876
2006-10-27,96.42501831054688,1.2725,1.8968
2006-10-30,96.35511016845703,1.2717,1.9025
2006-10-31,96.34107971191406,1.2773,1.9084
2006-11-01,95.69086456298828,1.2771,1.9091
2006-11-02,95.63493347167969,1.278,1.9088
2006-11-03,95.46709442138672,1.2705,1.9011
2006-11-06,96.5438003540039,1.2715,1.8967
2006-11-07,96.9144287109375,1.2806,1.9098
2006-11-08,97.12419128417969,1.2775,1.9057
2006-11-09,96.6137466430664,1.2835,1.9067
2006-11-10,96.65571594238281,1.2861,1.912
2006-11-13,96.89342498779297,1.281,1.9024
2006-11-14,97.6205825805664,1.2812,1.8946
2006-11-15,97.90029907226562,1.2808,1.8883
2006-11-16,98.15198516845703,1.2808,1.8902
2006-11-17,98.17993927001953,1.2823,1.8936
2006-11-20,98.23591613769531,1.281,1.8963
2006-11-21,98.33377838134766,1.2824,1.8984
2006-11-22,98.52954864501953,1.2928,1.9145
2006-11-23,,,
2006-11-24,98.13102722167969,1.3081,1.9315
2006-11-27,96.7816162109375,1.312,1.9368
2006-11-28,97.20109558105469,1.3162,1.948
2006-11-29,98.21492767333984,1.3146,1.9492
2006-11-30,98.25687408447266,1.3261,1.9693
2006-12-01,98.04016876220703,1.3316,1.9794
2006-12-04,98.78825378417969,1.3327,1.9788
2006-12-05,99.21478271484375,1.3327,1.9746
2006-12-06,99.1308364868164,1.3307,1.9692
2006-12-07,98.6973648071289,1.3296,1.9628
2006-12-08,98.87918853759766,1.3215,1.9564
2006-12-11,99.16580963134766,1.3223,1.9552
2006-12-12,99.08889770507812,1.3233,1.9655
2006-12-13,99.19377136230469,1.3215,1.9663
2006-12-14,100.06777954101562,1.3174,1.9646
2006-12-15,100.07688903808594,1.3095,1.9538
2006-12-18,99.80270385742188,1.3073,1.9458
2006-12-19,99.99253845214844,1.3194,1.9666
2006-12-20,99.9363021850586,1.3183,1.9648
2006-12-21,99.57067108154297,1.3175,1.9622
2006-12-22,98.95903015136719,1.3131,1.957
2006-12-25,,,
2006-12-26,99.54253387451172,1.3132,1.9568
2006-12-27,100.19639587402344,1.3125,1.9566
2006-12-28,99.9854965209961,1.3158,1.9621
2006-12-29,99.57067108154297,1.3197,1.9586
2007-01-01,,,
2007-01-02,,1.3286,1.9736
2007-01-03,99.39488220214844,1.3169,1.9498
2007-01-04,99.60584259033203,1.3094,1.9443
2007-01-05,98.8113784790039,1.3005,1.9305
2007-01-08,99.26837158203125,1.3023,1.9385
2007-01-09,99.18404388427734,1.2995,1.94
2007-01-10,99.5144271850586,1.294,1.9334
2007-01-11,99.95035552978516,1.2904,1.9439
2007-01-12,100.70970916748047,1.2926,1.9577
2007-01-15,,,
2007-01-16,100.51284790039062,1.2918,1.9605
2007-01-17,100.55500030517578,1.2948,1.972
2007-01-18,100.21749877929688,1.2942,1.9715
2007-01-19,100.41441345214844,1.2968,1.9759
2007-01-22,100.10501098632812,1.2957,1.9772
2007-01-23,100.40031433105469,1.3025,1.9847
2007-01-24,101.2088623046875,1.2964,1.9675
2007-01-25,100.02066802978516,1.298,1.9703
2007-01-26,99.92928314208984,1.2909,1.9598
2007-01-29,99.87300872802734,1.2948,1.9592
2007-01-30,100.3932876586914,1.2954,1.9617
2007-01-31,101.06819915771484,1.2998,1.9611
2007-02-01,101.67289733886719,1.3021,1.9686
2007-02-02,101.81352233886719,1.296,1.9662
2007-02-05,101.8416976928711,1.2933,1.96
2007-02-06,101.86976623535156,1.2969,1.9693
2007-02-07,102.09475708007812,1.302,1.9699
2007-02-08,101.96114349365234,1.3034,1.9586
2007-02-09,101.20186614990234,1.3005,1.9512
2007-02-12,100.85733032226562,1.2962,1.9474
2007-02-13,101.7080307006836,1.3024,1.9443
2007-02-14,102.37598419189453,1.3126,1.9628
2007-02-15,102.50961303710938,1.314,1.9532
2007-02-16,102.46037292480469,1.3137,1.9499
2007-02-19,,,
2007-02-20,102.67829895019531,1.3134,1.9547
2007-02-21,102.63611602783203,1.3126,1.9524
2007-02-22,102.55879211425781,1.3134,1.9571
2007-02-23,102.15801239013672,1.3164,1.9639
2007-02-26,102.0666275024414,1.3159,1.9631
2007-02-27,98.08015441894531,1.3246,1.9661
2007-02-28,99.0855712890625,1.323,1.9613
2007-03-01,98.79024505615234,1.3173,1.9579
2007-03-02,97.49661254882812,1.3182,1.9458
2007-03-05,96.5684814453125,1.3094,1.9235
2007-03-06,98.22074127197266,1.3108,1.927
2007-03-07,98.122314453125,1.3148,1.9315
2007-03-08,98.95198822021484,1.3129,1.93
2007-03-09,98.98007202148438,1.3118,1.9318
2007-03-12,99.12774658203125,1.3186,1.9291
2007-03-13,97.2013168334961,1.3199,1.9322
2007-03-14,97.92552185058594,1.3227,1.9337
2007-03-15,98.05906677246094,1.3249,1.9365
2007-03-16,97.78446197509766,1.3307,1.9423
2007-03-19,98.9632797241211,1.3299,1.946
2007-03-20,99.50680541992188,1.3291,1.958
2007-03-21,101.14435577392578,1.3305,1.9596
2007-03-22,101.06680297851562,1.3359,1.9672
2007-03-23,101.2149658203125,1.3302,1.9632
2007-03-26,101.08090209960938,1.3336,1.9694
2007-03-27,100.84090423583984,1.3357,1.9664
2007-03-28,100.10679626464844,1.3331,1.9611
2007-03-29,100.21269226074219,1.3336,1.9627
2007-03-30,100.23387908935547,1.3374,1.9685
2007-04-02,100.34674835205078,1.3374,1.9786
2007-04-03,101.4267807006836,1.3363,1.9781
2007-04-04,101.53971099853516,1.3364,1.9756
2007-04-05,101.81498718261719,1.3426,1.9708
2007-04-06,,1.338,1.9655
2007-04-09,101.9561767578125,1.3367,1.9608
2007-04-10,102.0761489868164,1.3436,1.9718
2007-04-11,101.65972900390625,1.3436,1.9786
2007-04-12,102.11148071289062,1.3484,1.9769
2007-04-13,102.57733917236328,1.3518,1.9829
2007-04-16,103.55145263671875,1.355,1.9907
2007-04-17,103.82670593261719,1.3569,2.0061
2007-04-18,103.95381927490234,1.3574,2.0041
2007-04-19,103.9255599975586,1.3605,2.0029
2007-04-20,104.90673828125,1.3601,2.0047
2007-04-23,104.51140594482422,1.358,2.0017
2007-04-24,104.55377960205078,1.3622,2.0028
2007-04-25,105.5138168334961,1.3647,2.0042
2007-04-26,105.63375091552734,1.359,1.9903
2007-04-27,105.54902648925781,1.3625,1.9985
2007-04-30,104.67375183105469,1.366,2.0
2007-05-01,104.94200897216797,1.36,1.9993
2007-05-02,105.55609130859375,1.3598,1.991
2007-05-03,106.12791442871094,1.3566,1.9878
2007-05-04,106.53023529052734,1.3587,1.9931
2007-05-07,106.55139923095703,1.3616,1.9944
2007-05-08,106.41020202636719,1.3532,1.9902
2007-05-09,106.69969940185547,1.3549,1.9963
2007-05-10,105.5843276977539,1.3512,1.9833
2007-05-11,106.48788452148438,1.3519,1.9824
2007-05-14,106.25494384765625,1.3544,1.9803
2007-05-15,106.28318786621094,1.3603,1.9862
2007-05-16,107.01020050048828,1.3522,1.9774
2007-05-17,106.7984619140625,1.3494,1.9748
2007-05-18,107.73018646240234,1.3511,1.9755
2007-05-21,107.67377471923828,1.3457,1.9695
2007-05-22,107.58905029296875,1.3464,1.9768
2007-05-23,107.60314178466797,1.3482,1.9879
2007-05-24,106.62903594970703,1.3429,1.9852
2007-05-25,107.0737533569336,1.3452,1.9845
2007-05-28,,,
2007-05-29,107.46202850341797,1.3483,1.9814
2007-05-30,108.3372573852539,1.3419,1.9747
2007-05-31,108.22428131103516,1.3453,1.9797
2007-06-01,108.7607650756836,1.344,1.9804
2007-06-04,108.7749252319336,1.3488,1.9922
2007-06-05,108.34434509277344,1.3526,1.9941
2007-06-06,107.17961120605469,1.3492,1.9915
2007-06-07,105.24554443359375,1.3456,1.9798
2007-06-08,106.61492919921875,1.3359,1.9657
2007-06-11,106.7984619140625,1.3359,1.9686
2007-06-12,105.63375091552734,1.3325,1.975
2007-06-13,107.21495819091797,1.3295,1.9728
2007-06-14,107.89962005615234,1.3311,1.9696
2007-06-15,108.51354217529297,1.3365,1.9765
2007-06-18,108.38597106933594,1.3401,1.9822
2007-06-19,108.65534973144531,1.3416,1.9884
2007-06-20,107.14532470703125,1.3426,1.9937
2007-06-21,107.74083709716797,1.3399,1.9924
2007-06-22,106.72708129882812,1.3438,1.9975
2007-06-25,106.2166519165039,1.345,1.9962
2007-06-26,105.1249008178711,1.3468,1.9997
2007-06-27,106.62074279785156,1.3433,1.9965
2007-06-28,106.6065673828125,1.3466,2.0022
2007-06-29,106.64201354980469,1.352,2.0063
2007-07-02,107.60616302490234,1.3627,2.0161
2007-07-03,107.99601745605469,1.3615,2.0168
2007-07-04,,,
2007-07-05,107.88260650634766,1.3592,2.0114
2007-07-06,108.4497299194336,1.3626,2.0119
2007-07-09,108.53482055664062,1.3623,2.0166
2007-07-10,106.98938751220703,1.3714,2.0248
2007-07-11,107.7479248046875,1.3757,2.032
2007-07-12,109.44933319091797,1.3776,2.0288
2007-07-13,109.77539825439453,1.3788,2.0344
2007-07-16,109.76121520996094,1.3785,2.0374
2007-07-17,109.7044906616211,1.3782,2.0455
2007-07-18,109.5059814453125,1.3808,2.0534
2007-07-19,109.931396484375,1.3811,2.049
2007-07-20,108.81834411621094,1.3831,2.0566
2007-07-23,109.15155029296875,1.3817,2.0585
2007-07-24,107.25877380371094,1.3824,2.0626
2007-07-25,107.4784927368164,1.3711,2.0511
2007-07-26,104.93351745605469,1.373,2.0488
2007-07-27,102.87060546875,1.3647,2.029
2007-07-30,104.47985076904297,1.3681,2.0238
2007-07-31,103.30303955078125,1.3711,2.0364
2007-08-01,103.806396484375,1.3682,2.0309
2007-08-02,104.63579559326172,1.3693,2.0346
2007-08-03,101.94189453125,1.3785,2.0426
2007-08-06,103.6504135131836,1.3789,2.0293
2007-08-07,104.75627136230469,1.3747,2.0202
2007-08-08,106.2166519165039,1.3808,2.0368
2007-08-09,103.06906127929688,1.3701,2.0271
2007-08-10,102.58702087402344,1.3686,2.0219
2007-08-13,102.95565032958984,1.3624,2.0123
2007-08-14,101.3818588256836,1.3581,2.0
2007-08-15,99.98531341552734,1.3479,1.9923
2007-08-16,100.73674011230469,1.3402,1.9829
2007-08-17,102.58702087402344,1.3492,1.9828
2007-08-20,102.53742218017578,1.3468,1.983
2007-08-21,102.74298095703125,1.3483,1.9813
2007-08-22,103.96232604980469,1.3535,1.9916
2007-08-23,103.87016296386719,1.356,2.0035
2007-08-24,105.15328216552734,1.3645,2.0099
2007-08-27,104.17499542236328,1.3645,2.0134
2007-08-28,101.88523864746094,1.3626,2.0065
2007-08-29,103.8843002319336,1.3675,2.0182
2007-08-30,103.60784912109375,1.3648,2.016
2007-08-31,104.628662109375,1.3641,2.0165
2007-09-03,,1.3641,2.0165
2007-09-04,105.68494415283203,1.3606,2.0109
2007-09-05,104.7704849243164,1.3669,2.0221
2007-09-06,105.01150512695312,1.3697,2.0242
2007-09-07,103.55119323730469,1.3772,2.0283
2007-09-10,103.35260772705078,1.3794,2.0288
2007-09-11,104.55781555175781,1.3837,2.0319
2007-09-12,104.82719421386719,1.3904,2.0314
2007-09-13,105.56449890136719,1.3885,2.0278
2007-09-14,105.55734252929688,1.3848,2.0067
2007-09-17,104.99028015136719,1.386,1.992
2007-09-18,108.08108520507812,1.3869,1.9973
2007-09-19,108.71916961669922,1.395,1.9983
2007-09-20,107.95348358154297,1.4092,2.0132
2007-09-21,108.24481201171875,1.4076,2.0208
2007-09-24,108.04537963867188,1.4086,2.0222
2007-09-25,107.8316879272461,1.4128,2.0169
2007-09-26,108.40155792236328,1.4126,2.0159
2007-09-27,109.04261016845703,1.4138,2.0235
2007-09-28,108.6792984008789,1.4219,2.0389
2007-10-01,109.90443420410156,1.4229,2.0436
2007-10-02,109.75485229492188,1.4163,2.0417
2007-10-03,109.53402709960938,1.4135,2.0369
2007-10-04,109.70499420166016,1.4128,2.0392
2007-10-05,111.00845336914062,1.4154,2.0436
2007-10-08,110.41727447509766,1.4154,2.0436
2007-10-09,111.45719909667969,1.4092,2.0331
2007-10-10,111.27201843261719,1.4157,2.0432
2007-10-11,110.73776245117188,1.4228,2.0342
2007-10-12,111.35037994384766,1.4168,2.034
2007-10-15,110.41014862060547,1.4216,2.0419
2007-10-16,109.53402709960938,1.4165,2.0327
2007-10-17,109.86878204345703,1.4208,2.0387
2007-10-18,109.46992492675781,1.4291,2.0457
2007-10-19,106.60660552978516,1.4263,2.0484
2007-10-22,107.22624206542969,1.4138,2.0279
2007-10-23,108.09527587890625,1.4248,2.0495
2007-10-24,107.89584350585938,1.4237,2.0491
2007-10-25,108.15221405029297,1.4299,2.0485
2007-10-26,109.42005920410156,1.439,2.0514
2007-10-29,109.78333282470703,1.4405,2.0609
2007-10-30,109.02119445800781,1.4424,2.0671
2007-10-31,110.15372467041016,1.4468,2.0777
2007-11-01,107.57530212402344,1.4435,2.0818
2007-11-02,107.6964111328125,1.4481,2.082
2007-11-05,106.87724304199219,1.4469,2.0799
2007-11-06,108.31603240966797,1.4555,2.0859
2007-11-07,105.35298919677734,1.4667,2.1045
2007-11-08,104.81879425048828,1.4691,2.1104
2007-11-09,103.37995147705078,1.4665,2.0911
2007-11-12,102.35430145263672,,
2007-11-13,105.47405242919922,1.4598,2.0729
2007-11-14,105.18204498291016,1.467,2.0586
2007-11-15,103.66486358642578,1.4639,2.0483
2007-11-16,103.8429183959961,1.4652,2.048
2007-11-19,102.39698791503906,1.4658,2.0478
2007-11-20,103.02386474609375,1.4787,2.0652
2007-11-21,100.9155044555664,1.4829,2.0585
2007-11-22,,1.4829,2.0585
2007-11-23,102.66059112548828,1.4825,2.0564
2007-11-26,100.3955307006836,1.4862,2.0681
2007-11-27,101.5494384765625,1.4817,2.0653
2007-11-28,104.79740142822266,1.475,2.0688
2007-11-29,104.8330078125,1.4766,2.0642
2007-11-30,105.88719940185547,1.4688,2.0567
2007-12-03,105.18914031982422,1.4657,2.0658
2007-12-04,104.24898529052734,1.4759,2.0577
2007-12-05,105.99401092529297,1.4666,2.0288
2007-12-06,107.51114654541016,1.4638,2.0289
2007-12-07,107.48982238769531,1.4664,2.0289
2007-12-10,108.32315063476562,1.4714,2.0457
2007-12-11,105.35298919677734,1.4702,2.0387
2007-12-12,106.39292907714844,1.4702,2.0494
2007-12-13,106.17208862304688,1.4591,2.0395
2007-12-14,104.8259048461914,1.4433,2.0197
2007-12-17,103.33013153076172,1.4369,2.0168
2007-12-18,103.90706634521484,1.4392,2.014
2007-12-19,103.90706634521484,1.4344,1.9931
2007-12-20,104.5623550415039,1.4353,1.9821
2007-12-21,106.06967163085938,1.4361,1.9833
2007-12-24,106.85736846923828,1.4409,1.9774
2007-12-25,,,
2007-12-26,107.08644104003906,1.45,1.9833
2007-12-27,105.74028015136719,1.4601,1.9907
2007-12-28,105.4753189086914,1.4718,1.9929
2007-12-31,104.69483947753906,1.4603,1.9843
2008-01-01,,,
2008-01-02,103.77826690673828,1.4738,1.9824
2008-01-03,103.7281723022461,1.4736,1.9733
2008-01-04,101.18612670898438,1.4786,1.9757
2008-01-07,101.1002426147461,1.4684,1.9703
2008-01-08,99.4676284790039,1.4717,1.9731
2008-01-09,100.51300048828125,1.4663,1.9564
2008-01-10,101.17182922363281,1.474,1.9565
2008-01-11,100.35550689697266,1.4787,1.9592
2008-01-14,101.16468048095703,1.4877,1.9583
2008-01-15,98.93773651123047,1.4842,1.9671
2008-01-16,98.08557891845703,1.4643,1.9638
2008-01-17,95.54358673095703,1.469,1.9744
2008-01-18,94.56260681152344,1.4616,1.9529
2008-01-21,,,
2008-01-22,93.60309600830078,1.4609,1.9577
2008-01-23,95.85150909423828,1.4574,1.9515
2008-01-24,96.6606674194336,1.4737,1.9733
2008-01-25,95.26432037353516,1.4673,1.9802
2008-01-28,96.83966827392578,1.4789,1.9857
2008-01-29,97.31944274902344,1.4767,1.9857
2008-01-30,96.6033706665039,1.4782,1.988
2008-01-31,98.36488342285156,1.4841,1.9895
2008-02-01,99.94734191894531,1.4851,1.9687
2008-02-04,98.68710327148438,1.4832,1.9777
2008-02-05,96.04484558105469,1.4638,1.9626
2008-02-06,95.27149963378906,1.4647,1.9604
2008-02-07,95.90164947509766,1.4495,1.942
2008-02-08,95.28582000732422,1.4505,1.9473
2008-02-11,95.77278137207031,1.4506,1.9486
2008-02-12,96.6606674194336,1.4592,1.9622
2008-02-13,97.6488265991211,1.4569,1.9618
2008-02-14,96.78954315185547,1.4635,1.9708
2008-02-15,96.76807403564453,1.4674,1.9613
2008-02-18,,,
2008-02-19,97.04017639160156,1.4742,1.9511
2008-02-20,97.32661437988281,1.4663,1.9405
2008-02-21,96.51744079589844,1.4813,1.9614
2008-02-22,97.11175537109375,1.4825,1.9668
2008-02-25,98.33621215820312,1.4822,1.9668
2008-02-26,99.07376861572266,1.4889,1.9747
2008-02-27,98.9735336303711,1.5132,1.9923
2008-02-28,98.00688934326172,1.5172,1.9879
2008-02-29,95.82288360595703,1.5187,1.9864
2008-03-03,95.59375762939453,1.5195,1.985
2008-03-04,95.22858428955078,1.521,1.9854
2008-03-05,95.83003997802734,1.5282,1.9939
2008-03-06,93.84654235839844,1.5356,2.0073
2008-03-07,92.8798599243164,1.5333,2.0128
2008-03-10,91.65538787841797,1.5369,2.0166
2008-03-11,94.94929504394531,1.5329,2.0041
2008-03-12,94.06134796142578,1.5495,2.0211
2008-03-13,94.2690200805664,1.5584,2.0311
2008-03-14,92.80824279785156,1.5604,2.0294
2008-03-17,91.87024688720703,1.5765,2.0008
2008-03-18,95.68682861328125,1.5784,2.0216
2008-03-19,93.31665802001953,1.5642,1.9858
2008-03-20,95.04513549804688,1.5417,1.9823
2008-03-21,,1.5447,1.9826
2008-03-24,96.9449234008789,1.5394,1.9852
2008-03-25,97.0384521484375,1.5595,1.9997
2008-03-26,95.85111999511719,1.5761,2.0019
2008-03-27,95.54885864257812,1.5798,2.0097
2008-03-28,94.63497161865234,1.5759,1.989
2008-03-31,94.96598815917969,1.5805,1.9855
2008-04-01,98.30492401123047,1.5615,1.9774
2008-04-02,98.36970520019531,1.5618,1.9827
2008-04-03,98.6143569946289,1.5667,1.9961
2008-04-04,98.50643920898438,1.5735,1.9947
2008-04-07,98.5567855834961,1.5713,1.9855
2008-04-08,98.45603942871094,1.5705,1.969
2008-04-09,97.74368286132812,1.5804,1.9726
2008-04-10,97.88037109375,1.5744,1.9742
2008-04-11,95.98064422607422,1.5796,1.9707
2008-04-14,95.65680694580078,1.5827,1.9816
2008-04-15,95.8799057006836,1.5801,1.9627
2008-04-16,98.47767639160156,1.5978,1.9756
2008-04-17,98.62156677246094,1.5924,1.9908
2008-04-18,99.65057373046875,1.5742,1.9965
2008-04-21,99.70094299316406,1.5881,1.9813
2008-04-22,99.26203918457031,1.601,1.9994
2008-04-23,99.10374450683594,1.5898,1.9786
2008-04-24,99.53547668457031,1.5668,1.9716
2008-04-25,100.4565658569336,1.5634,1.9833
2008-04-28,100.47813415527344,1.5648,1.9908
2008-04-29,100.08236694335938,1.5604,1.9747
2008-04-30,99.49229431152344,1.5568,1.9847
2008-05-01,101.55033874511719,1.5458,1.9749
2008-05-02,101.83100128173828,1.5431,1.9756
2008-05-05,101.3416748046875,1.5491,1.9679
2008-05-06,102.2196044921875,1.5548,1.9747
2008-05-07,100.39900970458984,1.537,1.9522
2008-05-08,100.1399154663086,1.5409,1.9543
2008-05-09,99.95281982421875,1.5447,1.9486
2008-05-12,101.07540130615234,1.5536,1.9616
2008-05-13,101.08985900878906,1.5509,1.947
2008-05-14,101.2984619140625,1.5467,1.9451
2008-05-15,102.5649642944336,1.5492,1.9488
2008-05-16,102.65858459472656,1.5591,1.958
2008-05-19,102.93917083740234,1.5516,1.9472
2008-05-20,102.10445404052734,1.5667,1.9705
2008-05-21,100.37740325927734,1.5772,1.9669
2008-05-22,100.39179229736328,1.5703,1.9785
2008-05-23,99.0461654663086,1.5784,1.9818
2008-05-26,,,
2008-05-27,99.78016662597656,1.5731,1.9751
2008-05-28,100.24066162109375,1.5628,1.9806
2008-05-29,100.74441528320312,1.5527,1.9759
2008-05-30,100.99626922607422,1.556,1.9793
2008-06-02,99.95281982421875,1.555,1.9666
2008-06-03,99.36994934082031,1.5454,1.965
2008-06-04,99.31958770751953,1.5453,1.9548
2008-06-05,101.3056869506836,1.556,1.9563
2008-06-06,98.07467651367188,1.5731,1.9695
2008-06-09,98.31214141845703,1.5718,1.9758
2008-06-10,97.82279205322266,1.5473,1.9543
2008-06-11,96.38362884521484,1.5562,1.9646
2008-06-12,96.75061798095703,1.5418,1.9467
2008-06-13,97.97393798828125,1.5368,1.9496
2008-06-16,98.0314712524414,1.5472,1.9637
2008-06-17,97.55655670166016,1.5519,1.9544
2008-06-18,96.60669708251953,1.5502,1.957
2008-06-19,96.72900390625,1.5502,1.9729
2008-06-20,95.15895080566406,1.5626,1.9737
2008-06-23,95.0649642944336,1.5492,1.9609
2008-06-24,94.87687683105469,1.5591,1.9707
2008-06-25,95.32530212402344,1.557,1.9672
2008-06-26,92.73624420166016,1.5738,1.9873
2008-06-27,92.22996520996094,1.5749,1.9938
2008-06-30,92.55543518066406,1.5748,1.9906
2008-07-01,92.8447036743164,1.5778,1.993
2008-07-02,91.253662109375,1.5869,1.9925
2008-07-03,91.34766387939453,1.5708,1.9825
2008-07-04,,,
2008-07-07,90.41476440429688,1.5646,1.9697
2008-07-08,92.02025604248047,1.5653,1.9685
2008-07-09,90.24840545654297,1.5744,1.9812
2008-07-10,90.61721801757812,1.5771,1.9777
2008-07-11,89.56136322021484,1.5898,1.9895
2008-07-14,88.7513427734375,1.5914,1.9925
2008-07-15,87.50023651123047,1.5923,2.0036
2008-07-16,89.64813995361328,1.5847,1.9995
2008-07-17,90.5448989868164,1.5861,2.0038
2008-07-18,91.1090087890625,1.5855,1.9985
2008-07-21,91.15962982177734,1.5877,1.9979
2008-07-22,92.19380950927734,1.5811,1.9941
2008-07-23,92.69285583496094,1.5708,2.0021
2008-07-24,90.76908874511719,1.5657,1.9832
2008-07-25,90.74739837646484,1.5687,1.988
2008-07-28,89.41669464111328,1.5747,1.9943
2008-07-29,91.32600402832031,1.5588,1.9805
2008-07-30,92.95318603515625,1.5559,1.981
2008-07-31,91.72372436523438,1.5589,1.9806
2008-08-01,91.23918914794922,1.5567,1.9743
2008-08-04,90.39302062988281,1.5569,1.9606
2008-08-05,92.8302230834961,1.5468,1.9532
2008-08-06,93.24242401123047,1.5409,1.9479
2008-08-07,91.85389709472656,1.5341,1.9439
2008-08-08,93.56068420410156,1.5047,1.9193
2008-08-11,94.52977752685547,1.4958,1.9144
2008-08-12,93.54618835449219,1.4905,1.9005
2008-08-13,92.98209381103516,1.4895,1.8682
2008-08-14,93.68359375,1.4856,1.8715
2008-08-15,94.13922119140625,1.4695,1.8651
2008-08-18,92.85194396972656,1.473,1.8673
2008-08-19,91.83944702148438,1.4746,1.8655
2008-08-20,92.26614379882812,1.4701,1.8603
2008-08-21,92.42524719238281,1.4875,1.8758
2008-08-22,93.76313781738281,1.48,1.8544
2008-08-25,91.86114501953125,1.4803,1.8587
2008-08-26,92.12874603271484,1.466,1.8387
2008-08-27,93.0255126953125,1.4684,1.8318
2008-08-28,94.15370178222656,1.4685,1.8264
2008-08-29,93.1412353515625,1.4669,1.819
2008-09-01,,,
2008-09-02,92.56262969970703,1.4522,1.7853
2008-09-03,92.48309326171875,1.4489,1.7795
2008-09-04,89.69879913330078,1.436,1.7689
2008-09-05,89.9808349609375,1.4273,1.7687
2008-09-08,91.83944702148438,1.4126,1.7543
2008-09-09,89.11296844482422,1.4173,1.7672
2008-09-10,89.47461700439453,1.402,1.7547
2008-09-11,90.76908874511719,1.3939,1.7497
2008-09-12,91.18858337402344,1.4172,1.7896
2008-09-15,86.84934997558594,1.4175,1.7877
2008-09-16,88.30299377441406,1.4155,1.7802
2008-09-17,84.33262634277344,1.4215,1.7895
2008-09-18,86.83486938476562,1.4382,1.8186
2008-09-19,90.2834243774414,1.4384,1.8297
2008-09-22,88.239501953125,1.4697,1.8484
2008-09-23,86.23187255859375,1.4737,1.8558
2008-09-24,86.50827026367188,1.4655,1.8502
2008-09-25,87.86124420166016,1.4643,1.8406
2008-09-26,87.90486907958984,1.4596,1.84
2008-09-29,81.01649475097656,1.4381,1.8044
2008-09-30,84.36975860595703,1.4081,1.7804
2008-10-01,84.42071533203125,1.4058,1.7804
2008-10-02,81.35839080810547,1.3854,1.7655
2008-10-03,80.26002502441406,1.3816,1.774
2008-10-06,76.1720962524414,1.3508,1.738
2008-10-07,72.76067352294922,1.3649,1.7592
2008-10-08,70.9276123046875,1.368,1.731
2008-10-09,65.9740982055664,1.3646,1.7225
2008-10-10,64.37385559082031,1.3471,1.7037
2008-10-13,73.72081756591797,,
2008-10-14,72.62968444824219,1.3658,1.7482
2008-10-15,65.47947692871094,1.3567,1.7432
2008-10-16,68.20720672607422,1.3416,1.7243
2008-10-17,67.79986572265625,1.3462,1.7307
2008-10-20,71.87324523925781,1.3314,1.7134
2008-10-21,69.72743225097656,1.3102,1.6837
2008-10-22,65.93047332763672,1.2835,1.6174
2008-10-23,66.6942367553711,1.2878,1.6181
2008-10-24,63.311893463134766,1.2639,1.5631
2008-10-27,61.064266204833984,1.2446,1.5472
2008-10-28,68.1999282836914,1.2476,1.5591
2008-10-29,67.70528411865234,1.2851,1.6298
2008-10-30,70.04747772216797,1.285,1.627
2008-10-31,70.43299865722656,1.2682,1.6165
2008-11-03,70.6366958618164,1.2719,1.5855
2008-11-04,73.03704833984375,1.3021,1.6095
2008-11-05,69.96748352050781,1.3039,1.6156
2008-11-06,66.09051513671875,1.2756,1.5814
2008-11-07,68.27265930175781,1.2777,1.5788
2008-11-10,67.37796783447266,1.276,1.5639
2008-11-11,65.29763793945312,,
2008-11-12,62.42448425292969,1.2558,1.5012
2008-11-13,66.31597137451172,1.2526,1.4799
2008-11-14,63.006378173828125,1.2731,1.486
2008-11-17,62.169864654541016,1.2726,1.503
2008-11-18,63.340972900390625,1.269,1.5042
2008-11-19,59.282142639160156,1.2595,1.5095
2008-11-20,54.88144302368164,1.2525,1.4789
2008-11-21,57.84189987182617,1.2531,1.4816
2008-11-24,61.8498420715332,1.289,1.5177
2008-11-25,62.30807876586914,1.303,1.5349
2008-11-26,64.71574401855469,1.2828,1.5218
2008-11-27,,,
2008-11-28,65.53038024902344,1.2694,1.5348
2008-12-01,59.72584915161133,1.2634,1.484
2008-12-02,62.02439498901367,1.2724,1.4949
2008-12-03,63.515525817871094,1.2669,1.4783
2008-12-04,62.04621505737305,1.284,1.4791
2008-12-05,63.95927047729492,1.2654,1.4606
2008-12-08,66.19233703613281,1.2942,1.4831
2008-12-09,65.10128021240234,1.2937,1.4776
2008-12-10,65.54498291015625,1.3024,1.483
2008-12-11,63.96650314331055,1.3294,1.4953
2008-12-12,64.7302474975586,1.3349,1.4874
2008-12-15,63.828285217285156,1.3664,1.5278
2008-12-16,66.83242797851562,1.381,1.532
2008-12-17,66.18507385253906,1.4358,1.5457
2008-12-18,64.94850158691406,1.4298,1.5103
2008-12-19,64.66912841796875,1.3875,1.4854
2008-12-22,63.84047317504883,1.3952,1.4805
2008-12-23,63.18052673339844,1.3966,1.4761
2008-12-24,63.54716491699219,1.3964,1.4673
2008-12-25,,,
2008-12-26,63.913856506347656,1.4062,1.47
2008-12-29,63.73049545288086,1.4232,1.4591
2008-12-30,65.24109649658203,1.4085,1.4395
2008-12-31,66.17237091064453,1.3919,1.4619
2009-01-01,,,
2009-01-02,68.16690826416016,1.3946,1.452
2009-01-05,68.08625030517578,1.3576,1.4602
2009-01-06,68.54090118408203,1.3445,1.4777
2009-01-07,66.4876708984375,1.3718,1.5254
2009-01-08,66.75899505615234,1.3714,1.519
2009-01-09,65.32902526855469,1.3495,1.5239
2009-01-12,63.759864807128906,1.3347,1.4827
2009-01-13,63.87715530395508,1.3198,1.4528
2009-01-14,61.867919921875,1.3174,1.4617
2009-01-15,61.88994598388672,1.3094,1.4602
2009-01-16,62.37388610839844,1.3244,1.4737
2009-01-19,,,
2009-01-20,59.0814094543457,1.2946,1.4023
2009-01-21,61.633270263671875,1.287,1.3728
2009-01-22,60.67998504638672,1.2955,1.384
2009-01-23,60.943973541259766,1.2849,1.3658
2009-01-26,61.361934661865234,1.3123,1.396
2009-01-27,61.98524856567383,1.3159,1.4148
2009-01-28,64.08246612548828,1.3244,1.4317
2009-01-29,61.99990463256836,1.2988,1.4262
2009-01-30,60.73865509033203,1.2804,1.4413
2009-02-02,60.555328369140625,1.2808,1.4228
2009-02-03,61.405975341796875,1.301,1.4394
2009-02-04,61.10530090332031,1.2857,1.4472
2009-02-05,62.01458740234375,1.2838,1.4633
2009-02-06,63.781829833984375,1.2874,1.4775
2009-02-09,63.86983871459961,1.3064,1.4936
2009-02-10,60.943973541259766,1.2966,1.4604
2009-02-11,61.303306579589844,1.2893,1.4367
2009-02-12,61.34730529785156,1.2822,1.4248
2009-02-13,60.68732833862305,1.2879,1.4422
2009-02-16,,,
2009-02-17,58.09148406982422,1.2571,1.4224
2009-02-18,57.9521369934082,1.2547,1.4235
2009-02-19,57.328853607177734,1.2675,1.4307
2009-02-20,56.771549224853516,1.269,1.4333
2009-02-23,54.740333557128906,1.2747,1.4553
2009-02-24,56.815555572509766,1.2742,1.4408
2009-02-25,56.36823654174805,1.2731,1.4265
2009-02-26,55.45162582397461,1.2764,1.4342
2009-02-27,54.21236038208008,1.2662,1.4276
2009-03-02,51.77049255371094,1.258,1.3989
2009-03-03,51.3818359375,1.2549,1.4034
2009-03-04,52.59909439086914,1.2607,1.4142
2009-03-05,50.4505615234375,1.2565,1.4124
2009-03-06,50.538570404052734,1.2674,1.411
2009-03-09,49.944602966308594,1.2636,1.3757
2009-03-10,52.921756744384766,1.2752,1.384
2009-03-11,53.26640319824219,1.2774,1.378
2009-03-12,55.36362075805664,1.2799,1.3811
2009-03-13,55.796287536621094,1.2891,1.3972
2009-03-16,55.62759780883789,1.2997,1.4091
2009-03-17,57.328853607177734,1.2972,1.4018
2009-03-18,58.61208724975586,1.311,1.3974
2009-03-19,57.886165618896484,1.373,1.4584
2009-03-20,56.653526306152344,1.3566,1.4435
2009-03-23,60.72289276123047,1.3569,1.4496
2009-03-24,59.52643585205078,1.3524,1.473
2009-03-25,60.154212951660156,1.3539,1.4585
2009-03-26,61.38017272949219,1.356,1.4497
2009-03-27,60.27235794067383,1.3306,1.4325
2009-03-30,58.189701080322266,1.3146,1.4148
2009-03-31,58.72883605957031,1.3261,1.43
2009-04-01,59.86619186401367,1.3223,1.4402
2009-04-02,61.61653137207031,1.3458,1.47
2009-04-03,62.22950744628906,1.3447,1.4801
2009-04-06,61.742088317871094,1.3363,1.4712
2009-04-07,60.30192184448242,1.3282,1.4744
2009-04-08,60.95184326171875,1.3288,1.4692
2009-04-09,63.37428283691406,1.3149,1.4623
2009-04-10,,1.3143,1.4635
2009-04-13,63.38903045654297,1.3354,1.4831
2009-04-14,62.295982360839844,1.3277,1.4907
2009-04-15,62.96066665649414,1.3182,1.499
2009-04-16,63.88384246826172,1.3197,1.4909
2009-04-17,64.31221771240234,1.303,1.4778
2009-04-20,61.61653137207031,1.2903,1.4532
2009-04-21,62.820343017578125,1.2978,1.4688
2009-04-22,62.43632125854492,1.3012,1.4496
2009-04-23,63.04930877685547,1.3048,1.4635
2009-04-24,64.00200653076172,1.3277,1.4697
2009-04-27,63.39642333984375,1.3136,1.4678
2009-04-28,63.196998596191406,1.3061,1.4607
2009-04-29,64.54114532470703,1.3324,1.4802
2009-04-30,64.56328582763672,1.3244,1.4799
2009-05-01,64.91043853759766,1.3267,1.4881
2009-05-04,67.11866760253906,1.3365,1.4985
2009-05-05,66.88970947265625,1.3375,1.5099
2009-05-06,68.04922485351562,1.3313,1.5063
2009-05-07,67.10387420654297,1.3411,1.5019
2009-05-08,68.66959381103516,1.3494,1.509
2009-05-11,67.38452911376953,1.362,1.5145
2009-05-12,67.18514251708984,1.3638,1.524
2009-05-13,65.493896484375,1.3612,1.5165
2009-05-14,66.05519104003906,1.3608,1.5195
2009-05-15,65.51603698730469,1.3539,1.5222
2009-05-18,67.37712097167969,1.3503,1.5309
2009-05-19,67.2959213256836,1.3608,1.5501
2009-05-20,66.84538269042969,1.3765,1.567
2009-05-21,65.88529205322266,1.3804,1.5763
2009-05-22,65.7449951171875,1.4005,1.5892
2009-05-25,,,
2009-05-26,67.42884063720703,1.3992,1.5938
2009-05-27,66.22499084472656,1.3924,1.6068
2009-05-28,67.14820861816406,1.3948,1.5956
2009-05-29,68.33727264404297,1.4126,1.616
2009-06-01,69.99156951904297,1.4192,1.6448
2009-06-02,70.05065155029297,1.427,1.6515
2009-06-03,69.16441345214844,1.4194,1.6405
2009-06-04,69.81436157226562,1.4187,1.6173
2009-06-05,69.82913970947266,1.399,1.6017
2009-06-08,69.54109191894531,1.3884,1.5976
2009-06-09,69.89558410644531,1.4014,1.6267
2009-06-10,69.71833038330078,1.3983,1.6334
2009-06-11,70.02849578857422,1.4093,1.6547
2009-06-12,70.22052764892578,1.404,1.6523
2009-06-15,68.6104965209961,1.3784,1.6268
2009-06-16,67.67996978759766,1.3878,1.6446
2009-06-17,67.61347198486328,1.385,1.6293
2009-06-18,68.10832977294922,1.3978,1.6369
2009-06-19,68.35932159423828,1.3998,1.6537
2009-06-22,66.3094711303711,1.3846,1.6343
2009-06-23,66.36145782470703,1.4035,1.6344
2009-06-24,66.9333267211914,1.4015,1.6486
2009-06-25,68.38903045654297,1.3953,1.6336
2009-06-26,68.21082305908203,1.4056,1.6498
2009-06-29,68.84953308105469,1.4058,1.6533
2009-06-30,68.29248046875,1.402,1.6452
2009-07-01,68.5747299194336,1.4186,1.6524
2009-07-02,66.70307922363281,1.4018,1.6398
2009-07-03,,1.3991,1.6336
2009-07-06,66.69571685791016,1.3938,1.623
2009-07-07,65.4033203125,1.3965,1.6158
2009-07-08,65.3587646484375,1.3852,1.6027
2009-07-09,65.48504638671875,1.4026,1.6301
2009-07-10,65.32903289794922,1.3926,1.6185
2009-07-13,66.91849517822266,1.3973,1.6179
2009-07-14,67.2972640991211,1.3971,1.6294
2009-07-15,69.2654800415039,1.4116,1.6439
2009-07-16,69.15404510498047,1.4115,1.6417
2009-07-17,69.91162109375,1.412,1.633
2009-07-20,70.654296875,1.4211,1.6494
2009-07-21,70.98115539550781,1.4196,1.6419
2009-07-22,70.96629333496094,1.422,1.6439
2009-07-23,72.53340911865234,1.4266,1.6562
2009-07-24,72.83048248291016,1.4213,1.6432
2009-07-27,73.04589080810547,1.4212,1.6486
2009-07-28,72.70420837402344,1.4215,1.6477
2009-07-29,72.52596282958984,1.4033,1.6379
2009-07-30,73.28351593017578,1.4066,1.6483
2009-07-31,73.38751983642578,1.4279,1.6713
2009-08-03,74.59813690185547,1.4416,1.6956
2009-08-04,74.79125213623047,1.44,1.6932
2009-08-05,74.57586669921875,1.4391,1.6977
2009-08-06,74.18964385986328,1.4357,1.6774
2009-08-07,75.16261291503906,1.418,1.6669
2009-08-10,75.00663757324219,1.4143,1.6487
2009-08-11,74.0708236694336,1.4141,1.6501
2009-08-12,74.86551666259766,1.4215,1.6538
2009-08-13,75.43739318847656,1.4283,1.658
2009-08-14,74.85807800292969,1.4216,1.6529
2009-08-17,73.01615142822266,1.4088,1.6323
2009-08-18,73.59545135498047,1.4075,1.6418
2009-08-19,74.2416000366211,1.4262,1.6555
2009-08-20,75.00663757324219,1.4235,1.6494
2009-08-21,76.47722625732422,1.4305,1.6503
2009-08-24,76.46980285644531,1.432,1.6417
2009-08-25,76.6183090209961,1.435,1.643
2009-08-26,76.62574005126953,1.423,1.6235
2009-08-27,76.79656219482422,1.4272,1.6212
2009-08-28,76.78170013427734,1.4358,1.6331
2009-08-31,76.09838104248047,1.4354,1.6314
2009-09-01,74.419921875,1.4235,1.6168
2009-09-02,74.13768768310547,1.4246,1.6269
2009-09-03,74.75411224365234,1.4278,1.6354
2009-09-04,75.80132293701172,1.4278,1.6378
2009-09-07,,,
2009-09-08,76.45494842529297,1.4497,1.6512
2009-09-09,77.04167175292969,1.4573,1.6557
2009-09-10,77.82889556884766,1.4568,1.6649
2009-09-11,77.8140640258789,1.4586,1.6695
2009-09-14,78.19287109375,1.4613,1.6588
2009-09-15,78.51968383789062,1.4617,1.6436
2009-09-16,79.70801544189453,1.4698,1.6501
2009-09-17,79.58919525146484,1.4735,1.6522
2009-09-18,79.63993835449219,1.4704,1.6266
2009-09-21,79.43842315673828,1.4692,1.6228
2009-09-22,79.90111541748047,1.4795,1.638
2009-09-23,79.23693084716797,1.4752,1.6404
2009-09-24,78.36382293701172,1.4696,1.6068
2009-09-25,77.94593811035156,1.4682,1.5967
2009-09-28,79.34142303466797,1.465,1.591
2009-09-29,79.10261535644531,1.4553,1.5924
2009-09-30,78.79666900634766,1.463,1.6004
2009-10-01,76.84148406982422,1.4532,1.595
2009-10-02,76.4832763671875,1.459,1.5878
2009-10-05,77.62504577636719,1.4647,1.5926
2009-10-06,78.73695373535156,1.4744,1.5904
2009-10-07,78.95335388183594,1.4675,1.5899
2009-10-08,79.5578384399414,1.4777,1.609
2009-10-09,80.04290008544922,1.4715,1.5896
2009-10-12,80.3563232421875,,
2009-10-13,80.192138671875,1.4839,1.5896
2009-10-14,81.57270050048828,1.4899,1.5974
2009-10-15,81.87118530273438,1.4945,1.6249
2009-10-16,81.25928497314453,1.4889,1.635
2009-10-19,81.93092346191406,1.4947,1.64
2009-10-20,81.49808502197266,1.4905,1.638
2009-10-21,80.76676177978516,1.5009,1.661
2009-10-22,81.587646484375,1.5003,1.6595
2009-10-23,80.65483093261719,1.5029,1.6351
2009-10-26,79.78170013427734,1.4941,1.6351
2009-10-27,79.41605377197266,1.4821,1.6334
2009-10-28,77.91606903076172,1.4763,1.6375
2009-10-29,79.58768463134766,1.4819,1.6559
2009-10-30,77.28174591064453,1.4755,1.6479
2009-11-02,77.84891510009766,1.4828,1.641
2009-11-03,78.0951919555664,1.4658,1.6383
2009-11-04,78.29669189453125,1.4836,1.6571
2009-11-05,79.7369155883789,1.4857,1.6565
2009-11-06,79.94589233398438,1.4835,1.6586
2009-11-09,81.76673889160156,1.4999,1.6721
2009-11-10,81.78166198730469,1.496,1.6681
2009-11-11,82.19956970214844,,
2009-11-12,81.36376953125,1.4865,1.6543
2009-11-13,81.80403137207031,1.4886,1.6657
2009-11-16,82.99057006835938,1.4977,1.6795
2009-11-17,83.08760833740234,1.483,1.6768
2009-11-18,83.03535461425781,1.499,1.6756
2009-11-19,81.95327758789062,1.4905,1.6658
2009-11-20,81.66226196289062,1.487,1.6529
2009-11-23,82.69956970214844,1.4968,1.6599
2009-11-24,82.82643127441406,1.4937,1.6577
2009-11-25,83.11746215820312,1.5085,1.6671
2009-11-26,,,
2009-11-27,81.76673889160156,1.4963,1.6494
2009-11-30,82.0428695678711,1.4994,1.6409
2009-12-01,83.0577392578125,1.51,1.6626
2009-12-02,83.02043914794922,1.5059,1.6641
2009-12-03,82.3711929321289,1.5081,1.6578
2009-12-04,82.84131622314453,1.4885,1.6515
2009-12-07,82.7144775390625,1.482,1.6429
2009-12-08,81.79657745361328,1.4741,1.6302
2009-12-09,82.1025390625,1.4725,1.6242
2009-12-10,82.56522369384766,1.4716,1.6257
2009-12-11,82.91595458984375,1.4601,1.6236
2009-12-14,83.48311614990234,1.4645,1.6285
2009-12-15,83.0950698852539,1.4514,1.6234
2009-12-16,83.22188568115234,1.4577,1.6369
2009-12-17,82.22196197509766,1.4317,1.6135
2009-12-18,82.68711853027344,1.4281,1.6083
2009-12-21,83.52742767333984,1.4319,1.6083
2009-12-22,83.82749938964844,1.4243,1.5956
2009-12-23,83.99256896972656,1.4341,1.5955
2009-12-24,84.39020538330078,1.4367,1.5941
2009-12-25,,,
2009-12-28,84.57030487060547,1.4392,1.6001
2009-12-29,84.4502182006836,1.4356,1.5892
2009-12-30,84.42021179199219,1.4316,1.605
2009-12-31,83.60994720458984,1.4332,1.6167
2010-01-01,,,
2010-01-04,85.02792358398438,1.4419,1.6109
2010-01-05,85.25304412841797,1.4402,1.6009
2010-01-06,85.31306457519531,1.4404,1.6016
2010-01-07,85.67318725585938,1.4314,1.5912
2010-01-08,85.95830535888672,1.4357,1.5993
2010-01-11,86.0783462524414,1.4536,1.6146
2010-01-12,85.2755126953125,1.4523,1.6181
2010-01-13,85.99581909179688,1.4492,1.6288
2010-01-14,86.2283935546875,1.4478,1.632
2010-01-15,85.26055145263672,1.4376,1.624
2010-01-18,,,
2010-01-19,86.32592010498047,1.4269,1.637
2010-01-20,85.44808959960938,1.4094,1.6287
2010-01-21,83.80503845214844,1.4106,1.6214
2010-01-22,81.93685150146484,1.4154,1.612
2010-01-25,82.35699462890625,1.4146,1.6236
2010-01-26,82.01183319091797,1.4063,1.6109
2010-01-27,82.40201568603516,1.4053,1.6204
2010-01-28,81.45670318603516,1.3993,1.6242
2010-01-29,80.57138061523438,1.387,1.6009
2010-02-01,81.82429504394531,1.3904,1.5924
2010-02-02,82.8146743774414,1.3955,1.5968
2010-02-03,82.40201568603516,1.3907,1.5915
2010-02-04,79.85861206054688,1.3759,1.5763
2010-02-05,80.02366638183594,1.3608,1.5619
2010-02-08,79.44595336914062,1.3699,1.565
2010-02-09,80.44380187988281,1.3795,1.5679
2010-02-10,80.28627014160156,1.3722,1.5606
2010-02-11,81.1265640258789,1.364,1.5674
2010-02-12,81.05902862548828,1.3625,1.5669
2010-02-15,,,
2010-02-16,82.33445739746094,1.3742,1.5732
2010-02-17,82.72464752197266,1.3623,1.5704
2010-02-18,83.21233367919922,1.3563,1.5582
2010-02-19,83.3848876953125,1.3538,1.5437
2010-02-22,83.39988708496094,1.359,1.5477
2010-02-23,82.38703155517578,1.3537,1.5464
2010-02-24,83.14476776123047,1.3576,1.5432
2010-02-25,83.0322265625,1.3476,1.5201
2010-02-26,83.08474731445312,1.366,1.5239
2010-03-01,83.94755554199219,1.3516,1.4974
2010-03-02,84.18016052246094,1.3564,1.494
2010-03-03,84.25517272949219,1.3731,1.5124
2010-03-04,84.51028442382812,1.3571,1.5031
2010-03-05,85.71821594238281,1.3608,1.5115
2010-03-08,85.73320007324219,1.3613,1.506
2010-03-09,85.87577056884766,1.3586,1.5003
2010-03-10,86.25839233398438,1.3658,1.4977
2010-03-11,86.6185073852539,1.3674,1.5052
2010-03-12,86.62602996826172,1.3753,1.5188
2010-03-15,86.64856719970703,1.3652,1.5043
2010-03-16,87.33877563476562,1.3758,1.5192
2010-03-17,87.85647583007812,1.3739,1.5296
2010-03-18,87.81146240234375,1.3603,1.5247
2010-03-19,87.36695861816406,1.353,1.5014
2010-03-22,87.83404541015625,1.3531,1.5071
2010-03-23,88.45182800292969,1.3535,1.5067
2010-03-24,88.02237701416016,1.3347,1.4914
2010-03-25,87.8792724609375,1.3344,1.4884
2010-03-26,87.82653045654297,1.3398,1.4906
2010-03-29,88.38400268554688,1.3465,1.4969
2010-03-30,88.44425964355469,1.3409,1.509
2010-03-31,88.14293670654297,1.3526,1.5186
2010-04-01,88.7456283569336,1.3569,1.529
2010-04-02,,1.3487,1.5197
2010-04-05,89.46884155273438,1.3486,1.5284
2010-04-06,89.67979431152344,1.3378,1.523
2010-04-07,89.16748809814453,1.3364,1.5246
2010-04-08,89.47637939453125,1.336,1.5272
2010-04-09,90.06400299072266,1.3468,1.5371
2010-04-12,90.2071533203125,1.3587,1.5368
2010-04-13,90.27495574951172,1.3592,1.5416
2010-04-14,91.29949188232422,1.3666,1.5484
2010-04-15,91.37483215332031,1.354,1.5465
2010-04-16,89.92086791992188,1.3487,1.5395
2010-04-19,90.25985717773438,1.3458,1.5263
2010-04-20,91.06595611572266,1.3446,1.5375
2010-04-21,90.90023040771484,1.3383,1.5397
2010-04-22,91.1714096069336,1.3298,1.5368
2010-04-23,91.7666015625,1.336,1.5363
2010-04-26,91.4200439453125,1.3336,1.5466
2010-04-27,89.25788879394531,1.323,1.5285
2010-04-28,89.9359130859375,1.313,1.516
2010-04-29,91.05089569091797,1.3243,1.5303
2010-04-30,89.50652313232422,1.3302,1.5308
2010-05-03,90.66666412353516,1.3183,1.5242
2010-05-04,88.53466033935547,1.3037,1.5135
2010-05-05,88.00730895996094,1.289,1.5134
2010-05-06,85.08428955078125,1.2689,1.4889
2010-05-07,83.81866455078125,1.2721,1.4739
2010-05-10,87.51008605957031,1.2861,1.498
2010-05-11,87.26152038574219,1.2715,1.4952
2010-05-12,88.48194122314453,1.2642,1.4855
2010-05-13,87.38204193115234,1.2568,1.4659
2010-05-14,85.79997253417969,1.239,1.4557
2010-05-17,85.8451919555664,1.2299,1.4388
2010-05-18,84.67744445800781,1.2358,1.4439
2010-05-19,84.1953353881836,1.2317,1.4349
2010-05-20,81.01616668701172,1.237,1.4344
2010-05-21,82.19894409179688,1.2575,1.4466
2010-05-24,81.14421081542969,1.2406,1.4437
2010-05-25,81.22708129882812,1.2279,1.4352
2010-05-26,80.73741912841797,1.2224,1.4401
2010-05-27,83.44197082519531,1.237,1.4569
2010-05-28,82.39479064941406,1.2369,1.4492
2010-05-31,,,
2010-06-01,81.0086441040039,1.2266,1.4673
2010-06-02,83.11804962158203,1.2206,1.4641
2010-06-03,83.40432739257812,1.2193,1.4616
2010-06-04,80.4737319946289,1.1998,1.4493
2010-06-07,79.47178649902344,1.1959,1.4498
2010-06-08,80.32306671142578,1.1995,1.4422
2010-06-09,79.89368438720703,1.2045,1.4585
2010-06-10,82.22904968261719,1.2111,1.4674
2010-06-11,82.62833404541016,1.2077,1.4545
2010-06-14,82.50029754638672,1.2277,1.477
2010-06-15,84.37611389160156,1.2327,1.4827
2010-06-16,84.34599304199219,1.2323,1.4838
2010-06-17,84.48161315917969,1.2365,1.4806
2010-06-18,84.57319641113281,1.236,1.4787
2010-06-21,84.33096313476562,1.2385,1.4826
2010-06-22,82.93819427490234,1.2303,1.485
2010-06-23,82.68085479736328,1.231,1.4952
2010-06-24,81.310791015625,1.2288,1.4986
2010-06-25,81.65142822265625,1.2332,1.4985
2010-06-28,81.3940658569336,1.2316,1.5098
2010-06-29,78.8809814453125,1.2187,1.5081
2010-06-30,78.13162231445312,1.2291,1.4947
2010-07-01,77.78341674804688,1.2464,1.5126
2010-07-02,77.35953521728516,1.2577,1.5179
2010-07-05,,,
2010-07-06,77.86669158935547,1.2646,1.518
2010-07-07,80.31919860839844,1.2594,1.5179
2010-07-08,81.11396789550781,1.2683,1.5157
2010-07-09,81.71951293945312,1.2639,1.5095
2010-07-12,81.77250671386719,1.2573,1.5016
2010-07-13,83.00636291503906,1.2719,1.5175
2010-07-14,82.9987564086914,1.2755,1.5284
2010-07-15,83.0214614868164,1.2893,1.5376
2010-07-16,80.73550415039062,1.2919,1.5289
2010-07-19,81.21237182617188,1.2963,1.5222
2010-07-20,82.1131362915039,1.2905,1.5255
2010-07-21,81.04582977294922,1.2818,1.5201
2010-07-22,82.85492706298828,1.2903,1.5283
2010-07-23,83.57404327392578,1.2874,1.5425
2010-07-26,84.44453430175781,1.2983,1.549
2010-07-27,84.43695831298828,1.2983,1.5538
2010-07-28,83.89195251464844,1.2998,1.5611
2010-07-29,83.48320007324219,1.3064,1.5591
2010-07-30,83.46805572509766,1.3069,1.5714
2010-08-02,85.35287475585938,1.3174,1.5897
2010-08-03,84.94409942626953,1.3239,1.5941
2010-08-04,85.5118179321289,1.3158,1.5887
2010-08-05,85.42097473144531,1.3157,1.586
2010-08-06,85.07280731201172,1.3282,1.5979
2010-08-09,85.52690887451172,1.3241,1.5945
2010-08-10,85.06522369384766,1.3095,1.5776
2010-08-11,82.73381042480469,1.2899,1.5688
2010-08-12,82.22666931152344,1.2866,1.5573
2010-08-13,81.98443603515625,1.2767,1.558
2010-08-16,81.94662475585938,1.2838,1.5679
2010-08-17,82.95333099365234,1.289,1.5586
2010-08-18,83.104736328125,1.2872,1.5619
2010-08-19,81.65899658203125,1.2837,1.5612
2010-08-20,81.3940658569336,1.2687,1.5515
2010-08-23,81.08367919921875,1.2663,1.5532
2010-08-24,79.880126953125,1.2675,1.5471
2010-08-25,80.19049835205078,1.2652,1.546
2010-08-26,79.65309143066406,1.2717,1.5574
2010-08-27,80.88688659667969,1.2765,1.5528
2010-08-30,79.71363067626953,1.2686,1.5473
2010-08-31,79.71363067626953,1.2704,1.5358
2010-09-01,82.09797668457031,1.2813,1.5472
2010-09-02,82.86251831054688,1.2824,1.5393
2010-09-03,83.93736267089844,1.2885,1.5452
2010-09-06,,,
2010-09-07,82.99119567871094,1.2723,1.5315
2010-09-08,83.57404327392578,1.2727,1.5513
2010-09-09,83.96007537841797,1.2708,1.5448
2010-09-10,84.38396453857422,1.2731,1.5387
2010-09-13,85.32257843017578,1.289,1.5466
2010-09-14,85.26960754394531,1.3014,1.5559
2010-09-15,85.59510803222656,1.3008,1.5641
2010-09-16,85.57234954833984,1.3079,1.5612
2010-09-17,85.60431671142578,1.3046,1.5635
2010-09-20,86.91323852539062,1.3074,1.5564
2010-09-21,86.73818969726562,1.3136,1.5551
2010-09-22,86.31204223632812,1.3385,1.5649
2010-09-23,85.6119384765625,1.3344,1.5723
2010-09-24,87.37743377685547,1.3476,1.5829
2010-09-27,86.95889282226562,1.3475,1.5851
2010-09-28,87.2632827758789,1.3583,1.5808
2010-09-29,87.11109924316406,1.3638,1.5812
2010-09-30,86.85234832763672,1.3601,1.5731
2010-10-01,87.21763610839844,1.3754,1.5829
2010-10-04,86.5632095336914,1.3688,1.5849
2010-10-05,88.30583953857422,1.3834,1.5915
2010-10-06,88.29823303222656,1.3924,1.5903
2010-10-07,88.19169616699219,1.3921,1.593
2010-10-08,88.68637084960938,1.3923,1.5951
2010-10-11,88.77005767822266,,
2010-10-12,89.04402923583984,1.3846,1.5799
2010-10-13,89.73652648925781,1.3964,1.5843
2010-10-14,89.38645935058594,1.4066,1.5992
2010-10-15,89.569091796875,1.3998,1.6027
2010-10-18,90.010498046875,1.3978,1.5907
2010-10-19,88.83096313476562,1.3827,1.5739
2010-10-20,89.69847106933594,1.3949,1.5857
2010-10-21,89.8963394165039,1.3973,1.5753
2010-10-22,90.06375885009766,1.3904,1.5677
2010-10-25,90.3301010131836,1.3986,1.5748
2010-10-26,90.34535217285156,1.3873,1.5871
2010-10-27,90.08656311035156,1.3788,1.5782
2010-10-28,90.10179138183594,1.3929,1.5945
2010-10-29,90.1702880859375,1.3894,1.602
2010-11-01,90.20072174072266,1.3888,1.605
2010-11-02,90.91606140136719,1.4026,1.601
2010-11-03,91.28135681152344,1.4014,1.608
2010-11-04,93.03923797607422,1.4224,1.6282
2010-11-05,93.3892822265625,1.4033,1.6211
2010-11-08,93.2142562866211,1.3927,1.615
2010-11-09,92.54463195800781,1.3865,1.605
2010-11-10,92.91746520996094,1.3728,1.6071
2010-11-11,92.56742095947266,,
2010-11-12,91.4715805053711,1.37,1.6172
2010-11-15,91.34225463867188,1.3615,1.6064
2010-11-16,89.9191665649414,1.3517,1.5881
2010-11-17,89.9648208618164,1.3555,1.5941
2010-11-18,91.28893280029297,1.3618,1.601
2010-11-19,91.54009246826172,1.3654,1.5961
2010-11-22,91.46395111083984,1.3612,1.5932
2010-11-23,90.13983917236328,1.3388,1.5824
2010-11-24,91.4715805053711,1.335,1.5774
2010-11-25,,,
2010-11-26,90.40621185302734,1.3243,1.5616
2010-11-29,90.68019104003906,1.3092,1.5557
2010-11-30,90.1702880859375,1.3036,1.5578
2010-12-01,92.0879898071289,1.3149,1.5603
2010-12-02,93.26754760742188,1.3228,1.561
2010-12-03,93.51866149902344,1.3367,1.5723
2010-12-06,93.41973876953125,1.3275,1.568
2010-12-07,93.47299194335938,1.3323,1.5802
2010-12-08,93.81543731689453,1.3242,1.5792
2010-12-09,94.18073272705078,1.3206,1.5733
2010-12-10,94.72863006591797,1.3242,1.5809
2010-12-13,94.78954315185547,1.3389,1.5882
2010-12-14,94.87323760986328,1.3395,1.5795
2010-12-15,94.43951416015625,1.3306,1.5613
2010-12-16,94.98738861083984,1.3206,1.5612
2010-12-17,95.08914947509766,1.3155,1.548
2010-12-20,95.31864929199219,1.3124,1.5521
2010-12-21,95.92298126220703,1.3131,1.5462
2010-12-22,96.2213363647461,1.3089,1.539
2010-12-23,96.08364868164062,1.3101,1.54
2010-12-24,,,
2010-12-27,96.12190246582031,1.3146,1.5382
2010-12-28,96.25961303710938,1.3122,1.5361
2010-12-29,96.32843017578125,1.3183,1.5463
2010-12-30,96.1754379272461,1.3269,1.5392
2010-12-31,96.19840240478516,,
2011-01-03,97.19287872314453,1.3371,1.549
2011-01-04,97.13934326171875,1.3306,1.5586
2011-01-05,97.64421844482422,1.3171,1.5497
2011-01-06,97.45296478271484,1.3027,1.549
2011-01-07,97.26172637939453,1.2944,1.556
2011-01-10,97.13934326171875,1.2945,1.5583
2011-01-11,97.48355102539062,1.2978,1.5628
2011-01-12,98.36333465576172,1.3066,1.5716
2011-01-13,98.20268249511719,1.3364,1.587
2011-01-14,98.9141616821289,1.3328,1.5874
2011-01-17,,,
2011-01-18,99.08242797851562,1.3399,1.6
2011-01-19,98.11090087890625,1.3495,1.5991
2011-01-20,97.98081970214844,1.3443,1.5875
2011-01-21,98.20268249511719,1.3581,1.5997
2011-01-24,98.76114654541016,1.3653,1.5995
2011-01-25,98.814697265625,1.3644,1.5818
2011-01-26,99.1971664428711,1.3688,1.5886
2011-01-27,99.44197845458984,1.3688,1.5905
2011-01-28,97.70542907714844,1.3607,1.5838
2011-01-31,98.4398422241211,1.3715,1.6042
2011-02-01,100.0157470703125,1.3793,1.6124
2011-02-02,99.82447052001953,1.3779,1.6167
2011-02-03,100.04630279541016,1.3654,1.6159
2011-02-04,100.32939910888672,1.3584,1.6089
2011-02-07,100.9566650390625,1.3557,1.6111
2011-02-08,101.4156494140625,1.3687,1.6091
2011-02-09,101.18616485595703,1.3688,1.6089
2011-02-10,101.22442626953125,1.3637,1.6132
2011-02-11,101.82877349853516,1.352,1.5986
2011-02-14,102.07356262207031,1.3474,1.6023
2011-02-15,101.75228881835938,1.3494,1.6128
2011-02-16,102.39483642578125,1.3547,1.6063
2011-02-17,102.70088958740234,1.3612,1.6172
2011-02-18,102.91503143310547,1.3673,1.6245
2011-02-21,,,
2011-02-22,100.84957122802734,1.3661,1.6129
2011-02-23,100.22991943359375,1.3758,1.6221
2011-02-24,100.16104888916016,1.3794,1.6106
2011-02-25,101.2320785522461,1.3757,1.6078
2011-02-28,101.85936737060547,1.3793,1.6247
2011-03-01,100.16104888916016,1.3813,1.6309
2011-03-02,100.37527465820312,1.3869,1.6311
2011-03-03,102.10417175292969,1.3947,1.6266
2011-03-04,101.33917236328125,1.3983,1.625
2011-03-07,100.54358673095703,1.3976,1.6204
2011-03-08,101.42330932617188,1.3912,1.6164
2011-03-09,101.27796936035156,1.3906,1.6202
2011-03-10,99.40373229980469,1.3823,1.6063
2011-03-11,100.09221649169922,1.3864,1.6033
2011-03-14,99.48786926269531,1.3975,1.6181
2011-03-15,98.34805297851562,1.3968,1.6064
2011-03-16,96.52732849121094,1.3922,1.6028
2011-03-17,97.80485534667969,1.4021,1.6143
2011-03-18,98.16059112548828,1.4141,1.6187
2011-03-21,99.681884765625,1.4184,1.6276
2011-03-22,99.33617401123047,1.4212,1.6387
2011-03-23,99.6203842163086,1.4124,1.6246
2011-03-24,100.5731201171875,1.42,1.6159
2011-03-25,100.88047790527344,1.4144,1.6086
2011-03-28,100.63461303710938,1.4104,1.6024
2011-03-29,101.31071472167969,1.409,1.5983
2011-03-30,102.00990295410156,1.4095,1.6038
2011-03-31,101.87157440185547,1.4183,1.6048
2011-04-01,102.3018569946289,1.4215,1.6132
2011-04-04,102.38641357421875,1.4221,1.6129
2011-04-05,102.37100982666016,1.423,1.6282
2011-04-06,102.69368743896484,1.4333,1.6314
2011-04-07,102.4324951171875,1.4287,1.6304
2011-04-08,102.07904815673828,1.4437,1.6341
2011-04-11,101.7717514038086,1.4454,1.6386
2011-04-12,101.01106262207031,1.4455,1.6263
2011-04-13,101.00340270996094,1.4477,1.6285
2011-04-14,101.08023834228516,1.4464,1.635
2011-04-15,101.44900512695312,1.4443,1.6325
2011-04-18,100.31189727783203,1.4211,1.6229
2011-04-19,100.88813781738281,1.4319,1.6315
2011-04-20,102.26348876953125,1.4513,1.6405
2011-04-21,102.78590393066406,1.4585,1.6572
2011-04-22,,1.4545,1.6517
2011-04-25,102.67832946777344,1.4576,1.6497
2011-04-26,103.56188201904297,1.4625,1.6465
2011-04-27,104.2380142211914,1.4659,1.653
2011-04-28,104.57606506347656,1.4785,1.6636
2011-04-29,104.82197570800781,1.4821,1.6691
2011-05-02,104.66058349609375,1.487,1.669
2011-05-03,104.28411102294922,1.4875,1.6536
2011-05-04,103.5926284790039,1.4859,1.6524
2011-05-05,102.65528106689453,1.4583,1.6427
2011-05-06,103.10858917236328,1.4495,1.6417
2011-05-09,103.50816345214844,1.4301,1.6338
2011-05-10,104.39167022705078,1.4358,1.6331
2011-05-11,103.29302978515625,1.4269,1.6412
2011-05-12,103.78471374511719,1.4229,1.629
2011-05-13,102.98564147949219,1.4141,1.6179
2011-05-16,102.33258056640625,1.4219,1.624
2011-05-17,102.31722259521484,1.4155,1.6206
2011-05-18,103.23152160644531,1.427,1.6148
2011-05-19,103.47736358642578,1.4254,1.6179
2011-05-20,102.65528106689453,1.4172,1.6222
2011-05-23,101.46440887451172,1.4015,1.6102
2011-05-24,101.37985229492188,1.4107,1.6185
2011-05-25,101.71794128417969,1.4102,1.6277
2011-05-26,102.18661499023438,1.4088,1.6346
2011-05-27,102.57847595214844,1.4287,1.6494
2011-05-30,,,
2011-05-31,103.64640808105469,1.4376,1.6439
2011-06-01,101.31841278076172,1.4431,1.6391
2011-06-02,101.21086120605469,1.4426,1.6325
2011-06-03,100.20433044433594,1.4604,1.6397
2011-06-06,99.1440658569336,1.462,1.6362
2011-06-07,99.08261108398438,1.4675,1.6444
2011-06-08,98.66768646240234,1.4587,1.6381
2011-06-09,99.420654296875,1.4534,1.6382
2011-06-10,98.03766632080078,1.4365,1.6254
2011-06-13,98.11451721191406,1.4368,1.6308
2011-06-14,99.35919189453125,1.4473,1.6388
2011-06-15,97.59204864501953,1.4221,1.6218
2011-06-16,97.80720520019531,1.4155,1.613
2011-06-17,98.09906768798828,1.4326,1.6186
2011-06-20,98.6009521484375,1.432,1.6206
2011-06-21,99.95216369628906,1.4399,1.6232
2011-06-22,99.34988403320312,1.4403,1.6131
2011-06-23,99.06421661376953,1.4166,1.5977
2011-06-24,97.91373443603516,1.4189,1.5985
2011-06-27,98.7862319946289,1.4282,1.5972
2011-06-28,100.07573699951172,1.4368,1.6016
2011-06-29,100.9327621459961,1.4428,1.607
2011-06-30,101.89791107177734,1.4523,1.6067
2011-07-01,103.40357208251953,1.4508,1.607
2011-07-04,,,
2011-07-05,103.31864166259766,1.447,1.6085
2011-07-06,103.44220733642578,1.4329,1.5998
2011-07-07,104.51546478271484,1.4349,1.5967
2011-07-08,103.77417755126953,1.4251,1.603
2011-07-11,101.89791107177734,1.4034,1.5932
2011-07-12,101.45780944824219,1.4014,1.594
2011-07-13,101.79756927490234,1.4167,1.6111
2011-07-14,101.09490966796875,1.4182,1.6125
2011-07-15,101.68173217773438,1.4156,1.6149
2011-07-18,100.84781646728516,1.4042,1.6024
2011-07-19,102.4847640991211,1.4156,1.6135
2011-07-20,102.4229736328125,1.4188,1.6139
2011-07-21,103.84371948242188,1.4372,1.6301
2011-07-22,103.91319274902344,1.4366,1.6319
2011-07-25,103.3341064453125,1.4357,1.6285
2011-07-26,102.94804382324219,1.4495,1.6392
2011-07-27,100.840087890625,1.4373,1.6357
2011-07-28,100.54672241210938,1.4303,1.6338
2011-07-29,99.85950469970703,1.4388,1.6455
2011-08-01,99.43486022949219,1.4202,1.6278
2011-08-02,96.89453887939453,1.4232,1.6287
2011-08-03,97.41960144042969,1.432,1.6406
2011-08-04,92.85631561279297,1.4158,1.6308
2011-08-05,92.71732330322266,1.4158,1.6362
2011-08-08,86.67924499511719,1.4241,1.6354
2011-08-09,90.70978546142578,1.4242,1.6194
2011-08-10,86.70240783691406,1.4193,1.6169
2011-08-11,90.59393310546875,1.423,1.6228
2011-08-12,91.2039566040039,1.4239,1.6284
2011-08-15,93.1342544555664,1.4452,1.6387
2011-08-16,92.33895874023438,1.4421,1.6424
2011-08-17,92.4007339477539,1.4436,1.6591
2011-08-18,88.41653442382812,1.432,1.6489
2011-08-19,86.97266387939453,1.4408,1.6544
2011-08-22,87.04216766357422,1.4384,1.6452
2011-08-23,89.9067611694336,1.4431,1.6509
2011-08-24,91.17305755615234,1.4402,1.6375
2011-08-25,89.783203125,1.438,1.6289
2011-08-26,91.08812713623047,1.4463,1.6321
2011-08-29,93.70562744140625,1.451,1.6398
2011-08-30,93.95270538330078,1.4435,1.6279
2011-08-31,94.36967468261719,1.4406,1.6269
2011-09-01,93.38133239746094,1.4283,1.6179
2011-09-02,90.99546813964844,1.4203,1.619
2011-09-05,,,
2011-09-06,90.33142852783203,1.3999,1.5954
2011-09-07,92.87947082519531,1.4058,1.5948
2011-09-08,91.91426849365234,1.3947,1.6021
2011-09-09,89.50524139404297,1.3666,1.587
2011-09-12,90.0843505859375,1.3635,1.5814
2011-09-13,90.91051483154297,1.368,1.5805
2011-09-14,92.16910552978516,1.371,1.5773
2011-09-15,93.75968170166016,1.3858,1.5808
2011-09-16,94.3145980834961,1.3783,1.5802
2011-09-19,93.37551879882812,1.3636,1.5674
2011-09-20,93.26685333251953,1.3697,1.5718
2011-09-21,90.51935577392578,1.3724,1.5619
2011-09-22,87.5933837890625,1.3446,1.5358
2011-09-23,88.12113952636719,1.3518,1.5475
2011-09-26,90.21666717529297,1.3516,1.5553
2011-09-27,91.22563934326172,1.3606,1.5681
2011-09-28,89.36296081542969,1.3628,1.5648
2011-09-29,90.06919860839844,1.3639,1.5685
2011-09-30,87.8184585571289,1.3449,1.5624
2011-10-03,85.31932067871094,1.3281,1.5474
2011-10-04,87.18978881835938,1.3294,1.5403
2011-10-05,88.80412292480469,1.3328,1.5436
2011-10-06,90.41069030761719,1.3408,1.5398
2011-10-07,89.8053207397461,1.3512,1.5628
2011-10-10,92.8089599609375,,
2011-10-11,92.90205383300781,1.3657,1.5594
2011-10-12,93.71701049804688,1.3805,1.5757
2011-10-13,93.53076171875,1.373,1.5729
2011-10-14,95.12955474853516,1.3861,1.5808
2011-10-17,93.31341552734375,1.377,1.5778
2011-10-18,95.1373291015625,1.3719,1.5654
2011-10-19,94.01188659667969,1.3775,1.5799
2011-10-20,94.42325592041016,1.3672,1.5726
2011-10-21,96.21610260009766,1.3873,1.5945
2011-10-24,97.39583587646484,1.3932,1.5986
2011-10-25,95.50208282470703,1.3911,1.5994
2011-10-26,96.47223663330078,1.3838,1.5905
2011-10-27,99.83283996582031,1.4172,1.6081
2011-10-28,99.80956268310547,1.4164,1.613
2011-10-31,97.4035873413086,1.3947,1.6141
2011-11-01,94.68716430664062,1.3676,1.5946
2011-11-02,96.23162841796875,1.3803,1.5974
2011-11-03,97.9856948852539,1.3744,1.5959
2011-11-04,97.3880615234375,1.3761,1.6026
2011-11-07,97.99346160888672,1.3744,1.6024
2011-11-08,99.2507553100586,1.3785,1.6076
2011-11-09,95.58744812011719,1.3596,1.5958
2011-11-10,96.48776245117188,1.36,1.5935
2011-11-11,98.30386352539062,,
2011-11-14,97.37252807617188,1.3625,1.5899
2011-11-15,97.853759765625,1.3524,1.5818
2011-11-16,96.3014907836914,1.3505,1.577
2011-11-17,94.77250671386719,1.3522,1.5801
2011-11-18,94.671630859375,1.3521,1.5783
2011-11-21,92.87101745605469,1.3525,1.5662
2011-11-22,92.5062484741211,1.35,1.5646
2011-11-23,90.46504974365234,1.3347,1.5511
2011-11-24,,,
2011-11-25,90.29431915283203,1.3244,1.5467
2011-11-28,92.90979766845703,1.3334,1.5538
2011-11-29,93.1737060546875,1.3343,1.5625
2011-11-30,97.00775146484375,1.3453,1.5705
2011-12-01,96.99225616455078,1.3487,1.5698
2011-12-02,96.90685272216797,1.3386,1.5592
2011-12-05,97.96240997314453,1.3463,1.5689
2011-12-06,97.99346160888672,1.3397,1.558
2011-12-07,98.35823822021484,1.3386,1.5691
2011-12-08,96.20061492919922,1.3324,1.5635
2011-12-09,97.8304443359375,1.3368,1.5642
2011-12-12,96.40238189697266,1.3188,1.5597
2011-12-13,95.50208282470703,1.3094,1.5528
2011-12-14,94.48536682128906,1.2972,1.5445
2011-12-15,94.82685089111328,1.3013,1.5486
2011-12-16,94.96745300292969,1.3025,1.5514
2011-12-19,93.95207214355469,1.3017,1.5531
2011-12-20,96.79509735107422,1.3076,1.5674
2011-12-21,96.98252868652344,1.304,1.568
2011-12-22,97.84169006347656,1.3045,1.5667
2011-12-23,98.71646118164062,1.304,1.5615
2011-12-26,,,
2011-12-27,98.79456329345703,1.3074,1.5671
2011-12-28,97.49806213378906,1.2926,1.5478
2011-12-29,98.5055923461914,1.2952,1.5386
2011-12-30,98.02133178710938,1.2973,1.5537
2012-01-02,,,
2012-01-03,99.58340454101562,1.3061,1.5655
2012-01-04,99.73961639404297,1.293,1.5638
2012-01-05,100.00519561767578,1.2783,1.548
2012-01-06,99.7474594116211,1.2723,1.5431
2012-01-09,99.98957061767578,1.2745,1.5436
2012-01-10,100.85651397705078,1.2782,1.5489
2012-01-11,100.91120910644531,1.2686,1.5325
2012-01-12,101.15335083007812,1.2818,1.5325
2012-01-13,100.63001251220703,1.2682,1.5301
2012-01-16,,,
2012-01-17,101.02055358886719,1.274,1.5356
2012-01-18,102.13748168945312,1.2825,1.541
2012-01-19,102.67636108398438,1.2937,1.5484
2012-01-20,103.05908966064453,1.2948,1.554
2012-01-23,102.79351043701172,1.3035,1.5582
2012-01-24,102.67636108398438,1.3004,1.5595
2012-01-25,103.53553771972656,1.2978,1.557
2012-01-26,103.00437927246094,1.3152,1.5706
2012-01-27,102.95755004882812,1.3192,1.5716
2012-01-30,102.6060791015625,1.3123,1.569
2012-01-31,102.5670166015625,1.3053,1.5754
2012-02-01,103.46526336669922,1.3179,1.5849
2012-02-02,103.62925720214844,1.3167,1.5813
2012-02-03,105.08198547363281,1.3106,1.5779
2012-02-06,105.01171875,1.313,1.5832
2012-02-07,105.27725982666016,1.3244,1.5891
2012-02-08,105.58968353271484,1.3253,1.582
2012-02-09,105.72245025634766,1.3297,1.5838
2012-02-10,104.94139862060547,1.3187,1.5748
2012-02-13,105.72245025634766,1.3211,1.578
2012-02-14,105.58968353271484,1.3149,1.5691
2012-02-15,105.09762573242188,1.3087,1.571
2012-02-16,106.26138305664062,1.311,1.5795
2012-02-17,106.54252624511719,1.3149,1.5813
2012-02-20,,,
2012-02-21,106.58943939208984,1.3255,1.5796
2012-02-22,106.24578857421875,1.3251,1.5677
2012-02-23,106.71436309814453,1.3308,1.57
2012-02-24,106.94869995117188,1.3463,1.5869
2012-02-27,107.12835693359375,1.341,1.5845
2012-02-28,107.44076538085938,1.3452,1.5887
2012-02-29,107.01900482177734,1.3359,1.5951
2012-03-01,107.57357025146484,1.332,1.5953
2012-03-02,107.24549865722656,1.3202,1.5852
2012-03-05,106.80810546875,1.3226,1.587
2012-03-06,105.24598693847656,1.3114,1.572
2012-03-07,105.98019409179688,1.3149,1.5746
2012-03-08,107.03461456298828,1.3256,1.5822
2012-03-09,107.44855499267578,1.3108,1.5677
2012-03-12,107.45636749267578,1.3141,1.5615
2012-03-13,109.39337921142578,1.3109,1.5736
2012-03-14,109.2762680053711,1.3025,1.5686
2012-03-15,109.90888977050781,1.307,1.5669
2012-03-16,110.06108093261719,1.3171,1.5845
2012-03-19,110.49250793457031,1.3242,1.5894
2012-03-20,110.17086791992188,1.3222,1.5857
2012-03-21,109.99044799804688,1.319,1.5848
2012-03-22,109.1981201171875,1.3194,1.5807
2012-03-23,109.55113220214844,1.3263,1.5864
2012-03-26,111.0887222290039,1.3328,1.5939
2012-03-27,110.74354553222656,1.3336,1.5972
2012-03-28,110.19439697265625,1.33,1.5855
2012-03-29,110.00615692138672,1.3265,1.5911
2012-03-30,110.46111297607422,1.3334,1.5985
2012-04-02,111.26911926269531,1.3325,1.6022
2012-04-03,110.81414031982422,1.3337,1.5966
2012-04-04,109.71588134765625,1.3126,1.5879
2012-04-05,109.66093444824219,1.3064,1.5822
2012-04-06,,1.3089,1.5877
2012-04-09,108.42935180664062,1.3087,1.5879
2012-04-10,106.6093978881836,1.3068,1.5836
2012-04-11,107.47230529785156,1.3104,1.5892
2012-04-12,108.87650299072266,1.3171,1.5939
2012-04-13,107.58212280273438,1.3082,1.5851
2012-04-16,107.51150512695312,1.3067,1.5865
2012-04-17,109.10398864746094,1.3123,1.5931
2012-04-18,108.73526000976562,1.3122,1.602
2012-04-19,108.037109375,1.3132,1.6058
2012-04-20,108.2175521850586,1.3212,1.6123
2012-04-23,107.30758666992188,1.3129,1.6102
2012-04-24,107.71550750732422,1.3207,1.6135
2012-04-25,109.1903076171875,1.321,1.6146
2012-04-26,109.95124816894531,1.3232,1.6188
2012-04-27,110.13166046142578,1.3248,1.6239
2012-04-30,109.72373962402344,1.3229,1.6225
2012-05-01,110.4062271118164,1.3226,1.6221
2012-05-02,110.07672882080078,1.3154,1.6193
2012-05-03,109.23737335205078,1.3147,1.6185
2012-05-04,107.47230529785156,1.3091,1.6148
2012-05-07,107.55072784423828,1.3052,1.6192
2012-05-08,107.11927032470703,1.3015,1.6159
2012-05-09,106.48384094238281,1.2954,1.613
2012-05-10,106.7035140991211,1.2959,1.6161
2012-05-11,106.38188934326172,1.2937,1.608
2012-05-14,105.2051773071289,1.2847,1.6116
2012-05-15,104.6011734008789,1.2769,1.6025
2012-05-16,104.20105743408203,1.273,1.5933
2012-05-17,102.65567016601562,1.2709,1.5823
2012-05-18,101.7770767211914,1.2721,1.5788
2012-05-21,103.52642822265625,1.2769,1.579
2012-05-22,103.70684814453125,1.2735,1.5775
2012-05-23,103.76174926757812,1.2569,1.5691
2012-05-24,103.96571350097656,1.2583,1.5698
2012-05-25,103.6283950805664,1.2518,1.5648
2012-05-28,,,
2012-05-29,104.883544921875,1.2488,1.563
2012-05-30,103.36170196533203,1.2405,1.5532
2012-05-31,103.13420867919922,1.2364,1.5405
2012-06-01,100.53759765625,1.242,1.5383
2012-06-04,100.49054718017578,1.2495,1.5382
2012-06-05,101.25148010253906,1.2437,1.5355
2012-06-06,103.52642822265625,1.2535,1.5475
2012-06-07,103.58918762207031,1.2568,1.5557
2012-06-08,104.41288757324219,1.2482,1.5433
2012-06-11,103.08711242675781,1.2504,1.5515
2012-06-12,104.27166748046875,1.2477,1.5562
2012-06-13,103.6048583984375,1.2596,1.5557
2012-06-14,104.703125,1.2608,1.5533
2012-06-15,105.77395629882812,1.2633,1.5654
2012-06-18,105.97897338867188,1.2578,1.5665
2012-06-19,107.00407409667969,1.2692,1.5732
2012-06-20,106.83060455322266,1.2703,1.575
2012-06-21,104.43345642089844,1.2586,1.5633
2012-06-22,105.23774719238281,1.2545,1.5582
2012-06-25,103.55028533935547,1.248,1.5555
2012-06-26,104.07071685791016,1.2471,1.562
2012-06-27,105.00907897949219,1.2457,1.5549
2012-06-28,104.70943450927734,1.2433,1.5503
2012-06-29,107.31947326660156,1.2668,1.5686
2012-07-02,107.64277648925781,1.2584,1.5679
2012-07-03,108.35244750976562,1.262,1.5702
2012-07-04,,,
2012-07-05,107.86359405517578,1.2384,1.5531
2012-07-06,106.83850860595703,1.2283,1.548
2012-07-09,106.70441436767578,1.2299,1.5507
2012-07-10,105.77395629882812,1.2255,1.5506
2012-07-11,105.78971099853516,1.2244,1.5532
2012-07-12,105.27714538574219,1.2199,1.5425
2012-07-13,107.04348754882812,1.2232,1.555
2012-07-16,106.79115295410156,1.2267,1.5635
2012-07-17,107.5245132446289,1.2234,1.5613
2012-07-18,108.32096099853516,1.2261,1.5636
2012-07-19,108.6048355102539,1.2257,1.5719
2012-07-20,107.61125183105469,1.2176,1.563
2012-07-23,106.52306365966797,1.2126,1.5512
2012-07-24,105.60836029052734,1.2062,1.5521
2012-07-25,105.63201904296875,1.2132,1.5479
2012-07-26,107.37468719482422,1.228,1.5683
2012-07-27,109.35388946533203,1.237,1.5728
2012-07-30,109.35388946533203,1.225,1.5694
2012-07-31,108.5889892578125,1.2315,1.5686
2012-08-01,108.49443054199219,1.2299,1.5596
2012-08-02,107.74527740478516,1.2149,1.55
2012-08-03,109.88220977783203,1.239,1.565
2012-08-06,110.09514617919922,1.2422,1.5625
2012-08-07,110.6470718383789,1.2422,1.5658
2012-08-08,110.78115844726562,1.2364,1.5659
2012-08-09,110.8757553100586,1.2278,1.5623
2012-08-10,111.0571060180664,1.2298,1.5679
2012-08-13,111.00193786621094,1.2339,1.569
2012-08-14,111.01770782470703,1.2329,1.5692
2012-08-15,111.14385223388672,1.2288,1.5686
2012-08-16,111.96395111083984,1.2356,1.5738
2012-08-17,112.11376953125,1.2315,1.5697
2012-08-20,112.12165069580078,1.2343,1.5707
2012-08-21,111.78257751464844,1.2472,1.5788
2012-08-22,111.82991027832031,1.2472,1.58
2012-08-23,110.91516876220703,1.2583,1.5882
2012-08-24,111.58544158935547,1.2533,1.5815
2012-08-27,111.60910034179688,1.2514,1.58
2012-08-28,111.49873352050781,1.2564,1.5828
2012-08-29,111.58544158935547,1.2538,1.5839
2012-08-30,110.78115844726562,1.2497,1.5794
2012-08-31,111.3094711303711,1.2578,1.5864
2012-09-03,,,
2012-09-04,111.20691680908203,1.2566,1.5889
2012-09-05,111.1123275756836,1.2603,1.5907
2012-09-06,113.3675308227539,1.2626,1.5922
2012-09-07,113.80915069580078,1.2796,1.6016
2012-09-10,113.16252136230469,1.2795,1.6009
2012-09-11,113.47794342041016,1.2858,1.6071
2012-09-12,113.85643005371094,1.2894,1.6111
2012-09-13,115.5912094116211,1.2912,1.6125
2012-09-14,116.10377502441406,1.3142,1.6244
2012-09-17,115.70947265625,1.3125,1.6263
2012-09-18,115.61485290527344,1.3051,1.6251
2012-09-19,115.67793273925781,1.3065,1.6219
2012-09-20,115.68582916259766,1.2948,1.6198
2012-09-21,115.63748931884766,1.299,1.6251
2012-09-24,115.46305084228516,1.2909,1.6199
2012-09-25,114.23434448242188,1.2945,1.6232
2012-09-26,113.59217834472656,1.2852,1.6145
2012-09-27,114.66239166259766,1.2874,1.6217
2012-09-28,114.13123321533203,1.2856,1.6132
2012-10-01,114.43254089355469,1.29,1.6142
2012-10-02,114.55146026611328,1.2951,1.6186
2012-10-03,115.01913452148438,1.2909,1.6077
2012-10-04,115.84359741210938,1.3001,1.6165
2012-10-05,115.85150909423828,1.3059,1.6196
2012-10-08,115.45513153076172,,
2012-10-09,114.31358337402344,1.2876,1.5987
2012-10-10,113.5842514038086,1.2888,1.6007
2012-10-11,113.6476821899414,1.2928,1.6028
2012-10-12,113.2751235961914,1.2946,1.6075
2012-10-15,114.21849060058594,1.295,1.6069
2012-10-16,115.3758544921875,1.3036,1.6101
2012-10-17,115.89905548095703,1.3133,1.6165
2012-10-18,115.59783935546875,1.3106,1.6141
2012-10-19,113.67145538330078,1.3022,1.6003
2012-10-22,113.68733978271484,1.3063,1.6028
2012-10-23,112.10977935791016,1.2971,1.5932
2012-10-24,111.79265594482422,1.2946,1.6015
2012-10-25,112.11769104003906,1.2958,1.6119
2012-10-26,112.05426025390625,1.2938,1.6098
2012-10-29,,1.2906,1.6025
2012-10-30,,1.2979,1.6083
2012-10-31,112.05426025390625,1.2958,1.6111
2012-11-01,113.22755432128906,1.2937,1.6142
2012-11-02,112.22074127197266,1.2848,1.6036
2012-11-05,112.4506607055664,1.279,1.5977
2012-11-06,113.33058166503906,1.2818,1.5985
2012-11-07,110.76210021972656,1.2759,1.5975
2012-11-08,109.4302749633789,1.274,1.5979
2012-11-09,109.5254135131836,1.2715,1.5912
2012-11-12,109.61266326904297,,
2012-11-13,109.23210144042969,1.2716,1.5885
2012-11-14,107.75757598876953,1.274,1.5849
2012-11-15,107.57528686523438,1.2783,1.5865
2012-11-16,108.10639953613281,1.2715,1.5866
2012-11-19,110.29436492919922,1.2806,1.5908
2012-11-20,110.34195709228516,1.2814,1.5927
2012-11-21,110.54804229736328,1.2816,1.5936
2012-11-22,,,
2012-11-23,112.05426025390625,1.2959,1.6032
2012-11-26,111.81645965576172,1.2966,1.6014
2012-11-27,111.24569702148438,1.294,1.6028
2012-11-28,112.14144134521484,1.2923,1.5997
2012-11-29,112.66465759277344,1.2953,1.6026
2012-11-30,112.6884536743164,1.301,1.6027
2012-12-03,112.1335220336914,1.3066,1.6104
2012-12-04,111.97496795654297,1.3081,1.6097
2012-12-05,112.17314910888672,1.3077,1.6102
2012-12-06,112.55371856689453,1.2968,1.6066
2012-12-07,112.8946304321289,1.2942,1.6031
2012-12-10,112.94210815429688,1.293,1.6068
2012-12-11,113.71109008789062,1.2992,1.6103
2012-12-12,113.76661682128906,1.3038,1.6132
2012-12-13,113.06895446777344,1.3077,1.613
2012-12-14,112.64884948730469,1.3134,1.6139
2012-12-17,113.97270965576172,1.3169,1.6203
2012-12-18,115.24110412597656,1.3224,1.6256
2012-12-19,114.3849105834961,1.326,1.6275
2012-12-20,115.0429458618164,1.3224,1.6268
2012-12-21,113.99862670898438,1.3166,1.6167
2012-12-24,113.6473388671875,1.3179,1.6113
2012-12-25,,,
2012-12-26,113.1683578491211,1.3228,1.6118
2012-12-27,113.01665496826172,1.3228,1.6106
2012-12-28,111.795166015625,1.322,1.6157
2012-12-31,113.69532775878906,1.3186,1.6262
2013-01-01,,,
2013-01-02,116.60933685302734,1.3195,1.6255
2013-01-03,116.34589385986328,1.311,1.6151
2013-01-04,116.8567886352539,1.3047,1.6036
2013-01-07,116.53743743896484,1.3099,1.608
2013-01-08,116.20217895507812,1.3068,1.604
2013-01-09,116.49755096435547,1.3078,1.6024
2013-01-10,117.42364501953125,1.322,1.6125
2013-01-11,117.41570281982422,1.3353,1.6128
2013-01-14,117.3358383178711,1.3369,1.6077
2013-01-15,117.41570281982422,1.3342,1.6089
2013-01-16,117.39972686767578,1.3305,1.6009
2013-01-17,118.15812683105469,1.3356,1.5991
2013-01-18,118.42160034179688,1.3303,1.5876
2013-01-21,,,
2013-01-22,119.0602798461914,1.3304,1.5862
2013-01-23,119.2518539428711,1.3308,1.5848
2013-01-24,119.2838134765625,1.3378,1.5789
2013-01-25,119.9544677734375,1.3456,1.5799
2013-01-28,119.81079864501953,1.3459,1.5686
2013-01-29,120.28179168701172,1.3484,1.5751
2013-01-30,119.81079864501953,1.3564,1.5793
2013-01-31,119.51539611816406,1.3584,1.5856
2013-02-01,120.7448501586914,1.3692,1.5744
2013-02-04,119.38762664794922,1.3527,1.5737
2013-02-05,120.59323120117188,1.3569,1.5652
2013-02-06,120.68099975585938,1.3528,1.5655
2013-02-07,120.5213394165039,1.3382,1.5712
2013-02-08,121.19193267822266,1.3366,1.5814
2013-02-11,121.16796875,1.3414,1.5668
2013-02-12,121.36762237548828,1.345,1.5654
2013-02-13,121.47137451171875,1.3448,1.5544
2013-02-14,121.58314514160156,1.3334,1.5502
2013-02-15,121.43942260742188,1.3362,1.5518
2013-02-18,,,
2013-02-19,122.3495864868164,1.3387,1.5432
2013-02-20,120.82467651367188,1.335,1.5301
2013-02-21,120.09017944335938,1.3204,1.5263
2013-02-22,121.26378631591797,1.3166,1.5256
2013-02-25,118.95648956298828,1.3172,1.5112
2013-02-26,119.77080535888672,1.3054,1.5125
2013-02-27,121.27972412109375,1.3104,1.5134
2013-02-28,121.04022979736328,1.3079,1.5192
2013-03-01,121.43942260742188,1.2988,1.5033
2013-03-04,122.08606719970703,1.2996,1.5084
2013-03-05,123.17985534667969,1.3019,1.5098
2013-03-06,123.34757995605469,1.299,1.5036
2013-03-07,123.57106018066406,1.3098,1.5032
2013-03-08,124.09803009033203,1.2992,1.4926
2013-03-11,124.56900024414062,1.3014,1.4898
2013-03-12,124.2895736694336,1.3023,1.4877
2013-03-13,124.46524810791016,1.2949,1.4925
2013-03-14,125.12784576416016,1.2974,1.5039
2013-03-15,124.96269989013672,1.3076,1.5124
2013-03-18,124.27299499511719,1.2956,1.5113
2013-03-19,123.98432922363281,1.2888,1.5118
2013-03-20,124.8504409790039,1.295,1.5133
2013-03-21,123.78386688232422,1.2928,1.518
2013-03-22,124.77823638916016,1.2996,1.5239
2013-03-25,124.25696563720703,1.2881,1.5184
2013-03-26,125.25139617919922,1.2858,1.5156
2013-03-27,125.25139617919922,1.2782,1.5112
2013-03-28,125.63629150390625,1.2842,1.5184
2013-03-29,,1.2816,1.5193
2013-04-01,125.13909912109375,1.2857,1.5232
2013-04-02,125.756591796875,1.2836,1.5113
2013-04-03,124.48155212402344,1.2847,1.514
2013-04-04,124.98674011230469,1.2854,1.5198
2013-04-05,124.42538452148438,1.3027,1.5336
2013-04-08,125.26736450195312,1.3008,1.5257
2013-04-09,125.70040893554688,1.3092,1.5317
2013-04-10,127.24015808105469,1.306,1.5315
2013-04-11,127.65711975097656,1.3124,1.5403
2013-04-12,127.34436798095703,1.3094,1.5373
2013-04-15,124.39334106445312,1.3082,1.532
2013-04-16,126.22970581054688,1.3141,1.5316
2013-04-17,124.3853530883789,1.3049,1.5255
2013-04-18,123.60746002197266,1.3072,1.5282
2013-04-19,124.6820068359375,1.3066,1.5254
2013-04-22,125.23529815673828,1.305,1.5262
2013-04-23,126.52643585205078,1.3012,1.5267
2013-04-24,126.60662078857422,1.2997,1.5258
2013-04-25,127.11981964111328,1.3004,1.5434
2013-04-26,126.89527893066406,1.3024,1.5479
2013-04-29,127.74531555175781,1.309,1.5497
2013-04-30,128.05007934570312,1.3168,1.5539
2013-05-01,126.92737579345703,1.3192,1.5578
2013-05-02,128.10614013671875,1.3066,1.5519
2013-05-03,129.40530395507812,1.3112,1.5563
2013-05-06,129.73410034179688,1.3067,1.5538
2013-05-07,130.39166259765625,1.3085,1.5468
2013-05-08,130.98504638671875,1.3177,1.5563
2013-05-09,130.6161651611328,1.3105,1.5502
2013-05-10,131.0412139892578,1.2955,1.5334
2013-05-13,131.14544677734375,1.2981,1.5291
2013-05-14,132.50070190429688,1.2969,1.5258
2013-05-15,133.21438598632812,1.2857,1.5198
2013-05-16,132.58889770507812,1.2898,1.5302
2013-05-17,133.87196350097656,1.2818,1.5173
2013-05-20,133.8639373779297,1.2865,1.5223
2013-05-21,134.056396484375,1.291,1.517
2013-05-22,133.06207275390625,1.2864,1.5038
2013-05-23,132.67710876464844,1.2944,1.512
2013-05-24,132.56484985351562,1.292,1.5126
2013-05-27,,,
2013-05-28,133.35873413085938,1.287,1.5061
2013-05-29,132.49270629882812,1.2944,1.5121
2013-05-30,132.98178100585938,1.3042,1.5207
2013-05-31,131.07325744628906,1.2988,1.5185
2013-06-03,131.79505920410156,1.3098,1.5349
2013-06-04,131.16151428222656,1.3075,1.5304
2013-06-05,129.3251190185547,1.3088,1.5392
2013-06-06,130.49591064453125,1.3248,1.5601
2013-06-07,132.1558837890625,1.3242,1.5558
2013-06-10,132.1558837890625,1.3234,1.5556
2013-06-11,130.7925567626953,1.3278,1.5587
2013-06-12,129.7100067138672,1.3354,1.5697
2013-06-13,131.6827392578125,1.3314,1.5698
2013-06-14,130.85678100585938,1.333,1.5686
2013-06-17,131.86721801757812,1.3341,1.5709
2013-06-18,132.90965270996094,1.3407,1.5625
2013-06-19,131.07325744628906,1.3404,1.5657
2013-06-20,127.82548522949219,1.3214,1.5469
2013-06-21,128.23585510253906,1.3113,1.5373
2013-06-24,126.615478515625,1.3091,1.5404
2013-06-25,127.832763671875,1.308,1.5418
2013-06-26,129.09848022460938,1.3006,1.5332
2013-06-27,129.85621643066406,1.3016,1.5235
2013-06-28,129.32412719726562,1.301,1.521
2013-07-01,130.08197021484375,1.306,1.5247
2013-07-02,129.9610595703125,1.3017,1.5171
2013-07-03,130.0174560546875,1.3005,1.5264
2013-07-04,,,
2013-07-05,131.4202423095703,1.2831,1.491
2013-07-08,132.169921875,1.2863,1.4932
2013-07-09,133.12120056152344,1.2774,1.4837
2013-07-10,133.1696014404297,1.2846,1.4935
2013-07-11,134.9833984375,1.3046,1.5127
2013-07-12,135.03985595703125,1.3048,1.5108
2013-07-15,135.55575561523438,1.3039,1.5088
2013-07-16,135.04794311523438,1.3144,1.5122
2013-07-17,135.39456176757812,1.3094,1.5184
2013-07-18,136.13616943359375,1.3078,1.5193
2013-07-19,136.3780975341797,1.3142,1.526
2013-07-22,136.64410400390625,1.3193,1.5366
2013-07-23,136.35389709472656,1.3212,1.5354
2013-07-24,135.8540496826172,1.3228,1.5367
2013-07-25,136.1846160888672,1.3234,1.5333
2013-07-26,136.32972717285156,1.3269,1.5368
2013-07-29,135.91049194335938,1.3262,1.5355
2013-07-30,135.91049194335938,1.3266,1.5244
2013-07-31,136.00726318359375,1.3282,1.5177
2013-08-01,137.5792694091797,1.3217,1.5145
2013-08-02,137.8130340576172,1.3268,1.5277
2013-08-05,137.61148071289062,1.3257,1.5347
2013-08-06,136.82955932617188,1.3296,1.5367
2013-08-07,136.3861083984375,1.3329,1.5514
2013-08-08,136.88595581054688,1.3392,1.5555
2013-08-09,136.4909210205078,1.3338,1.5507
2013-08-12,136.32972717285156,1.3312,1.5475
2013-08-13,136.7328338623047,1.3247,1.5451
2013-08-14,136.03143310546875,1.3256,1.5531
2013-08-15,134.12892150878906,1.3263,1.5573
2013-08-16,133.68548583984375,1.3321,1.5621
2013-08-19,132.83094787597656,1.3348,1.5665
2013-08-20,133.48397827148438,1.3426,1.5678
2013-08-21,132.6616668701172,1.3368,1.5678
2013-08-22,133.8708953857422,1.3362,1.558
2013-08-23,134.3223876953125,1.3392,1.5578
2013-08-26,133.82254028320312,1.3369,1.5568
2013-08-27,131.6700897216797,1.3387,1.5528
2013-08-28,132.1376953125,1.3326,1.552
2013-08-29,132.34722900390625,1.3228,1.5488
2013-08-30,131.9281005859375,1.3196,1.5468
2013-09-02,,,
2013-09-03,132.52459716796875,1.3164,1.5544
2013-09-04,133.6210174560547,1.3212,1.5643
2013-09-05,133.79031372070312,1.312,1.5593
2013-09-06,133.85479736328125,1.3166,1.5633
2013-09-09,135.13658142089844,1.326,1.5724
2013-09-10,136.13616943359375,1.326,1.5731
2013-09-11,136.5634307861328,1.3301,1.5807
2013-09-12,136.20074462890625,1.3315,1.5819
2013-09-13,136.50706481933594,1.3276,1.5861
2013-09-16,137.29714965820312,1.335,1.5927
2013-09-17,137.90982055664062,1.3357,1.5901
2013-09-18,139.50595092773438,1.3351,1.5965
2013-09-19,139.2721710205078,1.3527,1.6043
2013-09-20,138.2984619140625,1.3522,1.6021
2013-09-23,137.65847778320312,1.352,1.6066
2013-09-24,137.33447265625,1.349,1.6006
2013-09-25,136.93751525878906,1.3536,1.608
2013-09-26,137.4640655517578,1.3484,1.6012
2013-09-27,136.83216857910156,1.3537,1.6135
2013-09-30,136.1031036376953,1.3535,1.6179
2013-10-01,137.18057250976562,1.3534,1.6208
2013-10-02,137.0509033203125,1.3592,1.6224
2013-10-03,135.7871856689453,1.3642,1.6169
2013-10-04,136.8159942626953,1.3582,1.6069
2013-10-07,135.63323974609375,1.3569,1.6082
2013-10-08,134.05361938476562,1.3582,1.6089
2013-10-09,134.15081787109375,1.3513,1.5943
2013-10-10,137.04278564453125,1.3535,1.5975
2013-10-11,137.92581176757812,1.3559,1.5945
2013-10-14,138.47666931152344,,
2013-10-15,137.4722137451172,1.3494,1.5974
2013-10-16,139.39212036132812,1.349,1.5904
2013-10-17,140.32366943359375,1.3664,1.6166
2013-10-18,141.27146911621094,1.3693,1.6184
2013-10-21,141.2795867919922,1.3672,1.6149
2013-10-22,142.09776306152344,1.3778,1.6221
2013-10-23,141.4172821044922,1.3786,1.6171
2013-10-24,141.88714599609375,1.381,1.6186
2013-10-25,142.53517150878906,1.3794,1.6158
2013-10-28,142.7620391845703,1.3786,1.6131
2013-10-29,143.52354431152344,1.377,1.6059
2013-10-30,142.81068420410156,1.3771,1.6078
2013-10-31,142.4055938720703,1.3594,1.6068
2013-11-01,142.74586486816406,1.3488,1.5922
2013-11-04,143.2480926513672,1.3516,1.595
2013-11-05,142.79444885253906,1.347,1.6044
2013-11-06,143.52354431152344,1.353,1.608
2013-11-07,141.7089385986328,1.339,1.6069
2013-11-08,143.6208038330078,1.3357,1.5995
2013-11-11,143.64503479003906,,
2013-11-12,143.3534698486328,1.3428,1.5916
2013-11-13,144.50372314453125,1.3456,1.6033
2013-11-14,145.2247314453125,1.3468,1.6077
2013-11-15,145.8566131591797,1.348,1.6107
2013-11-18,145.34620666503906,1.352,1.611
2013-11-19,145.03028869628906,1.3529,1.611
2013-11-20,144.57659912109375,1.3451,1.615
2013-11-21,145.74325561523438,1.347,1.6155
2013-11-22,146.47227478027344,1.3547,1.6211
2013-11-25,146.32643127441406,1.3502,1.6146
2013-11-26,146.36695861816406,1.3555,1.6187
2013-11-27,146.723388671875,1.3563,1.6267
2013-11-28,,,
2013-11-29,146.6261749267578,1.3606,1.6373
2013-12-02,146.2454376220703,1.3552,1.6365
2013-12-03,145.61358642578125,1.3604,1.6416
2013-12-04,145.59738159179688,1.3555,1.6352
2013-12-05,144.95738220214844,1.3664,1.6328
2013-12-06,146.57757568359375,1.369,1.6327
2013-12-09,146.9502410888672,1.3726,1.6403
2013-12-10,146.42364501953125,1.3765,1.6424
2013-12-11,144.77919006347656,1.3798,1.6389
2013-12-12,144.3012237548828,1.3752,1.6326
2013-12-13,144.28501892089844,1.3724,1.6294
2013-12-16,145.18426513671875,1.3757,1.6311
2013-12-17,144.72244262695312,1.3748,1.6254
2013-12-18,147.1931915283203,1.3766,1.6388
2013-12-19,147.0231170654297,1.3666,1.6382
2013-12-20,147.87831115722656,1.3673,1.6355
2013-12-23,148.6684112548828,1.3701,1.6356
2013-12-24,148.9941864013672,1.3676,1.6371
2013-12-25,,,
2013-12-26,149.75169372558594,1.369,1.6425
2013-12-27,149.74354553222656,1.3766,1.6491
2013-12-30,149.71908569335938,1.3816,1.6522
2013-12-31,150.4276580810547,1.3779,1.6574
2014-01-01,,,
2014-01-02,148.98602294921875,1.367,1.6441
2014-01-03,148.96160888671875,1.3606,1.6424
2014-01-06,148.52993774414062,1.3636,1.6412
2014-01-07,149.4421844482422,1.3618,1.6421
2014-01-08,149.47474670410156,1.3586,1.6461
2014-01-09,149.57247924804688,1.3591,1.6459
2014-01-10,149.97970581054688,1.3664,1.647
2014-01-13,147.9842529296875,1.3647,1.6379
2014-01-14,149.59690856933594,1.3682,1.645
2014-01-15,150.4032745361328,1.3604,1.6375
2014-01-16,150.20774841308594,1.36,1.6335
2014-01-17,149.57247924804688,1.3554,1.6429
2014-01-20,,,
2014-01-21,150.01223754882812,1.356,1.6469
2014-01-22,150.11001586914062,1.3546,1.6571
2014-01-23,148.88015747070312,1.368,1.6612
2014-01-24,145.7036590576172,1.368,1.6491
2014-01-27,144.98692321777344,1.3679,1.6588
2014-01-28,145.85020446777344,1.3662,1.6581
2014-01-29,144.44932556152344,1.3663,1.6561
2014-01-30,145.98057556152344,1.3549,1.6487
2014-01-31,145.12538146972656,1.35,1.645
2014-02-03,141.85928344726562,1.3523,1.6307
2014-02-04,142.85292053222656,1.3507,1.63
2014-02-05,142.6737823486328,1.3519,1.6308
2014-02-06,144.55520629882812,1.3604,1.6345
2014-02-07,146.34710693359375,1.3614,1.6395
2014-02-10,146.61590576171875,1.3644,1.6419
2014-02-11,148.22047424316406,1.3654,1.6468
2014-02-12,148.29376220703125,1.3592,1.6578
2014-02-13,149.05934143066406,1.3669,1.6643
2014-02-14,149.88197326660156,1.369,1.6736
2014-02-17,,,
2014-02-18,150.06118774414062,1.3758,1.6696
2014-02-19,149.0675048828125,1.3762,1.6718
2014-02-20,149.9471435546875,1.369,1.664
2014-02-21,149.776123046875,1.3722,1.663
2014-02-24,150.60687255859375,1.3744,1.6641
2014-02-25,150.5498046875,1.3749,1.6696
2014-02-26,150.5580291748047,1.3668,1.6648
2014-02-27,151.3480682373047,1.3724,1.6693
2014-02-28,151.73085021972656,1.3806,1.675
2014-03-03,150.66390991210938,1.3763,1.6712
2014-03-04,152.78160095214844,1.3731,1.6665
2014-03-05,152.92001342773438,1.3734,1.6729
2014-03-06,153.27023315429688,1.3848,1.6743
2014-03-07,153.33541870117188,1.3868,1.6725
2014-03-10,153.2539520263672,1.388,1.6633
2014-03-11,152.49644470214844,1.3867,1.6628
2014-03-12,152.53720092773438,1.3904,1.6605
2014-03-13,150.8267364501953,1.3927,1.6677
2014-03-14,150.4032745361328,1.3924,1.663
2014-03-17,151.76345825195312,1.3927,1.6645
2014-03-18,152.84674072265625,1.3913,1.6574
2014-03-19,152.0322265625,1.391,1.6629
2014-03-20,152.92001342773438,1.3784,1.6511
2014-03-21,152.32693481445312,1.3783,1.6498
2014-03-24,151.69696044921875,1.3784,1.6491
2014-03-25,152.41685485839844,1.3777,1.6507
2014-03-26,151.3206787109375,1.3786,1.6566
2014-03-27,151.0016326904297,1.3752,1.6627
2014-03-28,151.74610900878906,1.3753,1.6637
2014-03-31,152.9895782470703,1.3777,1.6675
2014-04-01,154.0039825439453,1.3804,1.6639
2014-04-02,154.51931762695312,1.3761,1.6634
2014-04-03,154.3148193359375,1.3708,1.6583
2014-04-04,152.49053955078125,1.3704,1.6594
2014-04-07,150.80523681640625,1.3745,1.6616
2014-04-08,151.4270477294922,1.3802,1.6743
2014-04-09,153.05502319335938,1.3816,1.6751
2014-04-10,149.83995056152344,1.3892,1.6781
2014-04-11,148.4901123046875,1.3898,1.6736
2014-04-14,149.65994262695312,1.3824,1.6741
2014-04-15,150.6907196044922,1.3806,1.6725
2014-04-16,152.26966857910156,1.382,1.6794
2014-04-17,152.48231506347656,1.3832,1.6809
2014-04-18,,1.3816,1.6792
2014-04-21,153.01406860351562,1.379,1.6792
2014-04-22,153.7094268798828,1.3804,1.6833
2014-04-23,153.34950256347656,1.3814,1.6768
2014-04-24,153.66036987304688,1.3828,1.6797
2014-04-25,152.40048217773438,1.3838,1.681
2014-04-28,152.88319396972656,1.3844,1.6812
2014-04-29,153.59494018554688,1.3808,1.6829
2014-04-30,154.0530548095703,1.387,1.6883
2014-05-01,154.0694122314453,1.3867,1.69
2014-05-02,153.8485107421875,1.3864,1.6865
2014-05-05,154.1430206298828,1.3884,1.687
2014-05-06,152.80140686035156,1.3924,1.6976
2014-05-07,153.7013397216797,1.3917,1.6964
2014-05-08,153.5376434326172,1.3864,1.6944
2014-05-09,153.7667694091797,1.3763,1.6849
2014-05-12,155.2637939453125,1.376,1.6871
2014-05-13,155.40293884277344,1.3711,1.6838
2014-05-14,154.66664123535156,1.3718,1.6784
2014-05-15,153.30860900878906,1.3712,1.6791
2014-05-16,153.84039306640625,1.3708,1.6827
2014-05-19,154.4048614501953,1.3716,1.6822
2014-05-20,153.431396484375,1.3702,1.6847
2014-05-21,154.723876953125,1.3657,1.6869
2014-05-22,155.10018920898438,1.3652,1.6859
2014-05-23,155.72190856933594,1.3628,1.6822
2014-05-26,,,
2014-05-27,156.67913818359375,1.3618,1.68
2014-05-28,156.56459045410156,1.3596,1.6709
2014-05-29,157.37451171875,1.3608,1.6719
2014-05-30,157.6280517578125,1.364,1.6764
2014-06-02,157.80799865722656,1.3606,1.6756
2014-06-03,157.72622680664062,1.3624,1.6753
2014-06-04,158.0452880859375,1.3619,1.6747
2014-06-05,159.07606506347656,1.3618,1.6796
2014-06-06,159.83692932128906,1.3639,1.6794
2014-06-09,160.00051879882812,1.3589,1.6798
2014-06-10,160.0168914794922,1.3543,1.6753
2014-06-11,159.46054077148438,1.3532,1.6795
2014-06-12,158.3316192626953,1.3556,1.6853
2014-06-13,158.81434631347656,1.3522,1.6953
2014-06-16,158.9452362060547,1.3578,1.6988
2014-06-17,159.38697814941406,1.3543,1.6965
2014-06-18,160.55686950683594,1.3567,1.6951
2014-06-19,160.73681640625,1.362,1.7046
2014-06-20,161.06312561035156,1.3586,1.7014
2014-06-23,161.01380920410156,1.3593,1.701
2014-06-24,160.04379272460938,1.3588,1.6971
2014-06-25,160.7672119140625,1.3638,1.6986
2014-06-26,160.65216064453125,1.361,1.7018
2014-06-27,160.96446228027344,1.3631,1.7016
2014-06-30,160.88232421875,1.369,1.7105
2014-07-01,161.9591522216797,1.3681,1.7147
2014-07-02,162.12350463867188,1.3656,1.7165
2014-07-03,162.9208221435547,1.361,1.7152
2014-07-04,,,
2014-07-07,162.3536376953125,1.3604,1.7128
2014-07-08,161.30972290039062,1.3614,1.7127
2014-07-09,162.0330352783203,1.363,1.713
2014-07-10,161.3919677734375,1.36,1.7122
2014-07-11,161.61383056640625,1.3598,1.7108
2014-07-14,162.4276123046875,1.362,1.7079
2014-07-15,162.12350463867188,1.3573,1.7149
2014-07-16,162.72354125976562,1.353,1.7131
2014-07-17,160.8740234375,1.353,1.7104
2014-07-18,162.51805114746094,1.3515,1.7069
2014-07-21,162.21395874023438,1.3524,1.7067
2014-07-22,162.9208221435547,1.347,1.7058
2014-07-23,163.28253173828125,1.3462,1.7036
2014-07-24,163.29075622558594,1.3468,1.6981
2014-07-25,162.52627563476562,1.3431,1.6972
2014-07-28,162.592041015625,1.344,1.6991
2014-07-29,161.89332580566406,1.341,1.6939
2014-07-30,161.91798400878906,1.3378,1.6903
2014-07-31,158.7204132080078,1.339,1.6889
2014-08-01,158.23541259765625,1.3436,1.6832
2014-08-04,159.3780517578125,1.3414,1.6841
2014-08-05,157.83262634277344,1.3366,1.6874
2014-08-06,157.8820037841797,1.3355,1.6833
2014-08-07,157.027099609375,1.3362,1.6849
2014-08-08,158.8436737060547,1.3412,1.6778
2014-08-11,159.3040008544922,1.3385,1.6787
2014-08-12,159.08213806152344,1.3357,1.6806
2014-08-13,160.158935546875,1.3367,1.6696
2014-08-14,160.91517639160156,1.3376,1.6694
2014-08-15,160.88232421875,1.3392,1.6686
2014-08-18,162.2303466796875,1.3358,1.672
2014-08-19,163.0770721435547,1.332,1.662
2014-08-20,163.51268005371094,1.3284,1.6633
2014-08-21,163.98941040039062,1.3284,1.6589
2014-08-22,163.734619140625,1.3237,1.6574
2014-08-25,164.56491088867188,1.3206,1.6585
2014-08-26,164.67166137695312,1.3189,1.657
2014-08-27,164.60594177246094,1.3192,1.6573
2014-08-28,164.51553344726562,1.3178,1.6579
2014-08-29,164.9840545654297,1.315,1.6585
2014-09-01,,,
2014-09-02,164.90179443359375,1.3124,1.6502
2014-09-03,164.81141662597656,1.3136,1.6451
2014-09-04,164.57302856445312,1.2926,1.6349
2014-09-05,165.31288146972656,1.2956,1.6312
2014-09-08,164.8854217529297,1.2948,1.6141
2014-09-09,163.84149169921875,1.2909,1.6088
2014-09-10,164.4580078125,1.2908,1.6134
2014-09-11,164.6470489501953,1.2936,1.6225
2014-09-12,163.685302734375,1.2955,1.6243
2014-09-15,163.56198120117188,1.2951,1.6243
2014-09-16,164.79502868652344,1.2976,1.629
2014-09-17,165.0169219970703,1.2958,1.6329
2014-09-18,165.896484375,1.2913,1.6372
2014-09-19,165.74703979492188,1.2835,1.6314
2014-09-22,164.4669189453125,1.2829,1.634
2014-09-23,163.5255126953125,1.2858,1.637
2014-09-24,164.80552673339844,1.2788,1.6344
2014-09-25,162.1463623046875,1.2748,1.6313
2014-09-26,163.4346923828125,1.2686,1.6254
2014-09-29,163.1373748779297,1.2703,1.6262
2014-09-30,162.7079315185547,1.2628,1.622
2014-10-01,160.50289916992188,1.2618,1.6216
2014-10-02,160.52769470214844,1.267,1.614
2014-10-03,162.29495239257812,1.2517,1.5962
2014-10-06,162.1050567626953,1.2592,1.6029
2014-10-07,159.60272216796875,1.2626,1.6072
2014-10-08,162.39410400390625,1.2683,1.6068
2014-10-09,159.17330932617188,1.2683,1.6123
2014-10-10,157.35646057128906,1.2636,1.6049
2014-10-13,154.77149963378906,,
2014-10-14,155.01101684570312,1.266,1.593
2014-10-15,153.96217346191406,1.2778,1.5959
2014-10-16,153.830078125,1.2812,1.6065
2014-10-17,155.64694213867188,1.2755,1.6086
2014-10-20,157.1582489013672,1.2783,1.6137
2014-10-21,160.27169799804688,1.2724,1.6134
2014-10-22,159.1320037841797,1.2658,1.607
2014-10-23,160.98190307617188,1.2658,1.6037
2014-10-24,162.22067260742188,1.2675,1.6098
2014-10-27,161.99766540527344,1.2712,1.6133
2014-10-28,163.85586547851562,1.2747,1.6157
2014-10-29,163.60806274414062,1.2762,1.6149
2014-10-30,164.65692138671875,1.2622,1.6023
2014-10-31,166.5398406982422,1.253,1.5999
2014-11-03,166.6306610107422,1.2487,1.5986
2014-11-04,166.05255126953125,1.2554,1.5991
2014-11-05,167.1013946533203,1.2488,1.5984
2014-11-06,167.77032470703125,1.2414,1.5862
2014-11-07,167.92721557617188,1.2422,1.5844
2014-11-10,168.45574951171875,1.2425,1.5857
2014-11-11,168.62098693847656,,
2014-11-12,168.43931579589844,1.2456,1.5815
2014-11-13,168.62916564941406,1.2476,1.5717
2014-11-14,168.67047119140625,1.2494,1.5657
2014-11-17,168.77786254882812,1.2447,1.5645
2014-11-18,169.75238037109375,1.2534,1.5648
2014-11-19,169.47984313964844,1.2548,1.567
2014-11-20,169.7771453857422,1.2526,1.5683
2014-11-21,170.68553161621094,1.2394,1.5672
2014-11-24,171.16456604003906,1.2427,1.5701
2014-11-25,171.04067993164062,1.2472,1.5714
2014-11-26,171.47837829589844,1.2503,1.5787
2014-11-27,,,
2014-11-28,171.11502075195312,1.2438,1.5638
2014-12-01,169.92578125,1.249,1.5743
2014-12-02,171.02420043945312,1.239,1.5651
2014-12-03,171.6848602294922,1.2304,1.57
2014-12-04,171.49493408203125,1.2432,1.5707
2014-12-05,171.77565002441406,1.2304,1.56
2014-12-08,170.6277618408203,1.2292,1.5625
2014-12-09,170.5121307373047,1.2415,1.5694
2014-12-10,167.778564453125,1.2425,1.5689
2014-12-11,168.62916564941406,1.2397,1.5712
2014-12-12,165.9039306640625,1.2484,1.5728
2014-12-15,164.76426696777344,1.247,1.5663
2014-12-16,163.44290161132812,1.2504,1.5736
2014-12-17,166.64718627929688,1.2406,1.5652
2014-12-18,170.76815795898438,1.2291,1.5662
2014-12-19,171.49476623535156,1.2235,1.5609
2014-12-22,172.28369140625,1.2252,1.5618
2014-12-23,172.51620483398438,1.218,1.5517
2014-12-24,172.5327911376953,1.2188,1.5549
2014-12-25,,,
2014-12-26,173.08914184570312,,
2014-12-29,173.32162475585938,1.2179,1.5524
2014-12-30,172.3916015625,1.2174,1.5573
2014-12-31,170.68093872070312,1.2101,1.5578
2015-01-01,,,
2015-01-02,170.5896453857422,1.2015,1.5361
2015-01-05,167.50885009765625,1.1918,1.5234
2015-01-06,165.93101501464844,1.1936,1.5174
2015-01-07,167.998779296875,1.182,1.5073
2015-01-08,170.9798583984375,1.1811,1.5118
2015-01-09,169.60971069335938,1.183,1.5151
2015-01-12,168.28106689453125,1.1832,1.5168
2015-01-13,167.80775451660156,1.1779,1.5166
2015-01-14,166.79466247558594,1.1806,1.5234
2015-01-15,165.26669311523438,1.1598,1.5161
2015-01-16,167.43406677246094,1.1517,1.5132
2015-01-19,,,
2015-01-20,167.79116821289062,1.1559,1.5162
2015-01-21,168.63812255859375,1.1584,1.5118
2015-01-22,171.14593505859375,1.1414,1.5052
2015-01-23,170.20765686035156,1.1279,1.5022
2015-01-26,170.6062774658203,1.129,1.5088
2015-01-27,168.3558349609375,1.137,1.5196
2015-01-28,166.19680786132812,1.1342,1.5165
2015-01-29,167.7330322265625,1.1308,1.5043
2015-01-30,165.62379455566406,1.129,1.5026
2015-02-02,167.67486572265625,1.1337,1.5027
2015-02-03,170.09970092773438,1.1462,1.5129
2015-02-04,169.45196533203125,1.1418,1.5209
2015-02-05,171.16258239746094,1.1432,1.5293
2015-02-06,170.6892547607422,1.133,1.5247
2015-02-09,169.92529296875,1.1316,1.5217
2015-02-10,171.735595703125,1.1316,1.5252
2015-02-11,171.83517456054688,1.13,1.5232
2015-02-12,173.48773193359375,1.141,1.538
2015-02-13,174.20187377929688,1.1408,1.5394
2015-02-16,,,
2015-02-17,174.4759063720703,1.1395,1.5349
2015-02-18,174.49249267578125,1.1342,1.543
2015-02-19,174.3679656982422,1.1392,1.5451
2015-02-20,175.414306640625,1.1372,1.5385
2015-02-23,175.38937377929688,1.1346,1.5465
2015-02-24,175.88758850097656,1.1307,1.5434
2015-02-25,175.73812866210938,1.1363,1.5499
2015-02-26,175.53048706054688,1.1212,1.5424
2015-02-27,174.9326171875,1.1197,1.5439
2015-03-02,176.0370635986328,1.119,1.5371
2015-03-03,175.3145751953125,1.1212,1.5391
2015-03-04,174.57557678222656,1.107,1.5266
2015-03-05,174.76651000976562,1.1006,1.5229
2015-03-06,172.3085174560547,1.0855,1.5063
2015-03-09,173.022705078125,1.0846,1.5097
2015-03-10,170.21588134765625,1.0707,1.5086
2015-03-11,169.8173370361328,1.0576,1.4945
2015-03-12,171.97637939453125,1.0615,1.4907
2015-03-13,170.92181396484375,1.0524,1.4755
2015-03-16,173.20541381835938,1.0575,1.48
2015-03-17,172.6905517578125,1.0605,1.4744
2015-03-18,174.76651000976562,1.0643,1.4686
2015-03-19,173.96932983398438,1.0621,1.4729
2015-03-20,175.5049285888672,1.0792,1.4923
2015-03-23,175.1629638671875,1.0928,1.4936
2015-03-24,174.1787109375,1.0908,1.487
2015-03-25,171.62632751464844,1.0986,1.4915
2015-03-26,171.21759033203125,1.0919,1.4844
2015-03-27,171.6096649169922,1.0891,1.4878
2015-03-30,173.70327758789062,1.0818,1.4792
2015-03-31,172.18515014648438,1.0741,1.485
2015-04-01,171.57626342773438,1.0768,1.4823
2015-04-02,172.1934814453125,1.0874,1.4842
2015-04-03,,1.099,1.4916
2015-04-06,173.3529815673828,1.1008,1.4959
2015-04-07,172.89419555664062,1.085,1.4857
2015-04-08,173.47808837890625,1.0818,1.4924
2015-04-09,174.24542236328125,1.0671,1.4739
2015-04-10,175.1963653564453,1.0598,1.4648
2015-04-13,174.4039306640625,1.0582,1.4658
2015-04-14,174.737548828125,1.0672,1.479
2015-04-15,175.5216522216797,1.0596,1.4782
2015-04-16,175.47157287597656,1.0742,1.4923
2015-04-17,173.45303344726562,1.078,1.4942
2015-04-20,175.03787231445312,1.0763,1.4913
2015-04-21,174.829345703125,1.0758,1.4944
2015-04-22,175.68849182128906,1.0729,1.5027
2015-04-23,176.13052368164062,1.0803,1.5047
2015-04-24,176.53921508789062,1.0876,1.5176
2015-04-27,175.8052520751953,1.0892,1.5235
2015-04-28,176.3641815185547,1.0979,1.5328
2015-04-29,175.6383819580078,1.1174,1.5485
2015-04-30,173.87847900390625,1.1162,1.5328
2015-05-01,175.76353454589844,1.1194,1.5137
2015-05-04,176.2639617919922,1.1145,1.5118
2015-05-05,174.24542236328125,1.1174,1.5178
2015-05-06,173.52810668945312,1.1345,1.5244
2015-05-07,174.22039794921875,1.1283,1.5223
2015-05-08,176.5142059326172,1.1241,1.5455
2015-05-11,175.67178344726562,1.1142,1.5593
2015-05-12,175.14627075195312,1.124,1.5685
2015-05-13,175.17962646484375,1.1372,1.5748
2015-05-14,177.00636291503906,1.1368,1.5766
2015-05-15,177.1981964111328,1.1428,1.5772
2015-05-18,177.74874877929688,1.1354,1.5679
2015-05-19,177.69027709960938,1.1151,1.5523
2015-05-20,177.56520080566406,1.1079,1.5544
2015-05-21,178.0823516845703,1.1126,1.5672
2015-05-22,177.65696716308594,1.1033,1.5484
2015-05-25,,,
2015-05-26,175.7468719482422,1.0876,1.5398
2015-05-27,177.4150848388672,1.0888,1.5324
2015-05-28,177.21495056152344,1.0914,1.5291
2015-05-29,176.1138458251953,1.0994,1.5286
2015-06-01,176.47256469726562,1.0913,1.5187
2015-06-02,176.29737854003906,1.113,1.5331
2015-06-03,176.76446533203125,1.1285,1.5351
2015-06-04,175.27137756347656,1.1271,1.5367
2015-06-05,174.97117614746094,1.1108,1.5267
2015-06-08,173.8950958251953,1.1232,1.528
2015-06-09,173.87013244628906,1.1284,1.5383
2015-06-10,175.9553680419922,1.1307,1.553
2015-06-11,176.52259826660156,1.1236,1.5493
2015-06-12,175.17129516601562,1.1278,1.5587
2015-06-15,174.42063903808594,1.1266,1.5572
2015-06-16,175.37147521972656,1.1238,1.5637
2015-06-17,175.6551055908203,1.1244,1.5708
2015-06-18,177.4817657470703,1.1404,1.5882
2015-06-19,176.6938934326172,1.1335,1.5881
2015-06-22,177.59912109375,1.1378,1.5823
2015-06-23,177.72488403320312,1.119,1.5751
2015-06-24,176.43409729003906,1.1178,1.5681
2015-06-25,175.8976287841797,1.1196,1.5728
2015-06-26,175.86415100097656,1.1156,1.5739
2015-06-29,172.1762237548828,1.118,1.5764
2015-06-30,172.5365753173828,1.1154,1.5727
2015-07-01,173.91958618164062,1.1084,1.5617
2015-07-02,173.7603302001953,1.109,1.5614
2015-07-03,,,
2015-07-06,173.26583862304688,1.1076,1.5619
2015-07-07,174.3554229736328,1.0952,1.5443
2015-07-08,171.4302215576172,1.1072,1.5353
2015-07-09,171.74034118652344,1.1025,1.5375
2015-07-10,173.90283203125,1.115,1.5503
2015-07-13,175.82228088378906,1.102,1.5518
2015-07-14,176.5849609375,1.1015,1.5584
2015-07-15,176.52630615234375,1.0965,1.5621
2015-07-16,177.94276428222656,1.0898,1.5601
2015-07-17,178.09365844726562,1.0848,1.5624
2015-07-20,178.1858673095703,1.085,1.5587
2015-07-21,177.48179626464844,1.0927,1.555
2015-07-22,177.16326904296875,1.0884,1.5617
2015-07-23,176.1658477783203,1.0976,1.5533
2015-07-24,174.33863830566406,1.0976,1.5514
2015-07-27,173.32449340820312,1.1112,1.5595
2015-07-28,175.45338439941406,1.1055,1.5617
2015-07-29,176.66041564941406,1.1026,1.5624
2015-07-30,176.7022705078125,1.0914,1.5581
2015-07-31,176.43409729003906,1.1028,1.5634
2015-08-03,175.83897399902344,1.0962,1.5603
2015-08-04,175.49533081054688,1.0953,1.5612
2015-08-05,176.07371520996094,1.0868,1.5604
2015-08-06,174.6320037841797,1.0922,1.5521
2015-08-07,174.29673767089844,1.0958,1.5467
2015-08-10,176.4927520751953,1.0994,1.5546
2015-08-11,174.90023803710938,1.1042,1.5572
2015-08-12,175.10980224609375,1.1198,1.5639
2015-08-13,174.89187622070312,1.1144,1.5595
2015-08-14,175.52886962890625,1.111,1.5625
2015-08-17,176.50950622558594,1.1078,1.5598
2015-08-18,175.9982452392578,1.1028,1.5658
2015-08-19,174.60691833496094,1.1061,1.5645
2015-08-20,170.9608612060547,1.12,1.5688
2015-08-21,165.8145294189453,1.1356,1.5698
2015-08-24,158.83261108398438,1.158,1.5731
2015-08-25,156.96351623535156,1.141,1.5698
2015-08-26,162.98985290527344,1.139,1.5493
2015-08-27,167.02146911621094,1.1239,1.5411
2015-08-28,167.02989196777344,1.1172,1.5362
2015-08-31,165.6803741455078,1.1194,1.5363
2015-09-01,160.7352752685547,1.1263,1.5341
2015-09-02,163.78614807128906,1.1242,1.531
2015-09-03,163.9034881591797,1.1104,1.5254
2015-09-04,161.4224853515625,1.1117,1.5195
2015-09-07,,,
2015-09-08,165.47926330566406,1.1182,1.5381
2015-09-09,163.2664794921875,1.1165,1.5363
2015-09-10,164.15496826171875,1.1262,1.5457
2015-09-11,164.90093994140625,1.1338,1.5426
2015-09-14,164.28904724121094,1.1307,1.5423
2015-09-15,166.3425750732422,1.126,1.5352
2015-09-16,167.7842254638672,1.1304,1.5499
2015-09-17,167.40701293945312,1.1312,1.5509
2015-09-18,164.6713104248047,1.1358,1.5573
2015-09-21,165.52227783203125,1.1204,1.5506
2015-09-22,163.37391662597656,1.1133,1.5356
2015-09-23,163.11270141601562,1.116,1.5243
2015-09-24,162.52291870117188,1.1252,1.5254
2015-09-25,162.4807891845703,1.1192,1.5172
2015-09-28,158.4029998779297,1.1236,1.5208
2015-09-29,158.4956817626953,1.1246,1.5168
2015-09-30,161.4529266357422,1.1162,1.5116
2015-10-01,161.87417602539062,1.12,1.5162
2015-10-02,164.29222106933594,1.1276,1.5216
2015-10-05,167.21578979492188,1.12,1.5165
2015-10-06,166.642822265625,1.1266,1.5227
2015-10-07,168.00772094726562,1.1249,1.5315
2015-10-08,169.5242919921875,1.1282,1.5316
2015-10-09,169.62539672851562,1.1363,1.5315
2015-10-12,169.78546142578125,,
2015-10-13,168.71543884277344,1.1382,1.5242
2015-10-14,167.90663146972656,1.1437,1.5445
2015-10-15,170.4847869873047,1.1418,1.5475
2015-10-16,171.2599334716797,1.136,1.5441
2015-10-19,171.3441162109375,1.132,1.5471
2015-10-20,171.12509155273438,1.1359,1.547
2015-10-21,170.06350708007812,1.1345,1.5463
2015-10-22,172.93650817871094,1.114,1.5399
2015-10-23,174.83216857910156,1.1016,1.534
2015-10-26,174.40252685546875,1.1051,1.5361
2015-10-27,174.06552124023438,1.1052,1.5312
2015-10-28,176.04541015625,1.1066,1.5319
2015-10-29,175.94435119628906,1.0963,1.5296
2015-10-30,175.18601989746094,1.1042,1.5445
2015-11-02,177.2586669921875,1.1026,1.5428
2015-11-03,177.7726287841797,1.0946,1.5404
2015-11-04,177.23341369628906,1.0861,1.5377
2015-11-05,177.0564422607422,1.0869,1.5236
2015-11-06,176.9637908935547,1.0746,1.5071
2015-11-09,175.3124542236328,1.0767,1.5124
2015-11-10,175.716796875,1.0686,1.511
2015-11-11,175.02598571777344,,
2015-11-12,172.58261108398438,1.0768,1.5206
2015-11-13,170.6448211669922,1.0722,1.5208
2015-11-16,173.23983764648438,1.0708,1.5204
2015-11-17,173.1134490966797,1.0634,1.5214
2015-11-18,175.86004638671875,1.0638,1.521
2015-11-19,175.7084197998047,1.0746,1.5327
2015-11-20,176.34878540039062,1.066,1.5199
2015-11-23,176.1465301513672,1.0602,1.5125
2015-11-24,176.38246154785156,1.0652,1.5057
2015-11-25,176.35719299316406,1.0616,1.5109
2015-11-26,,,
2015-11-27,176.55935668945312,1.0596,1.504
2015-11-30,175.82643127441406,1.0562,1.5044
2015-12-01,177.5029754638672,1.062,1.5074
2015-12-02,175.69155883789062,1.0573,1.4927
2015-12-03,173.23138427734375,1.0902,1.5088
2015-12-04,176.60987854003906,1.0884,1.51
2015-12-07,175.53990173339844,1.084,1.5076
2015-12-08,174.36041259765625,1.0876,1.5
2015-12-09,173.0038604736328,1.0984,1.5168
2015-12-10,173.450439453125,1.0948,1.5176
2015-12-11,170.08877563476562,1.1002,1.5213
2015-12-14,170.9481201171875,1.1025,1.513
2015-12-15,172.74278259277344,1.0911,1.5044
2015-12-16,175.270263671875,1.0937,1.5013
2015-12-17,172.59951782226562,1.0804,1.4876
2015-12-18,169.52464294433594,1.0847,1.4914
2015-12-21,170.92308044433594,1.092,1.4906
2015-12-22,172.4740447998047,1.0978,1.4811
2015-12-23,174.60989379882812,1.0875,1.4863
2015-12-24,174.32171630859375,1.0955,1.4943
2015-12-25,,,
2015-12-28,173.92332458496094,1.0983,1.4883
2015-12-29,175.77947998046875,1.0916,1.4794
2015-12-30,174.5335693359375,1.0912,1.4832
2015-12-31,172.78761291503906,1.0859,1.4746
2016-01-01,,,
2016-01-04,170.37217712402344,1.0803,1.4686
2016-01-05,170.66033935546875,1.0743,1.4664
2016-01-06,168.50759887695312,1.0762,1.4626
2016-01-07,164.46490478515625,1.086,1.4579
2016-01-08,162.6595916748047,1.0885,1.4523
2016-01-11,162.82057189941406,1.0878,1.4564
2016-01-12,164.13429260253906,1.0837,1.4403
2016-01-13,160.04074096679688,1.0862,1.447
2016-01-14,162.66802978515625,1.0862,1.4409
2016-01-15,159.17617797851562,1.0964,1.4289
2016-01-18,,,
2016-01-19,159.3880615234375,1.0906,1.4171
2016-01-20,157.34547424316406,1.0908,1.4167
2016-01-21,158.22695922851562,1.0833,1.4198
2016-01-22,161.47300720214844,1.0814,1.4308
2016-01-25,159.0321044921875,1.0832,1.4245
2016-01-26,161.20179748535156,1.0846,1.4342
2016-01-27,159.44741821289062,1.0867,1.4261
2016-01-28,160.2780303955078,1.0952,1.4351
2016-01-29,164.18515014648438,1.0832,1.4184
2016-02-01,164.12582397460938,1.0888,1.4367
2016-02-02,161.1679229736328,1.0908,1.4399
2016-02-03,162.1341094970703,1.1051,1.4576
2016-02-04,162.38832092285156,1.1199,1.458
2016-02-05,159.2948760986328,1.1131,1.4468
2016-02-08,157.15057373046875,1.117,1.4415
2016-02-09,157.15907287597656,1.13,1.4473
2016-02-10,157.0234375,1.1222,1.4473
2016-02-11,154.98089599609375,1.1362,1.4448
2016-02-12,158.1761016845703,1.1235,1.446
2016-02-15,,,
2016-02-16,160.8458709716797,1.114,1.429
2016-02-17,163.47320556640625,1.114,1.4317
2016-02-18,162.8036346435547,1.1092,1.4333
2016-02-19,162.72735595703125,1.1127,1.4343
2016-02-22,165.0835723876953,1.1018,1.4157
2016-02-23,162.99864196777344,1.1016,1.404
2016-02-24,163.7444305419922,1.1021,1.3932
2016-02-25,165.72764587402344,1.1026,1.3937
2016-02-26,165.34622192382812,1.0932,1.3867
2016-02-29,164.04954528808594,1.0868,1.3926
2016-03-01,167.90582275390625,1.0847,1.3948
2016-03-02,168.66021728515625,1.0845,1.4059
2016-03-03,169.32119750976562,1.0948,1.4152
2016-03-04,169.87210083007812,1.101,1.4226
2016-03-07,170.00775146484375,1.1004,1.4256
2016-03-08,168.15164184570312,1.1028,1.4225
2016-03-09,168.98220825195312,1.1022,1.4236
2016-03-10,169.11778259277344,1.1162,1.4306
2016-03-11,171.8468780517578,1.118,1.4426
2016-03-14,171.62652587890625,1.1107,1.4324
2016-03-15,171.34686279296875,1.1112,1.4166
2016-03-16,172.33840942382812,1.1075,1.41
2016-03-17,173.43177795410156,1.1316,1.449
2016-03-18,174.11337280273438,1.1292,1.4514
2016-03-21,174.3603973388672,1.126,1.4402
2016-03-22,174.2666473388672,1.1228,1.4217
2016-03-23,173.11654663085938,1.1174,1.4111
2016-03-24,173.03988647460938,1.1163,1.4143
2016-03-25,,1.1164,1.4131
2016-03-28,173.1421661376953,1.121,1.425
2016-03-29,174.74375915527344,1.1204,1.4281
2016-03-30,175.51043701171875,1.133,1.439
2016-03-31,175.0844268798828,1.139,1.4381
2016-04-01,176.2771759033203,1.1385,1.4204
2016-04-04,175.70640563964844,1.1386,1.4279
2016-04-05,173.95143127441406,1.1374,1.4149
2016-04-06,175.85121154785156,1.143,1.4162
2016-04-07,173.7469940185547,1.1386,1.4082
2016-04-08,174.21551513671875,1.1406,1.4105
2016-04-11,173.80665588378906,1.1412,1.424
2016-04-12,175.4252166748047,1.1395,1.4244
2016-04-13,177.19723510742188,1.1281,1.4223
2016-04-14,177.20570373535156,1.1262,1.4148
2016-04-15,177.00982666015625,1.1295,1.4217
2016-04-18,178.25360107421875,1.1322,1.4276
2016-04-19,178.81585693359375,1.1375,1.4396
2016-04-20,178.98622131347656,1.133,1.4375
2016-04-21,178.0236053466797,1.1301,1.4338
2016-04-22,178.0236053466797,1.1239,1.439
2016-04-25,177.71682739257812,1.1274,1.4492
2016-04-26,177.98098754882812,1.1318,1.4611
2016-04-27,178.3473663330078,1.1322,1.4554
2016-04-28,176.7286834716797,1.1325,1.4581
2016-04-29,175.77455139160156,1.1441,1.4625
2016-05-02,177.17172241210938,1.1516,1.4666
2016-05-03,175.62969970703125,1.1508,1.4543
2016-05-04,174.64999389648438,1.1486,1.4475
2016-05-05,174.615966796875,1.1404,1.4486
2016-05-06,175.2548828125,1.1421,1.4439
2016-05-09,175.3997344970703,1.1402,1.4409
2016-05-10,177.58056640625,1.1386,1.4454
2016-05-11,175.9193878173828,1.1444,1.448
2016-05-12,175.97042846679688,1.138,1.4452
2016-05-13,174.43698120117188,1.1294,1.4369
2016-05-16,176.1579132080078,1.1328,1.4411
2016-05-17,174.51368713378906,1.1337,1.4485
2016-05-18,174.56480407714844,1.1276,1.4615
2016-05-19,173.95993041992188,1.1214,1.4608
2016-05-20,175.05889892578125,1.1207,1.4513
2016-05-23,174.82040405273438,1.1192,1.4444
2016-05-24,177.0864715576172,1.1145,1.4623
2016-05-25,178.2876739501953,1.1154,1.4694
2016-05-26,178.33876037597656,1.1184,1.4673
2016-05-27,179.1055450439453,1.114,1.4644
2016-05-30,,,
2016-05-31,178.76478576660156,1.1135,1.453
2016-06-01,179.13107299804688,1.1165,1.4395
2016-06-02,179.6763458251953,1.1157,1.4419
2016-06-03,179.13955688476562,1.133,1.4521
2016-06-06,180.05113220214844,1.1354,1.445
2016-06-07,180.33221435546875,1.135,1.4564
2016-06-08,180.92001342773438,1.14,1.4546
2016-06-09,180.67300415039062,1.1329,1.4467
2016-06-10,178.9606475830078,1.1281,1.4342
2016-06-13,177.58056640625,1.1282,1.4223
2016-06-14,177.2313232421875,1.1206,1.413
2016-06-15,176.98428344726562,1.1239,1.4185
2016-06-16,177.51242065429688,1.1158,1.4075
2016-06-17,176.85133361816406,1.1256,1.4285
2016-06-20,177.99026489257812,1.1318,1.4688
2016-06-21,178.49549865722656,1.1262,1.4668
2016-06-22,178.20433044433594,1.1286,1.4682
2016-06-23,180.5250244140625,1.1373,1.48
2016-06-24,174.04251098632812,1.1126,1.3639
2016-06-27,170.92547607421875,1.1024,1.3217
2016-06-28,174.00827026367188,1.1054,1.3294
2016-06-29,176.97119140625,1.1117,1.351
2016-06-30,179.38609313964844,1.1032,1.3242
2016-07-01,179.76292419433594,1.1145,1.3281
2016-07-04,,,
2016-07-05,178.46981811523438,1.108,1.3021
2016-07-06,179.5402374267578,1.1077,1.2921
2016-07-07,179.42893981933594,1.1065,1.2926
2016-07-08,182.10069274902344,1.1038,1.2938
2016-07-11,182.742919921875,1.1045,1.2986
2016-07-12,184.0703125,1.1074,1.3237
2016-07-13,184.0445556640625,1.1112,1.318
2016-07-14,185.0722198486328,1.1109,1.3332
2016-07-15,184.8238525390625,1.1059,1.3194
2016-07-18,185.320556640625,1.1076,1.3279
2016-07-19,185.1321258544922,1.1014,1.3123
2016-07-20,185.90286254882812,1.1007,1.3179
2016-07-21,185.2006378173828,1.1016,1.3216
2016-07-22,186.03131103515625,1.0968,1.3091
2016-07-25,185.5260772705078,1.098,1.313
2016-07-26,185.6116943359375,1.0984,1.3133
2016-07-27,185.41476440429688,1.0988,1.3094
2016-07-28,185.6288299560547,1.1094,1.3151
2016-07-29,185.9285888671875,1.1168,1.327
2016-08-01,185.77439880371094,1.1176,1.3209
2016-08-02,184.5840606689453,1.1225,1.3326
2016-08-03,185.12355041503906,1.117,1.3335
2016-08-04,185.320556640625,1.1134,1.3143
2016-08-05,186.8363037109375,1.108,1.3069
2016-08-08,186.72496032714844,1.1078,1.3042
2016-08-09,186.8363037109375,1.111,1.301
2016-08-10,186.3738555908203,1.1171,1.2998
2016-08-11,187.23873901367188,1.1168,1.296
2016-08-12,187.0760040283203,1.1172,1.2934
2016-08-15,187.6155242919922,1.1199,1.2874
2016-08-16,186.64784240722656,1.1277,1.3019
2016-08-17,186.9989776611328,1.1263,1.3012
2016-08-18,187.41859436035156,1.1334,1.3147
2016-08-19,187.1445770263672,1.1326,1.3061
2016-08-22,187.135986328125,1.1314,1.3133
2016-08-23,187.51278686523438,1.1308,1.3179
2016-08-24,186.55364990234375,1.1256,1.3236
2016-08-25,186.42520141601562,1.1274,1.3177
2016-08-26,186.07411193847656,1.1237,1.3168
2016-08-29,186.9904022216797,1.1182,1.3089
2016-08-30,186.68211364746094,1.115,1.3084
2016-08-31,186.1512451171875,1.1146,1.3129
2016-09-01,186.15972900390625,1.1194,1.3273
2016-09-02,186.9989776611328,1.1158,1.3299
2016-09-05,,,
2016-09-06,187.56419372558594,1.1237,1.3429
2016-09-07,187.54702758789062,1.1238,1.3339
2016-09-08,187.118896484375,1.1256,1.3301
2016-09-09,182.64016723632812,1.1214,1.3257
2016-09-12,185.26055908203125,1.123,1.3313
2016-09-13,182.59738159179688,1.1242,1.3184
2016-09-14,182.52882385253906,1.1271,1.3204
2016-09-15,184.35287475585938,1.1246,1.3215
2016-09-16,183.64022827148438,1.116,1.309
2016-09-19,183.67465209960938,1.1179,1.3051
2016-09-20,183.6833038330078,1.1172,1.2974
2016-09-21,185.74887084960938,1.1165,1.2978
2016-09-22,186.9193878173828,1.1229,1.3092
2016-09-23,185.89517211914062,1.1223,1.2959
2016-09-26,184.38902282714844,1.127,1.2978
2016-09-27,185.53367614746094,1.1208,1.3005
2016-09-28,186.45460510253906,1.12,1.2996
2016-09-29,184.7677001953125,1.1244,1.2991
2016-09-30,186.16200256347656,1.1238,1.3015
2016-10-03,185.7144317626953,1.121,1.284
2016-10-04,184.7677001953125,1.1212,1.2746
2016-10-05,185.58534240722656,1.1196,1.2745
2016-10-06,185.7144317626953,1.1158,1.2647
2016-10-07,185.07748413085938,1.1156,1.2434
2016-10-10,186.04151916503906,,
2016-10-11,183.69189453125,1.1062,1.2218
2016-10-12,183.93289184570312,1.1014,1.2195
2016-10-13,183.33041381835938,1.1038,1.2201
2016-10-14,183.4250946044922,1.0985,1.2189
2016-10-17,182.78814697265625,1.1,1.2186
2016-10-18,183.93289184570312,1.0997,1.231
2016-10-19,184.4234619140625,1.0966,1.2279
2016-10-20,184.0791778564453,1.0934,1.2256
2016-10-21,184.1652374267578,1.0866,1.221
2016-10-24,184.948486328125,1.0888,1.2204
2016-10-25,184.32879638671875,1.089,1.2164
2016-10-26,183.95867919921875,1.0916,1.2234
2016-10-27,183.46807861328125,1.0904,1.2173
2016-10-28,182.92588806152344,1.0934,1.2155
2016-10-31,182.93450927734375,1.0962,1.2212
2016-11-01,181.60899353027344,1.1042,1.2218
2016-11-02,180.51602172851562,1.1119,1.2315
2016-11-03,179.68983459472656,1.1094,1.2454
2016-11-04,179.49191284179688,1.1121,1.2546
2016-11-07,183.4508819580078,1.1038,1.2403
2016-11-08,184.27716064453125,1.1034,1.2372
2016-11-09,186.2308807373047,1.0952,1.2474
2016-11-10,186.695556640625,1.0882,1.2523
2016-11-11,186.2652587890625,,
2016-11-14,186.41156005859375,1.0723,1.2469
2016-11-15,187.86610412597656,1.0726,1.2422
2016-11-16,187.5132293701172,1.0699,1.245
2016-11-17,188.47714233398438,1.0656,1.245
2016-11-18,188.05548095703125,1.06,1.2327
2016-11-21,189.47552490234375,1.0597,1.2474
2016-11-22,189.84564208984375,1.0618,1.2424
2016-11-23,189.94894409179688,1.056,1.2458
2016-11-24,,,
2016-11-25,190.6547088623047,1.0595,1.2462
2016-11-28,189.75958251953125,1.0576,1.2411
2016-11-29,190.12965393066406,1.0626,1.2505
2016-11-30,189.6735076904297,1.0578,1.2481
2016-12-01,188.97634887695312,1.0634,1.2596
2016-12-02,189.071044921875,1.0666,1.2685
2016-12-05,190.2071075439453,1.0723,1.2708
2016-12-06,190.80966186523438,1.0717,1.2706
2016-12-07,193.30548095703125,1.0758,1.2604
2016-12-08,193.77883911132812,1.0625,1.2574
2016-12-09,194.9493865966797,1.0541,1.259
2016-12-12,194.72561645507812,1.0606,1.2677
2016-12-13,196.02520751953125,1.0635,1.2685
2016-12-14,194.40719604492188,1.0656,1.2706
2016-12-15,195.2075958251953,1.0375,1.2389
2016-12-16,194.8258056640625,1.0456,1.2478
2016-12-19,195.25003051757812,1.0444,1.2419
2016-12-20,196.00320434570312,1.039,1.2358
2016-12-21,195.45779418945312,1.0425,1.2348
2016-12-22,195.12017822265625,1.0452,1.2301
2016-12-23,195.40586853027344,1.0449,1.2252
2016-12-26,,,
2016-12-27,195.89064025878906,1.0458,1.2261
2016-12-28,194.27175903320312,1.0389,1.2222
2016-12-29,194.2284393310547,1.0486,1.2237
2016-12-30,193.51849365234375,1.0552,1.2337
2017-01-02,,,
2017-01-03,194.9989776611328,1.0416,1.2256
2017-01-04,196.1590576171875,1.0476,1.2299
2017-01-05,196.00320434570312,1.0598,1.2415
2017-01-06,196.70448303222656,1.056,1.2314
2017-01-09,196.05519104003906,1.0576,1.2167
2017-01-10,196.05519104003906,1.0572,1.2165
2017-01-11,196.60926818847656,1.0501,1.2118
2017-01-12,196.11573791503906,1.0666,1.2211
2017-01-13,196.56594848632812,1.0625,1.2198
2017-01-16,,,
2017-01-17,195.87339782714844,1.0695,1.2388
2017-01-18,196.30615234375,1.0682,1.2309
2017-01-19,195.57901000976562,1.063,1.2319
2017-01-20,196.2975311279297,,
2017-01-23,195.7868194580078,1.074,1.2485
2017-01-24,197.04209899902344,1.0749,1.2531
2017-01-25,198.7476348876953,1.0743,1.262
2017-01-26,198.539794921875,1.067,1.2579
2017-01-27,198.22813415527344,1.069,1.2531
2017-01-30,196.99884033203125,1.0681,1.2478
2017-01-31,196.9814453125,1.0794,1.2585
2017-02-01,197.0594024658203,1.0758,1.2643
2017-02-02,197.18927001953125,1.0802,1.2541
2017-02-03,198.54852294921875,1.0792,1.2504
2017-02-06,198.1934814453125,1.0731,1.245
2017-02-07,198.20216369628906,1.069,1.2486
2017-02-08,198.4619140625,1.0708,1.2543
2017-02-09,199.63926696777344,1.0658,1.2516
2017-02-10,200.42715454101562,1.065,1.2502
2017-02-13,201.51795959472656,1.0603,1.251
2017-02-14,202.3230743408203,1.0577,1.2465
2017-02-15,203.3793182373047,1.0597,1.2465
2017-02-16,203.2061767578125,1.066,1.2477
2017-02-17,203.52647399902344,1.0614,1.2428
2017-02-20,,,
2017-02-21,204.73849487304688,1.0551,1.2465
2017-02-22,204.55670166015625,1.0555,1.2456
2017-02-23,204.69517517089844,1.0586,1.2548
2017-02-24,204.95497131347656,1.058,1.2499
2017-02-27,205.2752227783203,1.0624,1.2473
2017-02-28,204.72117614746094,1.0618,1.2427
2017-03-01,207.5867919921875,1.0564,1.2318
2017-03-02,206.27944946289062,1.0514,1.2267
2017-03-03,206.4093475341797,1.0552,1.2249
2017-03-06,205.79470825195312,1.0586,1.2243
2017-03-07,205.1800079345703,1.0582,1.2209
2017-03-08,204.79910278320312,1.0547,1.2152
2017-03-09,205.05880737304688,1.0586,1.2166
2017-03-10,205.7774200439453,1.0667,1.2158
2017-03-13,205.88131713867188,1.067,1.2234
2017-03-14,205.09344482421875,1.0645,1.2168
2017-03-15,206.8682098388672,1.063,1.2222
2017-03-16,206.46131896972656,1.0738,1.237
2017-03-17,206.09869384765625,1.0742,1.2372
2017-03-20,205.87266540527344,1.0754,1.2365
2017-03-21,203.22933959960938,1.081,1.2479
2017-03-22,203.70758056640625,1.08,1.2476
2017-03-23,203.49024963378906,1.0787,1.2526
2017-03-24,203.34239196777344,1.0806,1.2491
2017-03-27,203.13372802734375,1.0882,1.2583
2017-03-28,204.61190795898438,1.0852,1.2503
2017-03-29,204.80319213867188,1.0756,1.2411
2017-03-30,205.4552764892578,1.0726,1.2489
2017-03-31,204.97706604003906,1.0698,1.2537
2017-04-03,204.62059020996094,1.0655,1.2479
2017-04-04,204.75100708007812,1.0664,1.2437
2017-04-05,204.14234924316406,1.0661,1.2488
2017-04-06,204.71624755859375,1.0651,1.2486
2017-04-07,204.50759887695312,1.0616,1.2398
2017-04-10,204.6292724609375,1.0606,1.2418
2017-04-11,204.3858184814453,1.0614,1.2484
2017-04-12,203.49024963378906,1.0611,1.25
2017-04-13,202.16856384277344,1.063,1.2522
2017-04-14,,1.0625,1.2531
2017-04-17,203.95974731445312,1.066,1.2587
2017-04-18,203.35110473632812,1.0706,1.2769
2017-04-19,202.97726440429688,1.0707,1.2789
2017-04-20,204.6292724609375,1.0758,1.283
2017-04-21,203.97715759277344,1.0694,1.2783
2017-04-24,206.22047424316406,1.0846,1.2783
2017-04-25,207.4203643798828,1.0941,1.2836
2017-04-26,207.28994750976562,1.0872,1.2838
2017-04-27,207.4638671875,1.0864,1.2889
2017-04-28,207.01173400878906,1.0895,1.2938
2017-05-01,207.5334014892578,1.0912,1.2917
2017-05-02,207.61167907714844,1.091,1.2921
2017-05-03,207.3595428466797,1.092,1.2916
2017-05-04,207.60296630859375,1.0967,1.291
2017-05-05,208.42025756835938,1.0996,1.295
2017-05-08,208.3855438232422,1.0928,1.2942
2017-05-09,208.19427490234375,1.0875,1.2939
2017-05-10,208.56813049316406,1.0873,1.2939
2017-05-11,208.14212036132812,1.0869,1.2885
2017-05-12,207.79429626464844,1.0926,1.288
2017-05-15,208.94203186035156,1.0979,1.2917
2017-05-16,208.750732421875,1.1072,1.2912
2017-05-17,205.046630859375,1.1134,1.2944
2017-05-18,205.87266540527344,1.113,1.3009
2017-05-19,207.21173095703125,1.119,1.3018
2017-05-22,208.26382446289062,1.1236,1.3006
2017-05-23,208.7246551513672,1.1198,1.2984
2017-05-24,209.2115936279297,1.1175,1.2935
2017-05-25,210.21151733398438,1.1218,1.2954
2017-05-26,210.16802978515625,1.117,1.2795
2017-05-29,,,
2017-05-30,209.98544311523438,1.1183,1.2858
2017-05-31,209.9332733154297,1.1236,1.2905
2017-06-01,211.60269165039062,1.1214,1.2894
2017-06-02,212.30699157714844,1.127,1.2885
2017-06-05,212.15049743652344,1.125,1.2917
2017-06-06,211.47225952148438,1.1266,1.2901
2017-06-07,211.86355590820312,1.1236,1.2941
2017-06-08,211.96786499023438,1.1217,1.2939
2017-06-09,211.64617919921875,1.119,1.2737
2017-06-12,211.60269165039062,1.1204,1.2658
2017-06-13,212.63743591308594,1.1194,1.2739
2017-06-14,212.3678741455078,1.1277,1.2808
2017-06-15,211.95921325683594,1.1152,1.2768
2017-06-16,212.00550842285156,1.1194,1.2778
2017-06-19,213.7705078125,1.116,1.2743
2017-06-20,212.3288116455078,1.1124,1.2628
2017-06-21,212.27638244628906,1.1143,1.2667
2017-06-22,212.1802978515625,1.1148,1.2659
2017-06-23,212.43368530273438,1.1196,1.2727
2017-06-26,212.57347106933594,1.1196,1.2732
2017-06-27,210.8608856201172,1.13,1.2791
2017-06-28,212.74819946289062,1.1364,1.2936
2017-06-29,210.87841796875,1.142,1.2984
2017-06-30,211.27159118652344,1.1411,1.2995
2017-07-03,211.62977600097656,1.1367,1.2951
2017-07-04,,,
2017-07-05,212.11912536621094,1.1336,1.2934
2017-07-06,210.17941284179688,1.1409,1.2967
2017-07-07,211.54246520996094,1.1396,1.288
2017-07-10,211.76959228515625,1.1396,1.2884
2017-07-11,211.61231994628906,1.143,1.2851
2017-07-12,213.2025604248047,1.1411,1.2889
2017-07-13,213.56072998046875,1.1385,1.2921
2017-07-14,214.556884765625,1.1452,1.3079
2017-07-17,214.5306396484375,1.147,1.3058
2017-07-18,214.6442413330078,1.1578,1.3026
2017-07-19,215.80630493164062,1.1518,1.3036
2017-07-20,215.90245056152344,1.1634,1.2976
2017-07-21,215.710205078125,1.1655,1.2968
2017-07-24,215.65777587890625,1.1642,1.3028
2017-07-25,216.18199157714844,1.1656,1.3046
2017-07-26,216.1907958984375,1.1632,1.3048
2017-07-27,215.9898223876953,1.1656,1.3065
2017-07-28,215.7363739013672,1.1754,1.3124
2017-07-31,215.61407470703125,1.1826,1.3196
2017-08-01,216.09466552734375,1.1799,1.3206
2017-08-02,216.19947814941406,1.1861,1.3236
2017-08-03,215.78012084960938,1.188,1.3144
2017-08-04,216.1732940673828,1.1754,1.3036
2017-08-07,216.5751953125,1.1788,1.3021
2017-08-08,216.04220581054688,1.1724,1.2968
2017-08-09,216.03350830078125,1.1748,1.2997
2017-08-10,212.984130859375,1.1751,1.2978
2017-08-11,213.2987060546875,1.1811,1.2988
2017-08-14,215.41310119628906,1.1786,1.2975
2017-08-15,215.3868865966797,1.1736,1.2862
2017-08-16,215.76258850097656,1.1703,1.286
2017-08-17,212.39871215820312,1.1736,1.2888
2017-08-18,212.06666564941406,1.1748,1.2847
2017-08-21,212.23269653320312,1.1814,1.2903
2017-08-22,214.4519805908203,1.1762,1.2834
2017-08-23,213.68312072753906,1.1802,1.2787
2017-08-24,213.18507385253906,1.1801,1.2802
2017-08-25,213.68312072753906,1.1874,1.2873
2017-08-28,213.69187927246094,1.1973,1.2927
2017-08-29,213.93646240234375,1.2025,1.2937
2017-08-30,214.9500274658203,1.1927,1.2934
2017-08-31,216.24314880371094,1.1894,1.2888
2017-09-01,216.54896545410156,1.1878,1.2972
2017-09-04,,,
2017-09-05,214.99374389648438,1.1911,1.3013
2017-09-06,215.72769165039062,1.1943,1.3073
2017-09-07,215.701416015625,1.2028,1.3094
2017-09-08,215.4480438232422,1.2041,1.3211
2017-09-11,217.7460479736328,1.1964,1.3173
2017-09-12,218.47991943359375,1.1968,1.328
2017-09-13,218.5847930908203,1.1898,1.3218
2017-09-14,218.51492309570312,1.1886,1.3398
2017-09-15,218.80909729003906,1.1959,1.3578
2017-09-18,219.2745361328125,1.1938,1.3485
2017-09-19,219.49398803710938,1.198,1.3517
2017-09-20,219.572998046875,1.1998,1.3564
2017-09-21,218.9846649169922,1.1946,1.3576
2017-09-22,219.02859497070312,1.1969,1.3531
2017-09-25,218.58079528808594,1.1852,1.3457
2017-09-26,218.7124786376953,1.1772,1.3422
2017-09-27,219.56419372558594,1.1747,1.3401
2017-09-28,219.82765197753906,1.1776,1.3435
2017-09-29,220.6003875732422,1.1813,1.3402
2017-10-02,221.55743408203125,1.1745,1.3268
2017-10-03,222.03163146972656,1.1759,1.3251
2017-10-04,222.29510498046875,1.176,1.3268
2017-10-05,223.61219787597656,1.1706,1.3132
2017-10-06,223.35751342773438,1.1732,1.3063
2017-10-09,222.98873901367188,,
2017-10-10,223.57705688476562,1.1804,1.3215
2017-10-11,223.92828369140625,1.1847,1.321
2017-10-12,223.59458923339844,1.184,1.3174
2017-10-13,223.8668670654297,1.1837,1.3304
2017-10-16,224.1653594970703,1.181,1.3285
2017-10-17,224.32339477539062,1.1754,1.3182
2017-10-18,224.54290771484375,1.1775,1.3183
2017-10-19,224.60443115234375,1.1842,1.3181
2017-10-20,225.76345825195312,1.177,1.3179
2017-10-23,224.8853759765625,1.1762,1.3201
2017-10-24,225.2805633544922,1.1766,1.3124
2017-10-25,224.1653594970703,1.1802,1.3252
2017-10-26,224.45516967773438,1.17,1.3181
2017-10-27,226.29029846191406,1.158,1.3108
2017-10-30,225.44740295410156,1.1626,1.3195
2017-10-31,225.79859924316406,1.1648,1.3281
2017-11-01,226.09716796875,1.1618,1.3257
2017-11-02,226.1849365234375,1.1672,1.3068
2017-11-03,226.9401397705078,1.1616,1.3067
2017-11-06,227.2913055419922,1.16,1.3145
2017-11-07,227.13328552246094,1.1577,1.3152
2017-11-08,227.5195770263672,1.1591,1.3108
2017-11-09,226.69424438476562,1.1648,1.3133
2017-11-10,226.62399291992188,,
2017-11-13,226.83473205566406,1.1656,1.3101
2017-11-14,226.30789184570312,1.1764,1.3128
2017-11-15,225.17515563964844,1.1794,1.3165
2017-11-16,227.08937072753906,1.1772,1.3197
2017-11-17,226.42202758789062,1.1799,1.3222
2017-11-20,226.80836486816406,1.1741,1.3241
2017-11-21,228.29234313964844,1.1741,1.3232
2017-11-22,228.09039306640625,1.1789,1.3291
2017-11-23,,,
2017-11-24,228.6172332763672,1.1936,1.3336
2017-11-27,228.50314331054688,1.1911,1.3333
2017-11-28,230.82115173339844,1.1878,1.3231
2017-11-29,230.6807098388672,1.1858,1.3436
2017-11-30,232.70030212402344,1.1898,1.3506
2017-12-01,232.21737670898438,1.191,1.3505
2017-12-04,231.93634033203125,1.1848,1.3465
2017-12-05,231.1022186279297,1.182,1.345
2017-12-06,231.1461639404297,1.1788,1.3382
2017-12-07,231.8749237060547,1.179,1.3432
2017-12-08,233.1393585205078,1.1761,1.3367
2017-12-11,233.84185791015625,1.1802,1.3363
2017-12-12,234.2545166015625,1.1725,1.3323
2017-12-13,234.22821044921875,1.1762,1.3365
2017-12-14,233.2710723876953,1.1778,1.344
2017-12-15,235.213623046875,1.1778,1.3316
2017-12-18,236.70518493652344,1.1804,1.3398
2017-12-19,235.796142578125,1.1822,1.3356
2017-12-20,235.67257690429688,1.1881,1.3408
2017-12-21,236.15794372558594,1.1872,1.3372
2017-12-22,236.09625244140625,1.1839,1.3379
2017-12-25,,,
2017-12-26,235.8137664794922,1.1867,1.3369
2017-12-27,235.92848205566406,1.1902,1.3403
2017-12-28,236.41387939453125,1.1952,1.345
2017-12-29,235.5224609375,1.2022,1.3529
2018-01-01,,,
2018-01-02,237.20823669433594,1.205,1.3596
2018-01-03,238.70855712890625,1.203,1.3522
2018-01-04,239.71475219726562,1.2064,1.3539
2018-01-05,241.31222534179688,1.2039,1.3562
2018-01-08,241.7534637451172,1.1973,1.3566
2018-01-09,242.3007049560547,1.1922,1.3518
2018-01-10,241.92999267578125,1.1958,1.3513
2018-01-11,243.69512939453125,1.2035,1.3543
2018-01-12,245.28369140625,1.213,1.3689
2018-01-15,,,
2018-01-16,244.4453125,1.2244,1.3774
2018-01-17,246.77520751953125,1.2229,1.3824
2018-01-18,246.36048889160156,1.2238,1.3889
2018-01-19,247.4813232421875,1.2238,1.3857
2018-01-22,249.4935302734375,1.223,1.3944
2018-01-23,250.02310180664062,1.2277,1.3968
2018-01-24,249.92605590820312,1.239,1.4198
2018-01-25,250.03195190429688,1.2488,1.4264
2018-01-26,252.92681884765625,1.2422,1.4179
2018-01-29,251.2499542236328,1.2352,1.4042
2018-01-30,248.67276000976562,1.239,1.4124
2018-01-31,248.79637145996094,1.2428,1.419
2018-02-01,248.51394653320312,1.2482,1.4247
2018-02-02,243.10377502441406,1.2446,1.4126
2018-02-05,232.93663024902344,1.2418,1.4022
2018-02-06,237.52590942382812,1.2381,1.3951
2018-02-07,236.23741149902344,1.2281,1.3881
2018-02-08,227.3763885498047,1.2238,1.3915
2018-02-09,230.7919464111328,1.2226,1.3794
2018-02-12,234.18104553222656,1.2267,1.382
2018-02-13,234.7635040283203,1.2363,1.3892
2018-02-14,237.9319305419922,1.2396,1.3955
2018-02-15,240.9679412841797,1.2482,1.4061
2018-02-16,241.03854370117188,1.2442,1.4055
2018-02-19,,,
2018-02-20,239.52935791015625,1.2348,1.4021
2018-02-21,238.33792114257812,1.2314,1.3946
2018-02-22,238.64675903320312,1.2326,1.3939
2018-02-23,242.45071411132812,1.2298,1.3979
2018-02-26,245.26614379882812,1.2296,1.3952
2018-02-27,242.20358276367188,1.2239,1.3906
2018-02-28,239.75001525878906,1.2211,1.3794
2018-03-01,236.2638702392578,1.2216,1.3755
2018-03-02,237.48184204101562,1.2314,1.3769
2018-03-05,240.22665405273438,1.233,1.3856
2018-03-06,240.83558654785156,1.2415,1.3886
2018-03-07,240.74734497070312,1.2397,1.3888
2018-03-08,241.91232299804688,1.2314,1.3824
2018-03-09,246.12213134765625,1.2326,1.3863
2018-03-12,245.813232421875,1.2318,1.3898
2018-03-13,244.22463989257812,1.2398,1.3987
2018-03-14,242.97137451171875,1.2362,1.3946
2018-03-15,242.7066192626953,1.2321,1.3951
2018-03-16,242.96983337402344,1.228,1.3919
2018-03-19,239.68234252929688,1.2329,1.4032
2018-03-20,240.0900421142578,1.2271,1.4013
2018-03-21,239.6292266845703,1.2268,1.4064
2018-03-22,233.63916015625,1.231,1.4098
2018-03-23,228.65919494628906,1.236,1.4151
2018-03-26,234.91510009765625,1.244,1.4236
2018-03-27,230.91879272460938,1.241,1.4161
2018-03-28,230.23646545410156,1.2351,1.411
2018-03-29,233.17831420898438,1.2297,1.4029
2018-03-30,,1.232,1.4027
2018-04-02,228.14527893066406,1.2288,1.4032
2018-04-03,231.06944274902344,1.2261,1.4068
2018-04-04,233.5416259765625,1.2292,1.4076
2018-04-05,235.3848114013672,1.223,1.3991
2018-04-06,230.13902282714844,1.2274,1.4088
2018-04-09,231.2732391357422,1.232,1.4136
2018-04-10,234.95053100585938,1.2338,1.4161
2018-04-11,233.71885681152344,1.2384,1.4194
2018-04-12,235.64173889160156,1.232,1.4244
2018-04-13,234.95053100585938,1.2322,1.4255
2018-04-16,236.88226318359375,1.2373,1.4332
2018-04-17,239.41651916503906,1.2345,1.4301
2018-04-18,239.59375,1.238,1.4227
2018-04-19,238.2645721435547,1.2336,1.4193
2018-04-20,236.24424743652344,1.2282,1.4033
2018-04-23,236.20887756347656,1.2216,1.3953
2018-04-24,233.02772521972656,1.2226,1.3975
2018-04-25,233.60366821289062,1.2178,1.3941
2018-04-26,235.9784698486328,1.2113,1.3927
2018-04-27,236.19992065429688,1.2108,1.3785
2018-04-30,234.38348388671875,1.2074,1.3751
2018-05-01,234.79989624023438,1.2,1.3611
2018-05-02,233.2227020263672,1.1968,1.361
2018-05-03,232.7086944580078,1.197,1.3569
2018-05-04,235.721435546875,1.1946,1.3535
2018-05-07,236.5189666748047,1.1927,1.3567
2018-05-08,236.5189666748047,1.1863,1.3521
2018-05-09,238.80514526367188,1.1852,1.3567
2018-05-10,241.03811645507812,1.1896,1.3487
2018-05-11,241.77357482910156,1.1951,1.3549
2018-05-14,241.88876342773438,1.1976,1.3595
2018-05-15,240.22286987304688,1.1864,1.3512
2018-05-16,241.23306274414062,1.1788,1.3478
2018-05-17,241.02928161621094,1.1798,1.3507
2018-05-18,240.4266357421875,1.1775,1.3476
2018-05-21,242.2342987060547,1.1768,1.3418
2018-05-22,241.5608673095703,1.1783,1.3445
2018-05-23,242.22547912597656,1.1693,1.3341
2018-05-24,241.72918701171875,1.1729,1.3384
2018-05-25,241.1532745361328,1.1666,1.3321
2018-05-28,,,
2018-05-29,238.3797607421875,1.1551,1.3258
2018-05-30,241.5608673095703,1.1664,1.3296
2018-05-31,240.0810546875,1.167,1.3289
2018-06-01,242.43809509277344,1.1679,1.3358
2018-06-04,243.59005737304688,1.1696,1.3314
2018-06-05,243.76722717285156,1.1672,1.336
2018-06-06,245.80535888671875,1.1778,1.3429
2018-06-07,245.77880859375,1.1815,1.3427
2018-06-08,246.5054168701172,1.1773,1.3406
2018-06-11,246.83323669433594,1.1802,1.3386
2018-06-12,247.15220642089844,1.1792,1.3416
2018-06-13,246.36349487304688,1.1784,1.3378
2018-06-14,246.98385620117188,1.1634,1.3333
2018-06-15,246.66876220703125,1.1616,1.3283
2018-06-18,246.16143798828125,1.1606,1.3247
2018-06-19,245.2179718017578,1.1577,1.3172
2018-06-20,245.63623046875,1.1592,1.3213
2018-06-21,244.09640502929688,1.16,1.3251
2018-06-22,244.54144287109375,1.163,1.3258
2018-06-25,241.2124786376953,1.1694,1.3273
2018-06-26,241.74667358398438,1.1675,1.3243
2018-06-27,239.7439422607422,1.1588,1.3139
2018-06-28,241.11459350585938,1.1582,1.3095
2018-06-29,241.46173095703125,1.1677,1.3197
2018-07-02,241.9779510498047,1.1604,1.3133
2018-07-03,241.12355041503906,1.1653,1.3174
2018-07-04,,,
2018-07-05,243.09060668945312,1.1697,1.3228
2018-07-06,245.14678955078125,1.1738,1.3262
2018-07-09,247.35414123535156,1.1744,1.3202
2018-07-10,248.24420166015625,1.1728,1.3266
2018-07-11,246.42845153808594,1.1722,1.3241
2018-07-12,248.66261291503906,1.1692,1.3238
2018-07-13,248.8584442138672,1.1667,1.3216
2018-07-16,248.63587951660156,1.171,1.3236
2018-07-17,249.64169311523438,1.1664,1.3161
2018-07-18,250.16683959960938,1.1645,1.305
2018-07-19,249.2233123779297,1.1604,1.2987
2018-07-20,248.93849182128906,1.1708,1.3114
2018-07-23,249.40133666992188,1.1702,1.3105
2018-07-24,250.6563720703125,1.1684,1.3135
2018-07-25,252.79257202148438,1.1677,1.315
2018-07-26,252.19627380371094,1.1654,1.3119
2018-07-27,250.48728942871094,1.166,1.3118
2018-07-30,249.1788330078125,1.1718,1.314
2018-07-31,250.40711975097656,1.1706,1.3125
2018-08-01,249.98883056640625,1.1666,1.312
2018-08-02,251.3506317138672,1.1612,1.3035
2018-08-03,252.4276123046875,1.1597,1.3021
2018-08-06,253.35330200195312,1.1564,1.2947
2018-08-07,254.18995666503906,1.1597,1.2957
2018-08-08,254.0831756591797,1.1598,1.288
2018-08-09,253.73606872558594,1.1566,1.287
2018-08-10,252.03591918945312,1.1399,1.2769
2018-08-13,251.09251403808594,1.1396,1.2757
2018-08-14,252.6946258544922,1.1351,1.2738
2018-08-15,250.80775451660156,1.1332,1.2685
2018-08-16,252.83705139160156,1.1388,1.2722
2018-08-17,253.72715759277344,1.141,1.2735
2018-08-20,254.27011108398438,1.1438,1.2765
2018-08-21,254.86639404296875,1.1534,1.286
2018-08-22,254.7151336669922,1.1595,1.291
2018-08-23,254.37681579589844,1.1567,1.283
2018-08-24,255.9077911376953,1.1625,1.2858
2018-08-27,257.9283142089844,1.1676,1.2891
2018-08-28,258.052978515625,1.172,1.2886
2018-08-29,259.4414978027344,1.1699,1.3006
2018-08-30,258.3912048339844,1.1646,1.2997
2018-08-31,258.40008544921875,1.1596,1.2964
2018-09-03,,,
2018-09-04,257.9550476074219,1.1566,1.2833
2018-09-05,257.2607421875,1.162,1.2903
2018-09-06,256.486328125,1.1624,1.2933
2018-09-07,255.9879150390625,1.1572,1.2934
2018-09-10,256.4329528808594,1.1604,1.3026
2018-09-11,257.2785949707031,1.1591,1.3015
2018-09-12,257.3409423828125,1.1626,1.3029
2018-09-13,258.8628845214844,1.1672,1.3104
2018-09-14,258.90740966796875,1.1656,1.3084
2018-09-17,257.53668212890625,1.1687,1.3146
2018-09-18,258.9341125488281,1.1693,1.3158
2018-09-19,259.21002197265625,1.1685,1.3162
2018-09-20,261.3105163574219,1.1744,1.3237
2018-09-21,261.07196044921875,1.1739,1.3067
2018-09-24,260.20465087890625,1.1773,1.3128
2018-09-25,259.96319580078125,1.177,1.3162
2018-09-26,259.185302734375,1.1758,1.3182
2018-09-27,259.90948486328125,1.167,1.3104
2018-09-28,259.93634033203125,1.1622,1.3053
2018-10-01,260.8394775390625,1.1567,1.3032
2018-10-02,260.68743896484375,1.156,1.2984
2018-10-03,260.8304443359375,1.1525,1.2993
2018-10-04,258.7918701171875,1.1508,1.3014
2018-10-05,257.3434143066406,1.1502,1.3101
2018-10-08,257.3434143066406,,
2018-10-09,256.9679260253906,1.1482,1.3139
2018-10-10,248.83145141601562,1.1541,1.3206
2018-10-11,243.35060119628906,1.1565,1.3193
2018-10-12,246.7303924560547,1.1559,1.3154
2018-10-15,245.3444366455078,1.1594,1.3168
2018-10-16,250.70916748046875,1.1593,1.321
2018-10-17,250.75390625,1.154,1.3137
2018-10-18,247.13270568847656,1.1494,1.3061
2018-10-19,246.99859619140625,1.1513,1.3045
2018-10-22,245.889892578125,1.1467,1.2974
2018-10-23,244.6381072998047,1.148,1.2982
2018-10-24,237.2259063720703,1.1389,1.2898
2018-10-25,241.4818572998047,1.1374,1.2827
2018-10-26,237.23487854003906,1.1388,1.2826
2018-10-29,235.9205322265625,1.139,1.2807
2018-10-30,239.41648864746094,1.1364,1.2731
2018-10-31,241.97364807128906,1.1332,1.2779
2018-11-01,244.5487060546875,1.1396,1.2974
2018-11-02,243.1002960205078,1.1378,1.2965
2018-11-05,244.44143676757812,1.1394,1.302
2018-11-06,245.98822021484375,1.1412,1.3076
2018-11-07,251.25462341308594,1.1459,1.3144
2018-11-08,250.79856872558594,1.1416,1.3116
2018-11-09,248.3487091064453,1.1325,1.2978
2018-11-12,243.70823669433594,,
2018-11-13,243.25216674804688,1.1288,1.3031
2018-11-14,241.5892791748047,1.1312,1.3011
2018-11-15,244.110595703125,1.1324,1.2749
2018-11-16,244.74539184570312,1.1402,1.2839
2018-11-19,240.60568237304688,1.1448,1.2842
2018-11-20,236.15296936035156,1.1391,1.2809
2018-11-21,236.95767211914062,1.1393,1.2776
2018-11-22,,,
2018-11-23,235.37506103515625,1.1332,1.2804
2018-11-26,239.17507934570312,1.1336,1.2809
2018-11-27,239.97976684570312,1.1281,1.2729
2018-11-28,245.50534057617188,1.1286,1.2766
2018-11-29,244.96900939941406,1.1382,1.2789
2018-11-30,246.46205139160156,1.1323,1.2772
2018-12-03,249.7256317138672,1.1356,1.2742
2018-12-04,241.6338653564453,1.1345,1.2719
2018-12-05,,,
2018-12-06,241.26731872558594,1.1374,1.2777
2018-12-07,235.66127014160156,1.139,1.2749
2018-12-10,236.10833740234375,1.1368,1.2558
2018-12-11,236.1619415283203,1.1314,1.2524
2018-12-12,237.35108947753906,1.1362,1.2658
2018-12-13,237.2706756591797,1.1358,1.2635
2018-12-14,232.88949584960938,1.13,1.257
2018-12-17,228.32057189941406,1.1339,1.2606
2018-12-18,228.07022094726562,1.1364,1.2644
2018-12-19,224.65469360351562,1.1422,1.2669
2018-12-20,220.99777221679688,1.1432,1.265
2018-12-21,216.46966552734375,1.1402,1.2681
2018-12-24,210.7498779296875,,
2018-12-25,,,
2018-12-26,221.3980255126953,1.1408,1.2676
2018-12-27,223.09771728515625,1.1412,1.2627
2018-12-28,222.80995178222656,1.1445,1.2699
2018-12-31,224.76148986816406,1.1456,1.2763
2019-01-01,,,
2019-01-02,224.9953155517578,1.1357,1.2598
2019-01-03,219.62631225585938,1.1399,1.2633
2019-01-04,226.98284912109375,1.141,1.274
2019-01-07,228.7725372314453,1.1468,1.2757
2019-01-08,230.92193603515625,1.1444,1.2724
2019-01-09,232.00108337402344,1.1524,1.2764
2019-01-10,232.81951904296875,1.1517,1.2768
2019-01-11,232.9094696044922,1.1479,1.2836
2019-01-14,231.48849487304688,,
2019-01-15,234.1415557861328,1.1392,1.2761
2019-01-16,234.70814514160156,1.1408,1.2862
2019-01-17,236.48878479003906,1.1386,1.294
2019-01-18,239.636474609375,1.1362,1.2898
2019-01-21,,,
2019-01-22,236.3988800048828,1.1359,1.2955
2019-01-23,236.89346313476562,1.139,1.3074
2019-01-24,237.01943969726562,1.1322,1.3027
2019-01-25,239.02493286132812,1.1407,1.3176
2019-01-28,237.20826721191406,1.1438,1.3158
2019-01-29,236.89346313476562,1.1424,1.3146
2019-01-30,240.64373779296875,1.1418,1.3062
2019-01-31,242.7571563720703,1.1454,1.3135
2019-02-01,242.87411499023438,1.1474,1.3094
2019-02-04,244.58282470703125,1.1438,1.3068
2019-02-05,245.6081085205078,1.1406,1.2947
2019-02-06,245.28431701660156,1.138,1.2956
2019-02-07,242.946044921875,1.1357,1.2966
2019-02-08,243.24278259277344,1.1326,1.2933
2019-02-11,243.3776397705078,1.1277,1.2862
2019-02-12,246.5074005126953,1.1316,1.2887
2019-02-13,247.30783081054688,1.1288,1.2865
2019-02-14,246.75914001464844,1.1284,1.2793
2019-02-15,249.4482879638672,1.1268,1.2857
2019-02-18,,,
2019-02-19,249.87989807128906,1.1328,1.3036
2019-02-20,250.383544921875,,
2019-02-21,249.4931640625,1.1338,1.306
2019-02-22,251.04006958007812,1.1342,1.3067
2019-02-25,251.38177490234375,1.1345,1.3059
2019-02-26,251.2018585205078,1.1374,1.3252
2019-02-27,251.09400939941406,1.137,1.3318
2019-02-28,250.62637329101562,1.1379,1.3274
2019-03-01,252.19122314453125,1.1376,1.3222
2019-03-04,251.27381896972656,1.1328,1.3186
2019-03-05,250.9320526123047,1.13,1.3141
2019-03-06,249.4121856689453,1.132,1.3148
2019-03-07,247.32579040527344,1.1214,1.3107
2019-03-08,246.8311309814453,1.1243,1.301
2019-03-11,250.41058349609375,1.1226,1.3095
2019-03-12,251.3547821044922,1.1276,1.3101
2019-03-13,253.01852416992188,1.131,1.323
2019-03-14,252.85670471191406,1.1304,1.3281
2019-03-15,254.10594177246094,1.1326,1.3278
2019-03-18,255.0272979736328,1.1337,1.3223
2019-03-19,255.0904998779297,1.1346,1.3263
2019-03-20,254.32273864746094,1.1352,1.3191
2019-03-21,257.1952209472656,1.1361,1.3073
2019-03-22,252.24517822265625,1.1282,1.3219
2019-03-25,252.05548095703125,1.1324,1.3203
2019-03-26,253.9342803955078,1.128,1.3215
2019-03-27,252.6064453125,1.125,1.3192
2019-03-28,253.56402587890625,1.1236,1.3088
2019-03-29,255.16278076171875,1.1228,1.3032
2019-04-01,258.1888732910156,1.121,1.3144
2019-04-02,258.3153076171875,1.1186,1.3035
2019-04-03,258.7218017578125,1.1242,1.3181
2019-04-04,259.4082946777344,1.1216,1.3072
2019-04-05,260.66387939453125,1.1217,1.301
2019-04-08,260.862548828125,1.1262,1.3048
2019-04-09,259.5257568359375,1.1278,1.3048
2019-04-10,260.4110107421875,1.1266,1.31
2019-04-11,260.33868408203125,1.1262,1.3068
2019-04-12,262.1002197265625,1.1304,1.3086
2019-04-15,261.9284973144531,1.1304,1.3105
2019-04-16,262.1002197265625,1.1293,1.3049
2019-04-17,261.4587707519531,1.1297,1.3036
2019-04-18,261.97357177734375,1.1241,1.3003
2019-04-19,,1.1246,1.3003
2019-04-22,262.1994934082031,1.1258,1.2983
2019-04-23,264.5570373535156,1.1213,1.2943
2019-04-24,263.969970703125,1.1192,1.2947
2019-04-25,263.8073425292969,1.114,1.2901
2019-04-26,265.0357971191406,1.1154,1.293
2019-04-29,265.4513854980469,1.1166,1.2924
2019-04-30,265.5867614746094,1.1201,1.303
2019-05-01,263.59051513671875,1.1246,1.3091
2019-05-02,263.0214538574219,1.1184,1.3032
2019-05-03,265.5957946777344,1.1186,1.3139
2019-05-06,264.50286865234375,1.1197,1.3093
2019-05-07,260.08575439453125,1.1178,1.3052
2019-05-08,259.724365234375,1.1206,1.3014
2019-05-09,258.93865966796875,1.1228,1.3013
2019-05-10,260.2393493652344,1.1241,1.3036
2019-05-13,253.69944763183594,1.1232,1.2961
2019-05-14,255.9938201904297,1.1207,1.2921
2019-05-15,257.4932861328125,1.1208,1.2878
2019-05-16,259.87799072265625,1.1178,1.2803
2019-05-17,258.1979675292969,1.1166,1.2723
2019-05-20,256.4907531738281,1.117,1.2718
2019-05-21,258.80303955078125,1.1158,1.2747
2019-05-22,258.0081481933594,1.1156,1.2674
2019-05-23,254.85565185546875,1.1172,1.2666
2019-05-24,255.43377685546875,1.1197,1.27
2019-05-27,,,
2019-05-28,253.05807495117188,1.1177,1.2668
2019-05-29,251.35995483398438,1.1136,1.2631
2019-05-30,252.04640197753906,1.114,1.2619
2019-05-31,248.6499786376953,1.1149,1.262
2019-06-03,248.0177001953125,1.1206,1.2621
2019-06-04,253.4014434814453,1.1236,1.2675
2019-06-05,255.59642028808594,1.1242,1.2706
2019-06-06,257.2583923339844,1.1294,1.2713
2019-06-07,259.83282470703125,1.1324,1.274
2019-06-10,261.02520751953125,1.1311,1.2684
2019-06-11,260.9620361328125,1.1316,1.2724
2019-06-12,260.5013122558594,1.131,1.2693
2019-06-13,261.5761413574219,1.1275,1.2678
2019-06-14,261.2871398925781,1.1217,1.2601
2019-06-17,261.386474609375,1.1235,1.2568
2019-06-18,264.12353515625,1.1196,1.2547
2019-06-19,264.71966552734375,1.1214,1.2625
2019-06-20,267.2489318847656,1.1284,1.27
2019-06-21,266.8603820800781,1.1328,1.2703
2019-06-24,266.5336608886719,1.1393,1.2728
2019-06-25,263.9195251464844,1.1386,1.2721
2019-06-26,263.65631103515625,1.139,1.2697
2019-06-27,264.5912170410156,1.1372,1.2674
2019-06-28,265.95269775390625,1.1374,1.2704
2019-07-01,268.3671875,1.1307,1.2644
2019-07-02,269.0660095214844,1.1301,1.2599
2019-07-03,271.21728515625,1.1275,1.2568
2019-07-04,,,
2019-07-05,270.90875244140625,1.1216,1.2506
2019-07-08,269.4199523925781,1.1208,1.2503
2019-07-09,269.755859375,1.121,1.2463
2019-07-10,271.0448303222656,1.126,1.2507
2019-07-11,271.68023681640625,1.1261,1.2549
2019-07-12,272.8965759277344,1.1254,1.2553
2019-07-15,272.98724365234375,1.126,1.2523
2019-07-16,272.1069030761719,1.1212,1.2408
2019-07-17,270.25518798828125,1.1232,1.2438
2019-07-18,271.2445983886719,1.1228,1.2494
2019-07-19,269.7378234863281,1.122,1.25
2019-07-22,270.4002990722656,1.1214,1.2475
2019-07-23,272.333740234375,1.1156,1.2449
2019-07-24,273.61358642578125,1.1141,1.2498
2019-07-25,272.30657958984375,1.1156,1.2471
2019-07-26,274.1309814453125,1.1121,1.2387
2019-07-29,273.63177490234375,1.1142,1.2236
2019-07-30,272.9600524902344,1.1148,1.2148
2019-07-31,269.9737854003906,1.113,1.222
2019-08-01,267.622802734375,1.1062,1.2145
2019-08-02,265.60784912109375,1.1112,1.2132
2019-08-05,257.6201171875,1.1197,1.2165
2019-08-06,261.2326965332031,1.1196,1.2149
2019-08-07,261.38702392578125,1.1236,1.2158
2019-08-08,266.5154724121094,1.121,1.2138
2019-08-09,264.7000732421875,1.1222,1.2085
2019-08-12,261.477783203125,1.1212,1.207
2019-08-13,265.5442810058594,1.1182,1.2067
2019-08-14,257.6927490234375,1.1144,1.2068
2019-08-15,258.37353515625,1.1106,1.2112
2019-08-16,262.1858215332031,1.1091,1.2152
2019-08-19,265.34454345703125,1.1096,1.2138
2019-08-20,263.3113098144531,1.1092,1.2153
2019-08-21,265.4534606933594,1.1098,1.2142
2019-08-22,265.371826171875,1.1089,1.225
2019-08-23,258.5550231933594,1.1148,1.2261
2019-08-26,261.41424560546875,1.1112,1.2232
2019-08-27,260.3885803222656,1.1094,1.2288
2019-08-28,262.22216796875,1.1084,1.2248
2019-08-29,265.5714416503906,1.1059,1.2197
2019-08-30,265.4534606933594,1.0989,1.2166
2019-09-02,,,
2019-09-03,263.9012451171875,1.0968,1.2086
2019-09-04,266.89678955078125,1.1025,1.219
2019-09-05,270.3277893066406,1.1038,1.2337
2019-09-06,270.53656005859375,1.1042,1.2299
2019-09-09,270.6726379394531,1.1056,1.2368
2019-09-10,270.6091613769531,1.1042,1.2355
2019-09-11,272.53338623046875,1.1001,1.2329
2019-09-12,273.4774475097656,1.1074,1.2357
2019-09-13,273.2959289550781,1.1074,1.2462
2019-09-16,272.4517517089844,1.1006,1.2423
2019-09-17,273.1416320800781,1.1063,1.2493
2019-09-18,273.3050231933594,1.1061,1.2478
2019-09-19,273.2868957519531,1.1046,1.2481
2019-09-20,271.99560546875,1.1004,1.2489
2019-09-23,271.9317932128906,1.0991,1.2428
2019-09-24,269.7979736328125,1.0999,1.2475
2019-09-25,271.39385986328125,1.0949,1.2363
2019-09-26,270.8283386230469,1.0938,1.2343
2019-09-27,269.369384765625,1.0942,1.2312
2019-09-30,270.6187438964844,1.0905,1.2305
2019-10-01,267.39971923828125,1.0932,1.2242
2019-10-02,262.6761474609375,1.0951,1.2313
2019-10-03,264.8282470703125,1.0991,1.239
2019-10-04,268.4118957519531,1.0974,1.2309
2019-10-07,267.2538146972656,1.0984,1.2322
2019-10-08,263.1048889160156,1.0949,1.2206
2019-10-09,265.60333251953125,1.0978,1.2215
2019-10-10,267.39971923828125,1.1018,1.2382
2019-10-11,270.1717834472656,1.1039,1.2683
2019-10-14,269.8709716796875,,
2019-10-15,272.5426940917969,1.1036,1.2737
2019-10-16,272.1049499511719,1.1075,1.2854
2019-10-17,272.9073791503906,1.1129,1.2853
2019-10-18,271.7129211425781,1.1155,1.2904
2019-10-21,273.5549011230469,1.1145,1.2983
2019-10-22,272.6612854003906,1.1138,1.2948
2019-10-23,273.4545593261719,1.1118,1.2886
2019-10-24,273.90142822265625,1.1098,1.281
2019-10-25,275.0230407714844,1.1081,1.2833
2019-10-28,276.57318115234375,1.1094,1.286
2019-10-29,276.49114990234375,1.1117,1.2905
2019-10-30,277.33917236328125,1.1123,1.2872
2019-10-31,276.6006164550781,1.1155,1.2939
2019-11-01,279.1629638671875,1.1169,1.295
2019-11-04,280.2846374511719,1.1144,1.2906
2019-11-05,279.9745788574219,1.107,1.287
2019-11-06,280.0383605957031,1.1076,1.2872
2019-11-07,281.0232238769531,1.1045,1.2829
2019-11-08,281.71624755859375,1.1019,1.279
2019-11-11,281.1782531738281,,
2019-11-12,281.7709655761719,1.1017,1.2855
2019-11-13,281.8621520996094,1.1004,1.284
2019-11-14,282.27252197265625,1.1016,1.2879
2019-11-15,284.3150634765625,1.1046,1.2901
2019-11-18,284.52484130859375,1.1079,1.2965
2019-11-19,284.44287109375,1.1075,1.2926
2019-11-20,283.38494873046875,1.1063,1.2918
2019-11-21,282.9291076660156,1.1067,1.2915
2019-11-22,283.55828857421875,1.1029,1.2829
2019-11-25,285.755859375,1.1009,1.2885
2019-11-26,286.4033508300781,1.1012,1.285
2019-11-27,287.6799621582031,1.1002,1.2881
2019-11-28,,,
2019-11-29,286.6130676269531,1.1019,1.2939
2019-12-02,284.1784362792969,1.1075,1.2936
2019-12-03,282.27252197265625,1.1089,1.3002
2019-12-04,284.01416015625,1.1076,1.3095
2019-12-05,284.52484130859375,1.1104,1.3165
2019-12-06,287.1236877441406,1.1052,1.3127
2019-12-09,286.2209167480469,1.1067,1.3157
2019-12-10,285.9017333984375,1.109,1.3178
2019-12-11,286.7133483886719,1.1092,1.3176
2019-12-12,289.1846008300781,1.1115,1.3133
2019-12-13,289.3577575683594,1.1128,1.3349
2019-12-16,291.345703125,1.1139,1.333
2019-12-17,291.40948486328125,1.1148,1.3116
2019-12-18,291.4277648925781,1.1113,1.3078
2019-12-19,292.6222839355469,1.1128,1.3034
2019-12-20,293.90533447265625,1.1076,1.3036
2019-12-23,294.3542175292969,1.1091,1.2917
2019-12-24,294.36334228515625,1.1084,1.2955
2019-12-25,,,
2019-12-26,295.9303894042969,1.1102,1.3007
2019-12-27,295.8570861816406,1.1174,1.309
2019-12-30,294.2259826660156,1.1217,1.314
2019-12-31,294.94073486328125,1.1227,1.3269
2020-01-01,,,
2020-01-02,297.698974609375,1.1166,1.3128
2020-01-03,295.44476318359375,1.1173,1.3091
2020-01-06,296.5718688964844,1.1187,1.3163
2020-01-07,295.7379455566406,1.1138,1.3127
2020-01-08,297.31414794921875,1.1117,1.311
2020-01-09,299.3301086425781,1.1106,1.3069
2020-01-10,298.4687194824219,1.1119,1.306
2020-01-13,300.5213317871094,1.1138,1.2983
2020-01-14,300.0631408691406,1.113,1.3018
2020-01-15,300.7413024902344,1.116,1.303
2020-01-16,303.2430114746094,1.1131,1.3076
2020-01-17,304.1868591308594,1.1093,1.3029
2020-01-20,,,
2020-01-21,303.5912170410156,1.1096,1.3047
2020-01-22,303.6278381347656,1.1085,1.3136
2020-01-23,303.9761047363281,1.1041,1.3104
2020-01-24,301.2727966308594,1.1026,1.3071
2020-01-27,296.4435119628906,1.1019,1.3054
2020-01-28,299.55010986328125,1.1008,1.2996
2020-01-29,299.3026123046875,1.1004,1.3012
2020-01-30,300.2739562988281,1.1032,1.3106
2020-01-31,294.8216552734375,1.1082,1.3195
2020-02-03,297.0116882324219,1.1062,1.3006
2020-02-04,301.5385437011719,1.1043,1.3029
2020-02-05,305.02069091796875,1.1006,1.3
2020-02-06,306.04705810546875,1.0979,1.2935
2020-02-07,304.41595458984375,1.095,1.2908
2020-02-10,306.68853759765625,1.0916,1.2919
2020-02-11,307.21990966796875,1.0917,1.2945
2020-02-12,309.1993713378906,1.0893,1.2978
2020-02-13,308.8694763183594,1.0848,1.3051
2020-02-14,309.3642883300781,1.0839,1.3039
2020-02-17,,,
2020-02-18,308.5670471191406,1.0815,1.3017
2020-02-19,310.0424499511719,1.0794,1.2934
2020-02-20,308.7687072753906,1.0797,1.2877
2020-02-21,305.5888366699219,1.0855,1.2966
2020-02-24,295.453857421875,1.0857,1.2923
2020-02-25,286.5010070800781,1.0868,1.3004
2020-02-26,285.4471740722656,1.0887,1.2921
2020-02-27,272.6272888183594,1.0977,1.2876
2020-02-28,271.4818420410156,1.1001,1.2778
2020-03-02,283.23870849609375,1.1164,1.2791
2020-03-03,275.12896728515625,1.1175,1.2827
2020-03-04,286.69342041015625,1.113,1.2836
2020-03-05,277.1632385253906,1.1202,1.2939
2020-03-06,272.58148193359375,1.1319,1.301
2020-03-09,251.2943572998047,1.142,1.31
2020-03-10,264.29754638671875,1.1342,1.2933
2020-03-11,251.41348266601562,1.128,1.2887
2020-03-12,227.3589630126953,1.1081,1.2541
2020-03-13,246.79501342773438,1.1066,1.2406
2020-03-16,219.78977966308594,1.1139,1.2278
2020-03-17,231.65672302246094,1.0971,1.2017
2020-03-18,219.92724609375,1.0833,1.176
2020-03-19,220.39454650878906,1.0699,1.1662
2020-03-20,210.89682006835938,1.0682,1.1743
2020-03-23,205.50457763671875,1.076,1.1492
2020-03-24,224.12399291992188,1.0794,1.1784
2020-03-25,227.4791259765625,1.0835,1.1763
2020-03-26,240.76156616210938,1.1025,1.214
2020-03-27,233.59034729003906,1.1059,1.236
2020-03-30,241.17640686035156,1.1018,1.2392
2020-03-31,237.58157348632812,1.1016,1.2454
2020-04-01,226.88922119140625,1.0934,1.2394
2020-04-02,232.124755859375,1.0862,1.238
2020-04-03,228.76963806152344,1.0797,1.2228
2020-04-06,244.13516235351562,1.0808,1.2298
2020-04-07,244.38406372070312,1.0886,1.2343
2020-04-08,252.58766174316406,1.0864,1.2394
2020-04-09,256.4314270019531,1.0931,1.2458
2020-04-10,,1.0951,1.2485
2020-04-13,254.0901336669922,1.0906,1.2518
2020-04-14,261.583984375,1.0971,1.2617
2020-04-15,256.0258483886719,1.0909,1.2523
2020-04-16,257.26104736328125,1.084,1.2433
2020-04-17,264.2109375,1.0883,1.2503
2020-04-20,259.55609130859375,1.0874,1.2467
2020-04-21,251.6750946044922,1.0854,1.2266
2020-04-22,257.26104736328125,1.0829,1.2332
2020-04-23,257.2425537109375,1.0815,1.2369
2020-04-24,260.8281555175781,1.0798,1.2335
2020-04-27,264.5888366699219,1.0829,1.2421
2020-04-28,263.3722229003906,1.0836,1.2438
2020-04-29,270.26690673828125,1.0853,1.2429
2020-04-30,267.7505187988281,1.0934,1.2602
2020-05-01,260.66217041015625,1.0998,1.2509
2020-05-04,261.3811950683594,1.0911,1.243
2020-05-05,263.79620361328125,1.0844,1.2449
2020-05-06,262.00799560546875,1.0806,1.2347
2020-05-07,265.1695861816406,1.0815,1.2349
2020-05-08,269.5570983886719,1.0854,1.2436
2020-05-11,269.61248779296875,1.0818,1.233
2020-05-12,264.2384948730469,1.0864,1.2299
2020-05-13,259.5653076171875,1.0837,1.2225
2020-05-14,262.67156982421875,1.08,1.2194
2020-05-15,263.8791198730469,1.0816,1.2129
2020-05-18,271.9167785644531,1.0904,1.2211
2020-05-19,269.1239318847656,1.0937,1.2255
2020-05-20,273.69580078125,1.098,1.2257
2020-05-21,271.80621337890625,1.0953,1.2227
2020-05-22,272.3223571777344,1.0894,1.2178
2020-05-25,,,
2020-05-26,275.6775817871094,1.097,1.2337
2020-05-27,279.7793884277344,1.0969,1.2231
2020-05-28,279.2632141113281,1.1069,1.2325
2020-05-29,280.5075378417969,1.1107,1.232
2020-06-01,281.64129638671875,1.1123,1.2472
2020-06-02,283.973388671875,1.1166,1.2531
2020-06-03,287.7525634765625,1.1246,1.26
2020-06-04,286.99664306640625,1.1322,1.2608
2020-06-05,294.352294921875,1.1297,1.2703
2020-06-08,297.9101867675781,1.1293,1.2694
2020-06-09,295.68878173828125,1.1348,1.2736
2020-06-10,294.03887939453125,1.1355,1.2758
2020-06-11,277.0877380371094,1.1378,1.2635
2020-06-12,280.4061279296875,1.1253,1.2527
2020-06-15,283.0239562988281,1.127,1.2543
2020-06-16,288.4714660644531,1.1259,1.2586
2020-06-17,287.27325439453125,1.1219,1.2526
2020-06-18,287.3837890625,1.1216,1.243
2020-06-19,285.7414245605469,1.1189,1.2362
2020-06-22,287.57452392578125,1.126,1.2447
2020-06-23,288.8984069824219,1.1322,1.2531
2020-06-24,281.5290222167969,1.1272,1.2432
2020-06-25,284.547119140625,1.1221,1.2406
2020-06-26,277.7886657714844,1.1215,1.2337
2020-06-29,281.87158203125,1.1237,1.2279
2020-06-30,285.482177734375,1.1237,1.2369
2020-07-01,287.48193359375,1.1259,1.2474
2020-07-02,289.0650634765625,1.1237,1.2469
2020-07-03,,,
2020-07-06,293.52752685546875,1.1307,1.2482
2020-07-07,290.5,1.1299,1.2572
2020-07-08,292.7219543457031,1.1329,1.2593
2020-07-09,291.0556335449219,1.1298,1.2614
2020-07-10,294.0274353027344,1.1318,1.2654
2020-07-13,291.4814147949219,1.1364,1.2614
2020-07-14,295.25872802734375,1.1406,1.2546
2020-07-15,297.9713134765625,1.1406,1.2586
2020-07-16,296.989990234375,1.1433,1.2621
2020-07-17,297.85101318359375,1.1438,1.255
2020-07-20,300.2581481933594,1.1442,1.2658
2020-07-21,300.8968811035156,1.1495,1.2736
2020-07-22,302.60968017578125,1.1587,1.2729
2020-07-23,298.9989013671875,1.1623,1.2759
2020-07-24,297.0732727050781,1.1635,1.2791
2020-07-27,299.2397155761719,1.175,1.2887
2020-07-28,297.3418273925781,1.1733,1.295
2020-07-29,300.99871826171875,1.177,1.2974
2020-07-30,299.92474365234375,1.1791,1.3035
2020-07-31,302.2948913574219,1.1822,1.3133
2020-08-03,304.3964538574219,1.175,1.3053
2020-08-04,305.5722351074219,1.1766,1.3059
2020-08-05,307.4700622558594,1.1898,1.3141
2020-08-06,309.5254211425781,1.1856,1.3147
2020-08-07,309.74755859375,1.1776,1.3043
2020-08-10,310.6734619140625,1.1756,1.3082
2020-08-11,308.1089782714844,1.1764,1.3077
2020-08-12,312.40472412109375,1.1796,1.3047
2020-08-13,311.83990478515625,1.1818,1.3082
2020-08-14,311.8491516113281,1.1833,1.3108
2020-08-17,312.83978271484375,1.1869,1.3105
2020-08-18,313.51568603515625,1.1928,1.3228
2020-08-19,312.21026611328125,1.1898,1.3191
2020-08-20,313.182373046875,1.1862,1.319
2020-08-21,314.2933349609375,1.1775,1.3098
2020-08-24,317.4781494140625,1.1803,1.3078
2020-08-25,318.589111328125,1.1818,1.3136
2020-08-26,321.783203125,1.1813,1.3186
2020-08-27,322.48675537109375,1.1824,1.3229
2020-08-28,324.5697937011719,1.1901,1.3341
2020-08-31,323.39398193359375,1.195,1.3375
2020-09-01,326.4399719238281,1.1949,1.3416
2020-09-02,331.1615905761719,1.184,1.3315
2020-09-03,319.7649230957031,1.1832,1.3263
2020-09-04,317.154052734375,1.182,1.323
2020-09-07,,,
2020-09-08,308.4884948730469,1.1789,1.3039
2020-09-09,314.58038330078125,1.181,1.3011
2020-09-10,309.11810302734375,1.188,1.2846
2020-09-11,309.2755126953125,1.1831,1.2788
2020-09-14,313.3490295410156,1.1874,1.2876
2020-09-15,314.93218994140625,1.1846,1.2866
2020-09-16,313.6823425292969,1.1835,1.298
2020-09-17,310.9234619140625,1.1823,1.2955
2020-09-18,307.34381103515625,1.1857,1.295
2020-09-21,303.9232177734375,1.1737,1.2794
2020-09-22,307.0184631347656,1.1703,1.2726
2020-09-23,299.8984680175781,1.1677,1.275
2020-09-24,300.6977844238281,1.1666,1.2739
2020-09-25,305.5591735839844,1.1618,1.2706
2020-09-28,310.63433837890625,1.166,1.2865
2020-09-29,308.942626953125,1.1717,1.2847
2020-09-30,311.2850036621094,1.1723,1.2921
2020-10-01,313.283447265625,1.1752,1.2901
2020-10-02,310.3090515136719,1.1706,1.2928
2020-10-05,315.8117370605469,1.1784,1.2972
2020-10-06,311.3221435546875,1.1778,1.2945
2020-10-07,316.7413024902344,1.1766,1.2914
2020-10-08,319.5483703613281,1.1753,1.2944
2020-10-09,322.4020080566406,1.1819,1.3003
2020-10-12,327.588623046875,,
2020-10-13,325.4507751464844,1.1737,1.2968
2020-10-14,323.4058532714844,1.1755,1.3023
2020-10-15,323.006103515625,1.1701,1.2917
2020-10-16,322.8109436035156,1.1717,1.2931
2020-10-19,317.9031066894531,1.1788,1.2998
2020-10-20,319.1766052246094,1.1824,1.2951
2020-10-21,318.5723571777344,1.187,1.3143
2020-10-22,320.31982421875,1.1824,1.309
2020-10-23,321.40740966796875,1.1844,1.3039
2020-10-26,315.46783447265625,1.1816,1.3021
2020-10-27,314.3803405761719,1.1834,1.3067
2020-10-28,303.6351318359375,1.1751,1.2997
2020-10-29,306.7210998535156,1.1658,1.289
2020-10-30,303.5235290527344,1.1647,1.2933
2020-11-02,306.9256286621094,1.1634,1.2904
2020-11-03,312.3446350097656,1.1724,1.305
2020-11-04,319.3253173828125,1.173,1.3021
2020-11-05,325.55303955078125,1.1809,1.3116
2020-11-06,325.4786376953125,1.1886,1.3162
2020-11-09,329.5685729980469,1.1811,1.3137
2020-11-10,329.08514404296875,1.181,1.3234
2020-11-11,331.5298156738281,,
2020-11-12,328.31365966796875,1.1814,1.3142
2020-11-13,332.8591003417969,1.1824,1.3176
2020-11-16,337.0139465332031,1.1844,1.3197
2020-11-17,335.2013854980469,1.1862,1.3247
2020-11-18,331.167236328125,1.1869,1.3299
2020-11-19,332.5615234375,1.1843,1.3225
2020-11-20,330.28424072265625,1.1857,1.3294
2020-11-23,332.26416015625,1.1826,1.33
2020-11-24,337.6181335449219,1.1874,1.335
2020-11-25,337.09759521484375,1.1908,1.3378
2020-11-26,,,
2020-11-27,338.0364685058594,,
2020-11-30,336.5398864746094,1.1948,1.3338
2020-12-01,340.22076416015625,1.2039,1.3392
2020-12-02,340.9365539550781,1.2093,1.3348
2020-12-03,340.8435363769531,1.2152,1.3496
2020-12-04,343.78076171875,1.2142,1.3485
2020-12-07,343.0743713378906,1.2138,1.3353
2020-12-08,344.0782775878906,1.2111,1.3358
2020-12-09,340.9922790527344,1.208,1.3392
2020-12-10,340.8807678222656,1.2118,1.3293
2020-12-11,340.4809875488281,1.2112,1.3197
2020-12-14,338.9565734863281,1.2145,1.3324
2020-12-15,343.53912353515625,1.2158,1.3434
2020-12-16,344.0782775878906,1.2175,1.3503
2020-12-17,346.0024108886719,1.2258,1.3609
2020-12-18,344.6207580566406,1.2236,1.3497
2020-12-21,343.3885803222656,1.223,1.3354
2020-12-22,342.809814453125,1.2172,1.3349
2020-12-23,343.1179504394531,1.2194,1.351
2020-12-24,344.4527587890625,,
2020-12-25,,,
2020-12-28,347.411865234375,1.2213,1.3447
2020-12-29,346.7491760253906,1.2252,1.3512
2020-12-30,347.2438049316406,1.228,1.3605
2020-12-31,349.0080871582031,1.223,1.3662
2021-01-01,,,
2021-01-04,344.2568054199219,1.2254,1.3551
2021-01-05,346.6277160644531,1.2295,1.362
2021-01-06,348.70001220703125,1.229,1.3593
2021-01-07,353.8809509277344,1.2265,1.3551
2021-01-08,355.89715576171875,1.2252,1.3583
2021-01-11,353.4981689453125,1.2169,1.3522
2021-01-12,353.5728454589844,1.2168,1.3637
2021-01-13,354.52496337890625,1.2159,1.3631
2021-01-14,353.28338623046875,1.2156,1.369
2021-01-15,350.7070617675781,1.2099,1.3599
2021-01-18,,,
2021-01-19,353.4608154296875,1.2126,1.3627
2021-01-20,358.3522644042969,,
2021-01-21,358.678955078125,1.2143,1.3721
2021-01-22,357.409423828125,1.2179,1.3685
2021-01-25,358.8189392089844,1.2138,1.3668
2021-01-26,358.2588806152344,1.2147,1.3729
2021-01-27,349.50286865234375,1.2101,1.3688
2021-01-28,352.5086975097656,1.2122,1.3727
2021-01-29,345.45159912109375,1.2135,1.3723
2021-02-01,351.20184326171875,1.207,1.3672
2021-02-02,356.1678771972656,1.202,1.3644
2021-02-03,356.4478759765625,1.2025,1.3652
2021-02-04,360.49920654296875,1.1974,1.3665
2021-02-05,361.9180908203125,1.2035,1.3714
2021-02-08,364.5318298339844,1.2045,1.3738
2021-02-09,364.2891845703125,1.2106,1.3796
2021-02-10,364.1304626464844,1.2132,1.385
2021-02-11,364.7185363769531,1.2127,1.3822
2021-02-12,366.52020263671875,1.2126,1.3855
2021-02-15,,,
2021-02-16,366.20269775390625,1.2107,1.391
2021-02-17,366.2867736816406,1.2042,1.3848
2021-02-18,364.7279052734375,1.2078,1.3956
2021-02-19,364.083740234375,1.2136,1.4025
2021-02-22,361.2833251953125,1.2155,1.4077
2021-02-23,361.7220153808594,1.2142,1.4092
2021-02-24,365.7079772949219,1.2143,1.4106
2021-02-25,356.8959655761719,1.2229,1.4105
2021-02-26,355.0570373535156,1.2093,1.3947
2021-03-01,363.6636962890625,1.2054,1.3938
2021-03-02,360.825927734375,1.2079,1.3962
2021-03-03,356.0465087890625,1.2073,1.3978
2021-03-04,351.64056396484375,1.2045,1.3999
2021-03-05,358.10955810546875,1.1914,1.3817
2021-03-08,356.3265075683594,1.1849,1.381
2021-03-09,361.41400146484375,1.1885,1.3884
2021-03-10,363.6636962890625,1.19,1.3899
2021-03-11,367.3509521484375,1.1978,1.398
2021-03-12,367.84564208984375,1.1952,1.3925
2021-03-15,370.03936767578125,1.1917,1.3866
2021-03-16,369.5726013183594,1.1895,1.3892
2021-03-17,370.8327941894531,1.1905,1.3888
2021-03-18,365.43731689453125,1.1926,1.3938
2021-03-19,364.76116943359375,1.1909,1.3872
2021-03-22,367.67376708984375,1.1932,1.3856
2021-03-23,364.7799072265625,1.1872,1.3795
2021-03-24,362.92547607421875,1.1831,1.3723
2021-03-25,364.9671936035156,1.1777,1.3722
2021-03-26,370.8486022949219,1.1798,1.3794
2021-03-29,370.661376953125,1.1779,1.3793
2021-03-30,369.677978515625,1.1724,1.3729
2021-03-31,371.17645263671875,1.1743,1.3795
2021-04-01,375.1846923828125,1.1772,1.3825
2021-04-02,,1.1763,1.3825
2021-04-05,380.56982421875,1.181,1.3907
2021-04-06,380.34503173828125,1.1852,1.3849
2021-04-07,380.78521728515625,1.189,1.3757
2021-04-08,382.5927429199219,1.1904,1.3739
2021-04-09,385.3742370605469,1.1897,1.3734
2021-04-12,385.5147705078125,1.1907,1.3741
2021-04-13,386.6573181152344,1.1939,1.3742
2021-04-14,385.3367614746094,1.1974,1.379
2021-04-15,389.476318359375,1.1964,1.3781
2021-04-16,390.7781066894531,1.198,1.3826
2021-04-19,388.858154296875,1.2028,1.3977
2021-04-20,386.0111083984375,1.2045,1.3955
2021-04-21,389.66363525390625,1.2033,1.3936
2021-04-22,386.1047058105469,1.2012,1.3851
2021-04-23,390.291015625,1.2069,1.3845
2021-04-26,391.10577392578125,1.2083,1.389
2021-04-27,391.02154541015625,1.2079,1.3908
2021-04-28,390.9091796875,1.2098,1.3917
2021-04-29,393.4002990722656,1.211,1.3956
2021-04-30,390.8155212402344,1.203,1.3838
2021-05-03,391.6583557128906,1.2059,1.3913
2021-05-04,389.24212646484375,1.2014,1.3873
2021-05-05,389.3639221191406,1.2003,1.3913
2021-05-06,392.4732360839844,1.2049,1.388
2021-05-07,395.3296813964844,1.2165,1.4
2021-05-10,391.4148864746094,1.217,1.4153
2021-05-11,387.9216003417969,1.2169,1.4149
2021-05-12,379.68017578125,1.2074,1.4081
2021-05-13,384.2410583496094,1.207,1.4033
2021-05-14,390.1412048339844,1.2141,1.4096
2021-05-17,389.14849853515625,1.2155,1.4127
2021-05-18,385.79571533203125,1.2203,1.4184
2021-05-19,384.7842102050781,1.2216,1.4169
2021-05-20,388.9237060546875,1.2225,1.4182
2021-05-21,388.6052551269531,1.2178,1.4158
2021-05-24,392.5668029785156,1.221,1.4147
2021-05-25,391.6958312988281,1.2233,1.4123
2021-05-26,392.4732360839844,1.2204,1.4129
2021-05-27,392.6792297363281,1.2194,1.4172
2021-05-28,393.3816223144531,1.2194,1.4188
2021-05-31,,,
2021-06-01,393.03509521484375,1.2241,1.4168
2021-06-02,393.6531982421875,1.2213,1.4177
2021-06-03,392.1921691894531,1.2122,1.4099
2021-06-04,395.7790832519531,1.2173,1.4175
2021-06-07,395.3951110839844,1.22,1.4179
2021-06-08,395.4794616699219,1.218,1.4146
2021-06-09,394.8894348144531,1.2184,1.4124
2021-06-10,396.7250061035156,1.2173,1.4165
2021-06-11,397.380615234375,1.2101,1.4114
2021-06-14,398.27032470703125,1.2126,1.4116
2021-06-15,397.53985595703125,1.212,1.4073
2021-06-16,395.3202819824219,1.2119,1.411
2021-06-17,395.1891174316406,1.1911,1.3916
2021-06-18,389.8577880859375,1.1872,1.3817
2021-06-21,395.4390563964844,1.1909,1.3915
2021-06-22,397.5531921386719,1.191,1.3921
2021-06-23,397.0740051269531,1.195,1.3977
2021-06-24,399.4229431152344,1.1927,1.3907
2021-06-25,400.84173583984375,1.194,1.3899
2021-06-28,401.6497802734375,1.1938,1.3895
2021-06-29,401.8658752441406,1.1905,1.3845
2021-06-30,402.2041931152344,1.1848,1.3806
2021-07-01,404.4309387207031,1.1857,1.378
2021-07-02,407.5223083496094,1.1848,1.3795
2021-07-05,,,
2021-07-06,406.77996826171875,1.1816,1.3792
2021-07-07,408.21746826171875,1.1803,1.3792
2021-07-08,404.8914489746094,1.184,1.3767
2021-07-09,409.21356201171875,1.1861,1.3842
2021-07-12,410.67926025390625,1.1858,1.3886
2021-07-13,409.2793273925781,1.1813,1.3847
2021-07-14,409.8900451660156,1.1826,1.3854
2021-07-15,408.4901123046875,1.1806,1.3849
2021-07-16,405.2860412597656,1.181,1.3785
2021-07-19,399.3007507324219,1.1804,1.369
2021-07-20,405.02288818359375,1.1776,1.3615
2021-07-21,408.3021545410156,1.1799,1.3695
2021-07-22,409.1572265625,1.1771,1.375
2021-07-23,413.3665466308594,1.1761,1.3749
2021-07-26,414.38134765625,1.181,1.3829
2021-07-27,412.4927673339844,1.1831,1.3884
2021-07-28,412.3236083984375,1.1809,1.3884
2021-07-29,414.0336608886719,1.1886,1.3966
2021-07-30,412.02294921875,1.1864,1.3913
2021-08-02,411.1585388183594,1.1873,1.3886
2021-08-03,414.50360107421875,1.1859,1.3905
2021-08-04,412.4645690917969,1.1841,1.3912
2021-08-05,415.0766296386719,1.1838,1.3929
2021-08-06,415.7625427246094,1.1761,1.3873
2021-08-09,415.42425537109375,1.1749,1.3852
2021-08-10,415.94110107421875,1.1722,1.384
2021-08-11,416.9746398925781,1.1737,1.3866
2021-08-12,418.22430419921875,1.1736,1.3833
2021-08-13,418.9854431152344,1.1796,1.3857
2021-08-16,419.9718933105469,1.1776,1.3849
2021-08-17,417.2189636230469,1.1714,1.3739
2021-08-18,412.6524658203125,1.1702,1.3749
2021-08-19,413.2914123535156,1.1693,1.3673
2021-08-20,416.580078125,1.169,1.3625
2021-08-23,420.2445068359375,1.1732,1.3717
2021-08-24,420.91162109375,1.1746,1.3716
2021-08-25,421.79473876953125,1.1758,1.3723
2021-08-26,419.3048400878906,1.1761,1.3712
2021-08-27,423.0538330078125,1.1794,1.3769
2021-08-30,424.9142150878906,1.1795,1.3758
2021-08-31,424.28466796875,1.18,1.3747
2021-09-01,424.5102233886719,1.185,1.379
2021-09-02,425.8162536621094,1.1858,1.3825
2021-09-03,425.712890625,1.1884,1.3862
2021-09-06,,,
2021-09-07,424.1907043457031,1.1849,1.3792
2021-09-08,423.6739807128906,1.1818,1.3761
2021-09-09,421.86053466796875,1.1827,1.3855
2021-09-10,418.53436279296875,1.1821,1.3847
2021-09-13,419.6054992675781,1.1809,1.3844
2021-09-14,417.3410949707031,1.1824,1.3848
2021-09-15,420.8269958496094,1.1811,1.3837
2021-09-16,420.159912109375,1.1764,1.3785
2021-09-17,416.0671691894531,1.1734,1.3755
2021-09-20,409.1294860839844,1.1729,1.3656
2021-09-21,408.7430725097656,1.1724,1.3663
2021-09-22,412.73028564453125,1.1739,1.3669
2021-09-23,417.7449645996094,1.1735,1.3745
2021-09-24,418.43304443359375,1.1715,1.3681
2021-09-27,417.2359313964844,1.1702,1.3712
2021-09-28,408.8278503417969,1.1681,1.3537
2021-09-29,409.5159606933594,1.1612,1.3439
2021-09-30,404.5107421875,1.1577,1.347
2021-10-01,409.3179931640625,1.1598,1.3572
2021-10-04,404.0394287109375,1.1622,1.3602
2021-10-05,408.2434387207031,1.1609,1.364
2021-10-06,409.9401550292969,1.1546,1.3569
2021-10-07,413.4842834472656,1.1561,1.3634
2021-10-08,412.73028564453125,1.1572,1.363
2021-10-11,409.7422180175781,,
2021-10-12,408.7336120605469,1.1541,1.3605
2021-10-13,410.2041015625,1.1568,1.3645
2021-10-14,417.1039733886719,1.1591,1.3684
2021-10-15,420.28057861328125,1.1594,1.3756
2021-10-18,421.52484130859375,1.1609,1.3726
2021-10-19,424.77679443359375,1.1632,1.3807
2021-10-20,426.4451599121094,1.1643,1.3821
2021-10-21,427.5574951171875,1.1643,1.3812
2021-10-22,427.1144714355469,1.1632,1.3741
2021-10-25,429.4049987792969,1.1609,1.3773
2021-10-26,429.79144287109375,1.159,1.3772
2021-10-27,427.887451171875,1.16,1.3739
2021-10-28,432.0160217285156,1.1685,1.3804
2021-10-29,432.89263916015625,1.1552,1.3686
2021-11-01,433.63726806640625,1.1591,1.3679
2021-11-02,435.3905334472656,1.1581,1.3612
2021-11-03,438.04876708984375,1.1584,1.3659
2021-11-04,440.1130065917969,1.1546,1.3494
2021-11-05,441.6400451660156,1.1554,1.3491
2021-11-08,442.0170593261719,1.159,1.3563
2021-11-09,440.5560607910156,1.1589,1.3551
2021-11-10,437.01177978515625,1.1517,1.347
2021-11-11,437.1532287597656,,
2021-11-12,440.45233154296875,1.1443,1.3412
2021-11-15,440.6031494140625,1.1421,1.3444
2021-11-16,442.3470458984375,1.1333,1.3429
2021-11-17,441.2724609375,1.1322,1.3488
2021-11-18,442.7711181640625,1.1358,1.3489
2021-11-19,441.9794006347656,1.1318,1.3474
2021-11-22,440.7351379394531,1.126,1.3412
2021-11-23,441.319580078125,1.1265,1.3388
2021-11-24,442.4977722167969,1.1196,1.3332
2021-11-25,,,
2021-11-26,432.628662109375,1.1302,1.3322
2021-11-29,437.9355773925781,1.1261,1.3291
2021-11-30,429.4143981933594,1.1287,1.3252
2021-12-01,424.6448059082031,1.1323,1.3308
2021-12-02,431.1487731933594,1.1306,1.3305
2021-12-03,427.3972473144531,1.1308,1.3234
2021-12-06,432.4590148925781,1.1282,1.3252
2021-12-07,441.404296875,1.1247,1.3236
2021-12-08,442.57318115234375,1.133,1.3236
2021-12-09,439.58514404296875,1.1285,1.3188
2021-12-10,443.72314453125,1.1312,1.3262
2021-12-13,439.7925109863281,1.1298,1.3233
2021-12-14,436.7667541503906,1.1267,1.3225
2021-12-15,443.5912780761719,1.1261,1.3214
2021-12-16,439.6794128417969,1.1309,1.3325
2021-12-17,434.9999694824219,1.1277,1.3269
2021-12-20,430.3743896484375,1.1298,1.3222
2021-12-21,438.0174865722656,1.1272,1.3253
2021-12-22,442.3970642089844,1.1324,1.3345
2021-12-23,445.14971923828125,1.132,1.341
2021-12-24,,,
2021-12-27,451.44952392578125,1.1329,1.3438
2021-12-28,451.0805358886719,1.1314,1.3432
2021-12-29,451.6575622558594,1.1337,1.3475
2021-12-30,450.40899658203125,1.1318,1.35
2021-12-31,449.2738342285156,,
2022-01-03,451.8751525878906,1.129,1.3469
2022-01-04,451.7238464355469,1.1296,1.3544
2022-01-05,443.0497131347656,1.1335,1.3573
2022-01-06,442.633544921875,1.1307,1.3539
2022-01-07,440.8835754394531,1.1358,1.3583
2022-01-10,440.3349304199219,1.1328,1.3567
2022-01-11,444.3456115722656,1.1363,1.3622
2022-01-12,445.5470275878906,1.1431,1.3698
2022-01-13,439.4079895019531,1.1464,1.3724
2022-01-14,439.5877380371094,1.1414,1.367
2022-01-17,,,
2022-01-18,431.8027648925781,1.1336,1.3588
2022-01-19,427.31903076171875,1.1346,1.3625
2022-01-20,422.5894775390625,1.1336,1.3642
2022-01-21,414.2938537597656,1.1346,1.3562
2022-01-24,416.0531921386719,1.131,1.3447
2022-01-25,410.97357177734375,1.1283,1.3495
2022-01-26,409.94256591796875,1.1279,1.3516
2022-01-27,407.9182434082031,1.1141,1.3385
2022-01-28,418.049072265625,1.116,1.3417
2022-01-31,425.5785827636719,1.1212,1.3439
2022-02-01,428.4542236328125,1.1239,1.3505
2022-02-02,432.6162109375,1.1299,1.3565
2022-02-03,422.4476013183594,1.1425,1.3602
2022-02-04,424.4340515136719,1.1455,1.3543
2022-02-07,423.07196044921875,1.1434,1.3533
2022-02-08,426.5528869628906,1.1416,1.3552
2022-02-09,432.79595947265625,1.1435,1.354
2022-02-10,425.0205383300781,1.1487,1.3636
2022-02-11,416.6396179199219,1.1404,1.3601
2022-02-14,415.27752685546875,1.1306,1.3516
2022-02-15,421.9746398925781,1.1363,1.3539
2022-02-16,422.4476013183594,1.1381,1.3585
2022-02-17,413.4235534667969,1.1364,1.3624
2022-02-18,410.7465515136719,1.1327,1.3585
2022-02-21,,,
2022-02-22,406.3385925292969,1.1342,1.3597
2022-02-23,399.1307678222656,1.1316,1.3555
2022-02-24,405.13726806640625,1.1154,1.336
2022-02-25,414.0762023925781,1.1261,1.3407
2022-02-28,413.01678466796875,1.1224,1.3419
2022-03-01,406.7264709472656,1.1103,1.3318
2022-03-02,414.20867919921875,1.1102,1.3365
2022-03-03,412.1465148925781,1.1053,1.3326
2022-03-04,408.7980041503906,1.0912,1.3214
2022-03-07,396.7469482421875,1.086,1.3115
2022-03-08,393.73895263671875,1.0881,1.3101
2022-03-09,404.29541015625,1.1069,1.316
2022-03-10,402.4698181152344,1.1007,1.3108
2022-03-11,397.3523864746094,1.0937,1.3063
2022-03-14,394.4483642578125,1.0979,1.3044
2022-03-15,403.1224670410156,1.0974,1.3065
2022-03-16,412.0614013671875,1.0996,1.3096
2022-03-17,417.2166442871094,1.111,1.3159
2022-03-18,421.7863464355469,1.1044,1.3169
2022-03-21,421.6629943847656,1.1048,1.3201
2022-03-22,426.5970458984375,1.1022,1.3258
2022-03-23,421.10321044921875,1.1001,1.3212
2022-03-24,427.4510498046875,1.1006,1.3183
2022-03-25,429.53857421875,1.0985,1.3193
2022-03-28,432.5938720703125,1.0977,1.3091
2022-03-29,437.9453430175781,1.1104,1.3125
2022-03-30,435.2412109375,1.1163,1.3149
2022-03-31,428.54229736328125,1.1093,1.3152
2022-04-01,429.7568359375,1.1043,1.3114
2022-04-04,433.4383544921875,1.0992,1.3116
2022-04-05,427.9634094238281,1.0921,1.3101
2022-04-06,423.68408203125,1.0913,1.3082
2022-04-07,425.8190002441406,1.09,1.306
2022-04-08,424.6802978515625,1.0874,1.3032
2022-04-11,417.4216613769531,1.0875,1.3033
2022-04-12,415.8749694824219,1.0852,1.3031
2022-04-13,420.6382141113281,1.0874,1.3072
2022-04-14,415.4005432128906,1.0796,1.3052
2022-04-15,,1.0812,1.3066
2022-04-18,415.57135009765625,1.0785,1.3019
2022-04-19,422.2798156738281,1.0789,1.3009
2022-04-20,421.9666748046875,1.0857,1.3055
2022-04-21,415.6567077636719,1.0839,1.3042
2022-04-22,404.25140380859375,1.079,1.2848
2022-04-25,406.5951232910156,1.0703,1.2698
2022-04-26,394.81976318359375,1.0661,1.2617
2022-04-27,395.929931640625,1.0549,1.2547
2022-04-28,405.930908203125,1.05,1.2443
2022-04-29,390.9294738769531,1.0537,1.2565
2022-05-02,393.28265380859375,1.0521,1.2523
2022-05-03,395.08551025390625,1.0532,1.251
2022-05-04,407.1169738769531,1.0539,1.2487
2022-05-05,392.6469421386719,1.0507,1.2334
2022-05-06,390.3032531738281,1.0572,1.2344
2022-05-09,377.8067321777344,1.0559,1.2335
2022-05-10,378.6797180175781,1.0531,1.2313
2022-05-11,372.66400146484375,1.0537,1.2317
2022-05-12,372.27496337890625,1.0376,1.2198
2022-05-13,381.1752014160156,1.041,1.2242
2022-05-16,379.62860107421875,1.042,1.227
2022-05-17,387.437744140625,1.0532,1.2468
2022-05-18,371.8194580078125,1.0494,1.2396
2022-05-19,369.542236328125,1.0587,1.2504
2022-05-20,369.70355224609375,1.0559,1.2492
2022-05-23,376.6207275390625,1.0668,1.2571
2022-05-24,373.74566650390625,1.0744,1.2544
2022-05-25,377.0476989746094,1.0658,1.2539
2022-05-26,384.5816650390625,1.0725,1.2582
2022-05-27,394.022705078125,1.0709,1.2613
2022-05-30,,,
2022-05-31,391.81195068359375,1.0731,1.2624
2022-06-01,388.6427307128906,1.0646,1.2472
2022-06-02,396.0438537597656,1.0733,1.2557
2022-06-03,389.5442199707031,1.0721,1.2496
2022-06-06,390.7302551269531,1.0699,1.2544
2022-06-07,394.478271484375,1.0697,1.2594
2022-06-08,390.1893310546875,1.074,1.2557
2022-06-09,380.9095153808594,1.0656,1.2511
2022-06-10,369.8647766113281,1.0521,1.233
2022-06-13,355.82177734375,1.0436,1.217
2022-06-14,354.7495422363281,1.0416,1.2011
2022-06-15,359.8070068359375,1.0388,1.2057
2022-06-16,347.89886474609375,1.0531,1.2341
2022-06-17,348.6488037109375,1.0473,1.2201
2022-06-20,,,
2022-06-21,357.4254455566406,1.0548,1.2277
2022-06-22,356.7774963378906,1.0583,1.228
2022-06-23,360.2747802734375,1.0503,1.224
2022-06-24,371.7293395996094,1.0539,1.2273
2022-06-27,370.3094482421875,1.0601,1.2305
2022-06-28,362.74298095703125,1.0534,1.22
2022-06-29,362.4476318359375,1.0477,1.2151
2022-06-30,359.5029602050781,1.0469,1.2162
2022-07-01,363.3052673339844,1.0409,1.2048
2022-07-04,,,
2022-07-05,363.9913330078125,1.0254,1.1932
2022-07-06,365.2207336425781,1.0173,1.1907
2022-07-07,370.690673828125,1.0159,1.1994
2022-07-08,370.38568115234375,1.0178,1.2036
2022-07-11,366.15460205078125,1.0088,1.1907
2022-07-12,362.91455078125,1.0069,1.1905
2022-07-13,361.0086364746094,1.0081,1.1919
2022-07-14,360.13189697265625,1.0028,1.1827
2022-07-15,367.0122375488281,1.0089,1.1857
2022-07-18,363.9818420410156,1.016,1.1989
2022-07-19,373.8163146972656,1.0238,1.2022
2022-07-20,376.1987609863281,1.0217,1.1989
2022-07-21,380.0296325683594,1.0197,1.1968
2022-07-22,376.5036926269531,1.0225,1.2019
2022-07-25,376.9611511230469,1.0211,1.2042
2022-07-26,372.5012512207031,1.0116,1.2036
2022-07-27,382.17376708984375,1.0108,1.2027
2022-07-28,386.9671325683594,1.0163,1.2126
2022-07-29,392.6086730957031,1.0202,1.2183
2022-08-01,391.4460754394531,1.027,1.2278
2022-08-02,388.86358642578125,1.0194,1.2218
2022-08-03,394.95294189453125,1.0146,1.2132
2022-08-04,394.6861267089844,1.0221,1.2141
2022-08-05,394.0190734863281,1.017,1.2061
2022-08-08,393.56158447265625,1.0207,1.2098
2022-08-09,391.9988098144531,1.0226,1.2089
2022-08-10,400.2322998046875,1.0337,1.2245
2022-08-11,400.2322998046875,1.0338,1.223
2022-08-12,407.00787353515625,1.0257,1.2132
2022-08-15,408.6850280761719,1.0186,1.209
2022-08-16,409.4855651855469,1.0174,1.209
2022-08-17,406.5790100097656,1.0164,1.203
2022-08-18,407.7606506347656,1.0114,1.197
2022-08-19,402.28125,1.0039,1.181
2022-08-22,393.9046936035156,0.9936,1.1752
2022-08-23,392.9517517089844,0.9976,1.1844
2022-08-24,394.209716796875,0.9967,1.1802
2022-08-25,399.77496337890625,0.9959,1.1803
2022-08-26,386.242919921875,0.9998,1.1778
2022-08-29,383.68902587890625,1.0,1.1718
2022-08-30,379.47686767578125,1.0018,1.1651
2022-08-31,376.5894775390625,1.0065,1.1647
2022-09-01,377.7711486816406,0.995,1.1541
2022-09-02,373.78778076171875,1.003,1.1582
2022-09-05,,,
2022-09-06,372.3774719238281,0.9914,1.1549
2022-09-07,379.06719970703125,0.9942,1.1473
2022-09-08,381.5448303222656,0.9956,1.1489
2022-09-09,387.47216796875,1.0046,1.16
2022-09-12,391.63665771484375,1.0129,1.1701
2022-09-13,374.6072998046875,0.9997,1.1526
2022-09-14,376.03680419921875,0.9993,1.1564
2022-09-15,371.76751708984375,0.9991,1.1472
2022-09-16,368.9312744140625,1.0013,1.1419
2022-09-19,371.7923278808594,1.0003,1.1403
2022-09-20,367.52471923828125,0.9994,1.1405
2022-09-21,361.1136779785156,0.988,1.133
2022-09-22,358.0803527832031,0.9841,1.1269
2022-09-23,352.080810546875,0.9719,1.0921
2022-09-26,348.59783935546875,0.9623,1.0703
2022-09-27,347.70794677734375,0.9616,1.0753
2022-09-28,354.5495910644531,0.9681,1.0832
2022-09-29,347.14337158203125,0.9774,1.1048
2022-09-30,341.77532958984375,0.9783,1.1134
2022-10-03,350.798583984375,0.9809,1.1272
2022-10-04,361.66864013671875,0.9977,1.1446
2022-10-05,360.82666015625,0.9866,1.1275
2022-10-06,357.1043701171875,0.9806,1.1133
2022-10-07,347.14337158203125,0.9785,1.1116
2022-10-10,344.4928283691406,,
2022-10-11,342.3111572265625,0.9757,1.1168
2022-10-12,341.18206787109375,0.9692,1.1096
2022-10-13,350.1861877441406,0.978,1.1344
2022-10-14,342.2059020996094,0.9739,1.1208
2022-10-17,350.9996032714844,0.9843,1.1427
2022-10-18,355.1236877441406,0.9842,1.1307
2022-10-19,352.60711669921875,0.978,1.1232
2022-10-20,349.650390625,0.9823,1.1288
2022-10-21,358.1474609375,0.9855,1.1292
2022-10-24,362.52984619140625,0.9874,1.1295
2022-10-25,368.31890869140625,0.9959,1.1469
2022-10-26,365.54400634765625,1.0068,1.1615
2022-10-27,363.59197998046875,0.9985,1.1574
2022-10-28,372.2420654296875,0.9934,1.1573
2022-10-31,369.55328369140625,0.9885,1.1515
2022-11-01,367.93621826171875,0.9871,1.146
2022-11-02,358.7023620605469,0.9875,1.1467
2022-11-03,355.0088195800781,0.9759,1.1183
2022-11-04,360.1185302734375,0.9895,1.1279
2022-11-07,363.56329345703125,0.9997,1.1463
2022-11-08,365.5248107910156,1.0089,1.1595
2022-11-09,357.9942932128906,1.0037,1.1396
2022-11-10,377.66754150390625,1.0176,1.1677
2022-11-11,381.3228759765625,,
2022-11-14,378.07904052734375,1.0337,1.1728
2022-11-15,381.30364990234375,1.0372,1.189
2022-11-16,378.3948669433594,1.0395,1.1889
2022-11-17,377.2369689941406,1.0341,1.1812
2022-11-18,378.9497985839844,1.0349,1.1902
2022-11-21,377.5718688964844,1.0238,1.1785
2022-11-22,382.6528625488281,1.0276,1.188
2022-11-23,385.0642395019531,1.0364,1.204
2022-11-24,,,
2022-11-25,384.9779968261719,1.0402,1.2102
2022-11-28,378.8349304199219,1.0386,1.2041
2022-11-29,378.1842956542969,1.0356,1.1996
2022-11-30,390.0973205566406,1.0323,1.1962
2022-12-01,389.8102722167969,1.0498,1.2252
2022-12-02,389.3605651855469,1.0521,1.2292
2022-12-05,382.3562316894531,1.0494,1.2169
2022-12-06,376.8446960449219,1.0497,1.2202
2022-12-07,376.2035217285156,1.0505,1.2194
2022-12-08,379.15069580078125,1.0552,1.2235
2022-12-09,376.318359375,1.055,1.2311
2022-12-12,381.743896484375,1.0545,1.2285
2022-12-13,384.63360595703125,1.063,1.2375
2022-12-14,382.1744079589844,1.0655,1.2408
2022-12-15,372.8257751464844,1.0638,1.2206
2022-12-16,368.4241638183594,1.061,1.2168
2022-12-19,365.3000793457031,1.0624,1.218
2022-12-20,365.7998962402344,1.0635,1.2146
2022-12-21,371.26959228515625,1.0599,1.2072
2022-12-22,365.9729309082031,1.0588,1.2032
2022-12-23,368.078125,1.0621,1.2054
2022-12-26,,,
2022-12-27,366.6265869140625,1.0654,1.2032
2022-12-28,362.0702209472656,1.0622,1.2034
2022-12-29,368.58758544921875,1.0668,1.206
2022-12-30,367.6166687011719,1.0698,1.2077
2023-01-02,,,
2023-01-03,366.0691223144531,1.0559,1.197
2023-01-04,368.895263671875,1.062,1.2063
2023-01-05,364.6848449707031,1.0522,1.1902
2023-01-06,373.0478820800781,1.0619,1.2064
2023-01-09,372.83636474609375,1.0759,1.2206
2023-01-10,375.4510192871094,1.0737,1.2155
2023-01-11,380.19964599609375,1.074,1.2125
2023-01-12,381.5838928222656,1.0823,1.2182
2023-01-13,383.0642395019531,1.0811,1.2194
2023-01-16,,,
2023-01-17,382.3625183105469,1.0793,1.2264
2023-01-18,376.3257141113281,1.0827,1.2369
2023-01-19,373.58612060546875,1.081,1.2366
2023-01-20,380.54571533203125,1.0831,1.2374
2023-01-23,385.1117248535156,1.0865,1.237
2023-01-24,384.6984558105469,1.0873,1.2323
2023-01-25,384.8425598144531,1.0901,1.2374
2023-01-26,389.07208251953125,1.0866,1.237
2023-01-27,389.9660949707031,1.0857,1.2379
2023-01-30,385.0732421875,1.0867,1.2373
2023-01-31,390.7351379394531,1.0858,1.2324
2023-02-01,394.8877868652344,1.0917,1.2308
2023-02-02,400.6361389160156,1.0918,1.226
2023-02-03,396.3778076171875,1.0825,1.2073
2023-02-06,393.9553527832031,1.0722,1.2009
2023-02-07,399.1077575683594,1.0705,1.2013
2023-02-08,394.74365234375,1.0734,1.2093
2023-02-09,391.3215026855469,1.0761,1.2157
2023-02-10,392.2347412109375,1.067,1.2061
2023-02-13,396.83917236328125,1.0718,1.2136
2023-02-14,396.65655517578125,1.0722,1.2157
2023-02-15,397.94464111328125,1.0683,1.2031
2023-02-16,392.4653625488281,1.0684,1.2018
2023-02-17,391.4849853515625,1.0678,1.2012
2023-02-20,,,
2023-02-21,383.6313781738281,1.0657,1.2111
2023-02-22,383.1026916503906,1.0623,1.2064
2023-02-23,385.1405334472656,1.0583,1.2016
2023-02-24,381.02642822265625,1.0545,1.1948
2023-02-27,382.3240966796875,1.0596,1.2036
2023-02-28,380.9110107421875,1.0602,1.2093
2023-03-01,379.44989013671875,1.0674,1.2034
2023-03-02,382.4009704589844,1.0595,1.1942
2023-03-03,388.5338439941406,1.0616,1.1996
2023-03-06,388.8030090332031,1.0694,1.2048
2023-03-07,382.84320068359375,1.0573,1.1857
2023-03-08,383.4679260253906,1.0549,1.1837
2023-03-09,376.39306640625,1.0577,1.1922
2023-03-10,370.9619445800781,1.0659,1.2043
2023-03-13,370.43316650390625,1.0733,1.216
2023-03-14,376.55657958984375,1.0722,1.2146
2023-03-15,374.20135498046875,1.0535,1.2032
2023-03-16,380.76678466796875,1.0622,1.2111
2023-03-17,376.3145751953125,1.0647,1.2141
2023-03-20,379.93310546875,1.0722,1.2257
2023-03-21,384.92181396484375,1.0769,1.2195
2023-03-22,378.36029052734375,1.0792,1.2232
2023-03-23,379.3831481933594,1.089,1.2322
2023-03-24,381.87261962890625,1.0762,1.2225
2023-03-27,382.586669921875,1.0789,1.2278
2023-03-28,381.7279052734375,1.0844,1.2341
2023-03-29,387.2762756347656,1.0826,1.2313
2023-03-30,389.54388427734375,1.0899,1.2368
2023-03-31,395.0343017578125,1.0872,1.2369
2023-04-03,396.5396423339844,1.0891,1.2403
2023-04-04,394.3395690917969,1.0951,1.2498
2023-04-05,393.3070983886719,1.0918,1.2469
2023-04-06,394.8413391113281,1.0927,1.2456
2023-04-07,,1.0913,1.2422
2023-04-10,395.24658203125,1.084,1.2358
2023-04-11,395.3527526855469,1.0906,1.2409
2023-04-12,393.7413635253906,1.0987,1.2471
2023-04-13,398.9712829589844,1.1054,1.2531
2023-04-14,397.9967346191406,1.098,1.2417
2023-04-17,399.4248046875,1.0915,1.2359
2023-04-18,399.685302734375,1.0958,1.2419
2023-04-19,399.6177673339844,1.0953,1.2442
2023-04-20,397.43707275390625,1.097,1.2448
2023-04-21,397.745849609375,1.0973,1.2419
2023-04-24,398.1607666015625,1.1027,1.2457
2023-04-25,391.8403625488281,1.0968,1.2398
2023-04-26,390.1806945800781,1.1052,1.2486
2023-04-27,397.9484558105469,1.1017,1.2471
2023-04-28,401.344970703125,1.104,1.2582
2023-05-01,400.93975830078125,1.097,1.2495
2023-05-02,396.43353271484375,1.0997,1.2475
2023-05-03,393.71234130859375,1.1049,1.2547
2023-05-04,390.9237365722656,1.1009,1.258
2023-05-05,398.1607666015625,1.1026,1.265
2023-05-08,398.266845703125,1.102,1.2633
2023-05-09,396.52032470703125,1.0953,1.2618
2023-05-10,398.373046875,1.0966,1.2614
2023-05-11,397.6782531738281,1.0916,1.2501
2023-05-12,397.1572265625,1.0856,1.2464
2023-05-15,398.5274658203125,1.0874,1.2526
2023-05-16,395.8641662597656,1.0866,1.2494
2023-05-17,400.6695861816406,1.083,1.2475
2023-05-18,404.5292663574219,1.0776,1.2424
2023-05-19,403.9407043457031,1.0819,1.2464
2023-05-22,404.1047058105469,1.0806,1.2425
2023-05-23,399.56951904296875,1.0771,1.2423
2023-05-24,396.6747131347656,1.0758,1.2368
2023-05-25,400.1098937988281,1.0725,1.2325
2023-05-26,405.29150390625,1.0713,1.2342
2023-05-29,,,
2023-05-30,405.4459533691406,1.0722,1.2403
2023-05-31,403.1976623535156,1.0654,1.2396
2023-06-01,407.02850341796875,1.0752,1.2536
2023-06-02,412.91461181640625,1.0724,1.2468
2023-06-05,412.1233215332031,1.0721,1.244
2023-06-06,413.0207214355469,1.0695,1.2418
2023-06-07,411.59259033203125,1.0702,1.2451
2023-06-08,414.0821838378906,1.078,1.2547
2023-06-09,414.8251037597656,1.0749,1.2579
2023-06-12,418.58837890625,1.0747,1.2489
2023-06-13,421.34808349609375,1.0792,1.2611
2023-06-14,421.8498840332031,1.0859,1.2696
2023-06-15,427.07977294921875,1.0933,1.2762
2023-06-16,425.62506103515625,1.0925,1.2815
2023-06-19,,,
2023-06-20,423.4168701171875,1.09,1.2732
2023-06-21,421.2473449707031,1.0951,1.2737
2023-06-22,422.76800537109375,1.0953,1.275
2023-06-23,419.57183837890625,1.0887,1.2701
2023-06-26,417.85760498046875,1.091,1.2724
2023-06-27,422.43865966796875,1.0961,1.2752
2023-06-28,422.6517639160156,1.0904,1.2637
2023-06-29,424.3175354003906,1.0881,1.2617
2023-06-30,429.3248291015625,1.092,1.2709
2023-07-03,429.8187561035156,1.0919,1.2695
2023-07-04,,,
2023-07-05,429.1795654296875,1.0868,1.271
2023-07-06,425.8187255859375,1.0873,1.2721
2023-07-07,424.7436828613281,1.0964,1.2838
2023-07-10,425.8187255859375,1.0991,1.2837
2023-07-11,428.5306701660156,1.0992,1.2901
2023-07-12,431.9785461425781,1.1123,1.2993
2023-07-13,435.4071044921875,1.1194,1.3097
2023-07-14,435.13592529296875,1.1237,1.3113
2023-07-17,436.6468505859375,1.1236,1.3078
2023-07-18,439.891357421875,1.1223,1.3054
2023-07-19,440.8695373535156,1.1195,1.2898
2023-07-20,437.94464111328125,1.1135,1.2849
2023-07-21,437.94464111328125,1.112,1.2854
2023-07-24,439.9010314941406,1.1083,1.2828
2023-07-25,441.10198974609375,1.105,1.2876
2023-07-26,441.1697998046875,1.1078,1.293
2023-07-27,438.2448425292969,1.0998,1.287
2023-07-28,442.53546142578125,1.1039,1.287
2023-07-31,443.3780212402344,1.102,1.2857
2023-08-01,442.1092834472656,1.0971,1.275
2023-08-02,435.9591979980469,1.0939,1.2712
2023-08-03,434.7097473144531,1.0947,1.2709
2023-08-04,432.74365234375,1.1036,1.2775
2023-08-07,436.5208740234375,1.1,1.2769
2023-08-08,434.62261962890625,1.0951,1.2729
2023-08-09,431.7170715332031,1.0975,1.2715
2023-08-10,431.8720397949219,1.1016,1.2726
2023-08-11,431.6202087402344,1.0957,1.2694
2023-08-14,434.00274658203125,1.0922,1.2691
2023-08-15,428.9471740722656,1.0928,1.2745
2023-08-16,425.7994384765625,1.0904,1.2749
2023-08-17,422.5548400878906,1.0874,1.2753
2023-08-18,422.75830078125,1.0875,1.2738
2023-08-21,425.5088195800781,1.0888,1.2737
2023-08-22,424.3562927246094,1.0846,1.2733
2023-08-23,429.08270263671875,1.0862,1.2715
2023-08-24,423.13604736328125,1.0826,1.2634
2023-08-25,426.1190490722656,1.0787,1.257
2023-08-28,428.8211975097656,1.081,1.2592
2023-08-29,435.01971435546875,1.0851,1.2614
2023-08-30,436.8114318847656,1.0926,1.2726
2023-08-31,436.1722106933594,1.0839,1.2667
2023-09-01,436.98577880859375,1.0787,1.2594
2023-09-04,,,
2023-09-05,435.0971984863281,1.0727,1.2583
2023-09-06,432.1722717285156,1.0714,1.2498
2023-09-07,430.8454284667969,1.0704,1.2485
2023-09-08,431.4942626953125,1.0709,1.2476
2023-09-11,434.33209228515625,1.0744,1.2529
2023-09-12,431.9494934082031,1.0726,1.2477
2023-09-13,432.45318603515625,1.0737,1.2488
2023-09-14,436.1819152832031,1.066,1.241
2023-09-15,430.9266662597656,1.0673,1.2392
2023-09-18,431.17938232421875,1.0695,1.2403
2023-09-19,430.2851867675781,1.0684,1.2393
2023-09-20,426.3294372558594,1.0715,1.2389
2023-09-21,419.2829284667969,1.0664,1.2299
2023-09-22,418.34014892578125,1.066,1.2257
2023-09-25,420.09930419921875,1.0591,1.2218
2023-09-26,413.92755126953125,1.0573,1.2168
2023-09-27,414.0927429199219,1.051,1.2133
2023-09-28,416.493408203125,1.0578,1.2223
2023-09-29,415.4826354980469,1.0584,1.2214
2023-10-02,415.3173828125,1.05,1.213
2023-10-03,409.7579345703125,1.0453,1.2069
2023-10-04,412.74176025390625,1.0518,1.2157
2023-10-05,412.5862731933594,1.0527,1.2171
2023-10-06,417.4848937988281,1.0596,1.2255
2023-10-09,420.1576232910156,,
2023-10-10,422.344482421875,1.0618,1.2288
2023-10-11,424.0745849609375,1.062,1.2304
2023-10-12,421.48919677734375,1.0553,1.2214
2023-10-13,419.38983154296875,1.0502,1.2139
2023-10-16,423.8023986816406,1.0546,1.2198
2023-10-17,423.782958984375,1.0593,1.2206
2023-10-18,418.135986328125,1.0532,1.215
2023-10-19,414.46209716796875,1.057,1.2145
2023-10-20,409.3691101074219,1.0592,1.2153
2023-10-23,408.65966796875,1.0646,1.2235
2023-10-24,411.74066162109375,1.0595,1.217
2023-10-25,405.8313293457031,1.0583,1.214
2023-10-26,400.97161865234375,1.0532,1.2113
2023-10-27,399.1541442871094,1.0592,1.2151
2023-10-30,403.9263000488281,1.062,1.2157
2023-10-31,406.4631042480469,1.0568,1.2135
2023-11-01,410.7978820800781,1.0538,1.2127
2023-11-02,418.6706237792969,1.0618,1.2175
2023-11-03,422.49029541015625,1.0733,1.2374
2023-11-06,423.4622497558594,1.0747,1.2391
2023-11-07,424.66741943359375,1.0687,1.2296
2023-11-08,424.9784240722656,1.0715,1.2301
2023-11-09,421.66412353515625,1.071,1.2279
2023-11-10,428.2441101074219,,
2023-11-13,427.8359375,1.07,1.2268
2023-11-14,436.1362609863281,1.0861,1.2483
2023-11-15,437.0595703125,1.0853,1.2431
2023-11-16,437.5941467285156,1.0851,1.2423
2023-11-17,438.1383972167969,1.0879,1.243
2023-11-20,441.5111083984375,1.0945,1.2505
2023-11-21,440.5487976074219,1.0923,1.254
2023-11-22,442.2497253417969,1.0871,1.2468
2023-11-23,,,
2023-11-24,442.5218505859375,1.0934,1.2601
2023-11-27,441.72491455078125,1.0937,1.2613
2023-11-28,442.1622314453125,1.1007,1.2713
2023-11-29,441.85125732421875,1.0969,1.269
2023-11-30,443.5909423828125,1.0908,1.264
2023-12-01,446.2152099609375,1.0878,1.2682
2023-12-04,443.8728332519531,1.0824,1.2633
2023-12-05,443.78533935546875,1.0787,1.259
2023-12-06,441.9970397949219,1.079,1.2589
2023-12-07,445.36962890625,1.0794,1.2582
2023-12-08,447.2843322753906,1.0746,1.2539
2023-12-11,449.02410888671875,1.0747,1.255
2023-12-12,451.0749206542969,1.079,1.2549
2023-12-13,457.2953186035156,1.0793,1.2527
2023-12-14,458.7629699707031,1.0997,1.2767
2023-12-15,458.00750732421875,1.0906,1.2709
2023-12-18,460.5838623046875,1.092,1.2632
2023-12-19,463.38458251953125,1.0977,1.2751
2023-12-20,456.96337890625,1.0957,1.266
2023-12-21,461.2962646484375,1.099,1.2668
2023-12-22,462.2233581542969,1.1008,1.272
2023-12-25,,,
2023-12-26,464.175048828125,1.1035,1.2709
2023-12-27,465.01434326171875,1.1114,1.2797
2023-12-28,465.1899719238281,1.1073,1.2743
2023-12-29,463.8432922363281,1.1062,1.2743
2024-01-01,,,
2024-01-02,461.2474670410156,1.0957,1.2632
2024-01-03,457.4805603027344,1.0909,1.2641
2024-01-04,456.00701904296875,1.0957,1.2692
2024-01-05,456.6315612792969,1.0957,1.274
2024-01-08,463.150390625,1.0976,1.2766
2024-01-09,462.4477844238281,1.0935,1.272
2024-01-10,465.0630798339844,1.096,1.273
2024-01-11,464.8581848144531,1.0943,1.2712
2024-01-12,465.1802062988281,1.0959,1.2746
2024-01-15,,,
2024-01-16,463.4724426269531,1.0882,1.2657
2024-01-17,460.89617919921875,1.0858,1.2666
2024-01-18,464.9947814941406,1.0863,1.2687
2024-01-19,470.79150390625,1.0887,1.2677
2024-01-22,471.7868957519531,1.0895,1.2728
2024-01-23,473.1628723144531,1.0829,1.2661
2024-01-24,473.68011474609375,1.0901,1.2754
2024-01-25,476.2564392089844,1.0837,1.27
2024-01-26,475.6513977050781,1.0866,1.272
2024-01-29,479.4182434082031,1.0807,1.2681
2024-01-30,479.0473937988281,1.0844,1.2683
2024-01-31,471.2306823730469,1.0855,1.2733
2024-02-01,477.3982238769531,1.0865,1.2727
2024-02-02,482.4239807128906,1.0787,1.2627
2024-02-05,480.6673583984375,1.0736,1.2532
2024-02-06,482.0628967285156,1.0751,1.2589
2024-02-07,486.0835266113281,1.0769,1.2629
2024-02-08,486.2981872558594,1.0774,1.262
2024-02-09,489.1087341308594,1.0782,1.2628
2024-02-12,488.8940124511719,1.0774,1.2631
2024-02-13,482.1604309082031,1.072,1.2606
2024-02-14,486.54217529296875,1.0735,1.2562
2024-02-15,489.899169921875,1.0761,1.258
2024-02-16,487.45947265625,1.0769,1.259
2024-02-19,,,
2024-02-20,484.7758483886719,1.0814,1.2645
2024-02-21,485.21490478515625,1.0818,1.2624
2024-02-22,495.2567138671875,1.0815,1.2649
2024-02-23,495.5982360839844,1.0828,1.2678
2024-02-26,493.7831115722656,1.0855,1.2681
2024-02-27,494.7004699707031,1.0857,1.2693
2024-02-28,494.0466613769531,1.0843,1.267
2024-02-29,495.8227233886719,1.0807,1.2632
2024-03-01,500.47760009765625,1.0832,1.2652
2024-03-04,499.94091796875,1.0862,1.2701
2024-03-05,494.9444274902344,1.0861,1.2712
2024-03-06,497.452392578125,1.0913,1.2757
2024-03-07,502.3903503417969,1.0941,1.2796
2024-03-08,499.37493896484375,1.0941,1.2852
2024-03-11,498.94549560546875,1.0928,1.2807
2024-03-12,504.3128662109375,1.0918,1.2786
2024-03-13,503.52227783203125,1.0944,1.2799
2024-03-14,502.5269470214844,1.0888,1.2749
2024-03-15,499.07635498046875,1.0888,1.2742
2024-03-18,502.04241943359375,1.0886,1.2736
2024-03-19,504.8323669433594,1.0859,1.2713
2024-03-20,509.5016784667969,1.0856,1.2713
2024-03-21,511.1854553222656,1.0861,1.267
2024-03-22,510.2163391113281,1.0817,1.2603
2024-03-25,508.8067321777344,1.0837,1.2648
2024-03-26,507.8669128417969,1.0829,1.263
2024-03-27,512.135009765625,1.0821,1.2631
2024-03-28,512.0370483398438,1.0801,1.2634
2024-03-29,,1.0791,1.2637
2024-04-01,511.1462707519531,1.0733,1.2545
2024-04-02,507.8963623046875,1.0769,1.2576
2024-04-03,508.4542541503906,1.0827,1.2635
2024-04-04,502.248046875,1.0865,1.2669
2024-04-05,507.494873046875,1.0841,1.2633
2024-04-08,507.77880859375,1.0853,1.2655
2024-04-09,508.3662109375,1.0856,1.2676
2024-04-10,503.2758483886719,1.0737,1.2544
2024-04-11,507.0740051269531,1.0722,1.2535
2024-04-12,500.0748291015625,1.0647,1.2457
2024-04-15,493.80987548828125,1.0644,1.2466
2024-04-16,492.90924072265625,1.0628,1.2437
2024-04-17,489.9920959472656,1.0644,1.2443
2024-04-18,488.9837646484375,1.066,1.2465
2024-04-19,484.7157897949219,1.0655,1.2397
2024-04-22,489.1795959472656,1.0655,1.2341
2024-04-23,494.9844970703125,1.0695,1.2434
2024-04-24,494.74957275390625,1.0687,1.2434
2024-04-25,492.87005615234375,1.0721,1.2494
2024-04-26,497.53948974609375,1.0686,1.2474
2024-04-29,499.301513671875,1.0717,1.2553
2024-04-30,491.39190673828125,1.0684,1.2514
2024-05-01,489.7962951660156,1.068,1.2488
2024-05-02,494.37762451171875,1.0706,1.2507
2024-05-03,500.50555419921875,1.077,1.255
2024-05-06,505.6741638183594,1.0779,1.2575
2024-05-07,506.232177734375,1.0767,1.2535
2024-05-08,506.2810974121094,1.0755,1.2503
2024-05-09,509.1982727050781,1.0771,1.2505
2024-05-10,509.85418701171875,1.0773,1.2528
2024-05-13,509.922607421875,1.0796,1.2563
2024-05-14,512.26220703125,1.0818,1.2588
2024-05-15,518.6055297851562,1.086,1.2658
2024-05-16,517.53857421875,1.0875,1.2682
2024-05-17,518.282470703125,1.0869,1.2703
2024-05-20,518.879638671875,1.0861,1.2708
2024-05-21,520.1522827148438,1.0855,1.271
2024-05-22,518.654541015625,1.0836,1.2739
2024-05-23,514.8661499023438,1.0827,1.2717
2024-05-24,518.2727661132812,1.0852,1.2746
2024-05-27,,,
2024-05-28,518.6349487304688,1.0879,1.2786
2024-05-29,515.003173828125,1.0811,1.2714
2024-05-30,511.5867614746094,1.0837,1.2739
2024-05-31,516.2463989257812,1.0846,1.2738
2024-06-03,516.6672973632812,1.089,1.2795
2024-06-04,517.244873046875,1.0878,1.2785
2024-06-05,523.3923950195312,1.0865,1.2771
2024-06-06,523.382568359375,1.0883,1.2786
2024-06-07,522.7463989257812,1.0807,1.2727
2024-06-10,524.3614501953125,1.0751,1.2733
2024-06-11,525.6242065429688,1.0733,1.2725
2024-06-12,529.9412841796875,1.0843,1.2843
2024-06-13,531.00830078125,1.0756,1.2764
2024-06-14,531.3313598632812,1.0699,1.2685
2024-06-17,535.5601196289062,1.0723,1.2689
2024-06-18,536.9208984375,1.0739,1.2699
2024-06-19,,,
2024-06-20,535.4622802734375,1.0708,1.2671
2024-06-21,534.7444458007812,1.0694,1.2645
2024-06-24,533.0061645507812,1.0727,1.2684
2024-06-25,535.0587768554688,1.0705,1.2677
2024-06-26,535.7265014648438,1.0682,1.2625
2024-06-27,536.5711059570312,1.0708,1.2653
2024-06-28,534.4595947265625,1.0711,1.264
2024-07-01,535.5595703125,1.0728,1.265
2024-07-02,539.163818359375,1.0737,1.2679
2024-07-03,541.56982421875,1.0799,1.2766
2024-07-04,,,
2024-07-05,544.6928100585938,1.0828,1.2807
2024-07-08,545.3212890625,1.0835,1.2829
2024-07-09,545.8516845703125,1.0813,1.2787
2024-07-10,551.2529296875,1.0823,1.2842
2024-07-11,546.4996948242188,1.087,1.292
2024-07-12,549.9468383789062,1.0902,1.2986
2024-07-15,551.459228515625,1.0912,1.2986
2024-07-16,554.7293701171875,1.0885,1.2958
2024-07-17,546.9515380859375,1.0933,1.3008
2024-07-18,542.748291015625,1.0913,1.2973
2024-07-19,539.1441040039062,1.0888,1.2922
2024-07-22,544.70263671875,1.088,1.2911
2024-07-23,543.8482055664062,1.0855,1.2916
2024-07-24,531.5232543945312,1.0853,1.2925
2024-07-25,528.7538452148438,1.0861,1.2884
2024-07-26,534.6757202148438,1.0859,1.2864
2024-07-29,534.9899291992188,1.0819,1.2853
2024-07-30,532.279541015625,1.0809,1.2828
2024-07-31,540.9314575195312,1.0823,1.284
2024-08-01,533.2713012695312,1.0789,1.2772
2024-08-02,523.3427734375,1.0914,1.2798
2024-08-05,508.1010437011719,1.0957,1.2765
2024-08-06,512.7854614257812,1.0926,1.2695
2024-08-07,509.35797119140625,1.0925,1.2718
2024-08-08,521.133056640625,1.0914,1.2741
2024-08-09,523.4310302734375,1.0925,1.2766
2024-08-12,523.7061157226562,1.0928,1.2776
2024-08-13,532.3187866210938,1.0954,1.2828
2024-08-14,533.998046875,1.1024,1.2849
2024-08-15,543.1509399414062,1.0986,1.2863
2024-08-16,544.3687133789062,1.0996,1.2906
2024-08-19,549.5736083984375,1.107,1.2984
2024-08-20,548.6798706054688,1.1106,1.3027
2024-08-21,550.5655517578125,1.1143,1.3077
2024-08-22,546.244384765625,1.1114,1.3094
2024-08-23,552.0484008789062,1.1176,1.3197
2024-08-26,550.7324829101562,1.1164,1.3185
2024-08-27,551.4887084960938,1.116,1.3235
2024-08-28,548.2870483398438,1.1127,1.3201
2024-08-29,548.336181640625,1.1086,1.3186
2024-08-30,553.5706787109375,1.106,1.3132
2024-09-02,,,
2024-09-03,542.1787109375,1.1043,1.3103
2024-09-04,541.0689697265625,1.1081,1.3142
2024-09-05,539.7529907226562,1.1096,1.3165
2024-09-06,530.6688842773438,1.1086,1.3136
2024-09-09,536.6103515625,1.1042,1.3083
2024-09-10,538.9476928710938,1.1025,1.3065
2024-09-11,544.4766845703125,1.1012,1.3027
2024-09-12,549.06298828125,1.1041,1.3081
2024-09-13,551.9305419921875,1.1085,1.314
2024-09-16,552.7457275390625,1.1123,1.3202
2024-09-17,552.9716796875,1.1118,1.3164
2024-09-18,551.33154296875,1.1116,1.3199
2024-09-19,560.7396850585938,1.1147,1.3279
2024-09-20,559.7703857421875,1.1159,1.3305
2024-09-23,561.169189453125,1.113,1.3351
2024-09-24,562.7748413085938,1.115,1.3376
2024-09-25,561.5336303710938,1.1143,1.3338
2024-09-26,563.760009765625,1.1184,1.3428
2024-09-27,562.9423828125,1.1159,1.3394
2024-09-30,565.1981201171875,1.1145,1.3399
2024-10-01,560.1348876953125,1.1067,1.3282
2024-10-02,560.371337890625,1.105,1.3271
2024-10-03,559.3468017578125,1.1015,1.3114
2024-10-04,564.4298095703125,1.0961,1.3107
2024-10-07,559.3270874023438,1.0976,1.308
2024-10-08,564.6170043945312,1.097,1.3093
2024-10-09,568.5277709960938,1.0951,1.308
2024-10-10,567.5328369140625,1.0925,1.3053
2024-10-11,570.9312744140625,1.0942,1.307
2024-10-14,575.6005859375,,
2024-10-15,571.1283569335938,1.0899,1.3083
2024-10-16,573.6107177734375,1.0873,1.3
2024-10-17,573.6599731445312,1.0837,1.3008
2024-10-18,575.8665771484375,1.0854,1.3022
2024-10-21,574.9208374023438,1.082,1.298
2024-10-22,574.6155395507812,1.0805,1.2969
2024-10-23,569.3650512695312,1.0779,1.2944
2024-10-24,570.596435546875,1.0806,1.2964
2024-10-25,570.3993530273438,1.0813,1.2978
2024-10-28,572.1627197265625,1.0819,1.2981
2024-10-29,573.0886840820312,1.0798,1.3005
2024-10-30,571.35498046875,1.0864,1.3012
2024-10-31,560.1546020507812,1.0855,1.2856
2024-11-01,562.518798828125,1.0848,1.2959
2024-11-04,561.3070068359375,1.0884,1.2942
2024-11-05,568.0943603515625,1.092,1.3015
2024-11-06,582.2203979492188,1.0732,1.2897
2024-11-07,586.7221069335938,1.0792,1.2985
2024-11-08,589.263671875,1.071,1.2905
2024-11-11,589.8251342773438,,
2024-11-12,587.992919921875,1.0598,1.2733
2024-11-13,588.2786254882812,1.0567,1.2709
2024-11-14,584.495849609375,1.0562,1.2706
2024-11-15,577.0092163085938,1.0552,1.2629
2024-11-18,579.3734741210938,1.0586,1.2664
2024-11-19,581.4913330078125,1.0578,1.2667
2024-11-20,581.6884155273438,1.0521,1.2639
2024-11-21,584.81103515625,1.0475,1.2586
2024-11-22,586.6236572265625,1.0399,1.2516
2024-11-25,588.6134643554688,1.0478,1.2554
2024-11-26,591.6869506835938,1.0481,1.2547
2024-11-27,589.89404296875,1.0575,1.2678
2024-11-28,,,
2024-11-29,593.55859375,1.0547,1.2699
2024-12-02,594.6224975585938,1.0484,1.2639
2024-12-03,594.898193359375,1.0518,1.2677
2024-12-04,598.59228515625,1.0527,1.2712
2024-12-05,597.6072387695312,1.0571,1.2754
2024-12-06,598.7401123046875,1.0563,1.2744
2024-12-09,595.65673828125,1.057,1.2783
2024-12-10,593.8048095703125,1.0512,1.2758
2024-12-11,598.3953247070312,1.0508,1.2763
2024-12-12,595.3119506835938,1.0514,1.2715
2024-12-13,595.19384765625,1.0498,1.2629
2024-12-16,597.7353515625,1.0512,1.269
2024-12-17,595.2725219726562,1.0506,1.2718
2024-12-18,577.5313720703125,1.0469,1.2696
2024-12-19,577.3539428710938,1.0357,1.253
2024-12-20,584.2886352539062,1.043,1.2587
2024-12-23,587.7874755859375,1.0409,1.2529
2024-12-24,594.3207397460938,1.0388,1.2528
2024-12-25,,,
2024-12-26,594.3604125976562,1.0423,1.2522
2024-12-27,588.1038208007812,1.0423,1.2573
2024-12-30,581.392578125,1.0386,1.2523
2024-12-31,579.2774047851562,1.0351,1.2521
2025-01-01,,,
2025-01-02,577.8541259765625,1.0261,1.2376
2025-01-03,585.0792846679688,1.0292,1.2419
2025-01-06,588.44970703125,1.0397,1.253
2025-01-07,581.7977905273438,1.0369,1.2499
2025-01-08,582.6478271484375,1.0313,1.2366
2025-01-09,,1.0298,1.2303
2025-01-10,573.7523193359375,1.0238,1.2215
2025-01-13,574.6419067382812,1.0209,1.2158
2025-01-14,575.4326171875,1.0292,1.2188
2025-01-15,585.8997192382812,1.0282,1.2214
2025-01-16,584.7728881835938,1.0303,1.2246
2025-01-17,590.6439819335938,1.0287,1.2181
2025-01-20,,,
2025-01-21,596.0504760742188,1.0423,1.2331
2025-01-22,599.401123046875,1.042,1.2324
2025-01-23,602.6727294921875,1.042,1.2347
2025-01-24,600.913330078125,1.0515,1.2496
2025-01-27,592.4132080078125,1.0492,1.2479
2025-01-28,597.50341796875,1.0427,1.2433
2025-01-29,594.824951171875,1.0416,1.2435
2025-01-30,598.0173950195312,1.042,1.2453
2025-01-31,594.834716796875,1.04,1.2447
2025-02-03,590.831787109375,1.0277,1.2389
2025-02-04,594.7952270507812,1.0379,1.2487
2025-02-05,597.2068481445312,1.0419,1.2516
2025-02-06,599.2825317382812,1.0368,1.2435
2025-02-07,593.7969360351562,1.0329,1.2396
2025-02-10,597.8295288085938,1.0312,1.2385
2025-02-11,598.2843017578125,1.0346,1.2423
2025-02-12,596.3568725585938,1.0392,1.2444
2025-02-13,602.6529541015625,1.0428,1.2528
2025-02-14,602.623291015625,1.0498,1.2609
2025-02-17,,,
2025-02-18,604.3924560546875,1.0457,1.2614
2025-02-19,605.8157958984375,1.0406,1.2571
2025-02-20,603.2954711914062,1.0475,1.2643
2025-02-21,592.9765625,1.0455,1.2647
2025-02-24,590.2782592773438,1.0478,1.264
2025-02-25,587.3427124023438,1.0498,1.2652
2025-02-26,587.6392822265625,1.0514,1.2696
2025-02-27,578.2593994140625,1.0414,1.2628
2025-02-28,587.2833862304688,1.0402,1.2591
2025-03-03,576.9942626953125,1.0496,1.2711
2025-03-04,570.16455078125,1.0534,1.2726
2025-03-05,576.29248046875,1.0768,1.2864
2025-03-06,566.0626220703125,1.0818,1.2894
2025-03-07,569.2353515625,1.0859,1.2918
2025-03-10,554.073486328125,1.0837,1.2909
2025-03-11,549.467529296875,1.0927,1.2948
2025-03-12,552.38330078125,1.0925,1.297
2025-03-13,545.0197143554688,1.0859,1.2945
2025-03-14,556.2775268554688,1.0872,1.2917
2025-03-17,560.5671997070312,1.0922,1.2988
2025-03-18,554.5083618164062,1.0927,1.2987
2025-03-19,560.5474243164062,1.0877,1.2969
2025-03-20,558.9264526367188,1.0848,1.2973
2025-03-21,559.11083984375,1.0806,1.2896
2025-03-24,569.1236572265625,1.0794,1.2913
2025-03-25,570.4917602539062,1.0804,1.2948
2025-03-26,563.6810302734375,1.0781,1.2889
2025-03-27,562.18408203125,1.08,1.2963
2025-03-28,550.8626708984375,1.0826,1.2942
2025-03-31,554.5604858398438,1.0796,1.2896
2025-04-01,556.1267700195312,1.08,1.2923
2025-04-02,559.646240234375,1.0868,1.2974
2025-04-03,532.0663452148438,1.1052,1.3113
2025-04-04,500.9176330566406,1.1014,1.2927
2025-04-07,500.025390625,1.0912,1.2729
2025-04-08,492.1936340332031,1.0912,1.2769
2025-04-09,543.8834838867188,1.104,1.2771
2025-04-10,520.051025390625,1.1192,1.294
2025-04-11,529.3301391601562,1.1325,1.3051
2025-04-14,534.4654541015625,1.1358,1.3176
2025-04-15,532.9684448242188,1.129,1.3223
2025-04-16,521.1216430664062,1.1382,1.3247
2025-04-17,521.8651733398438,1.1364,1.3259
2025-04-18,,1.139,1.3279
2025-04-21,509.443359375,1.1508,1.3385
2025-04-22,522.697998046875,1.1466,1.3376
2025-04-23,530.79736328125,1.135,1.3256
2025-04-24,541.9701538085938,1.1363,1.3309
2025-04-25,545.8860473632812,1.1381,1.3331
2025-04-28,546.0941772460938,1.1387,1.3395
2025-04-29,549.5342407226562,1.1396,1.3397
2025-04-30,549.7523803710938,1.1349,1.3344
2025-05-01,553.6483764648438,1.1279,1.3273
2025-05-02,561.8668212890625,1.133,1.3283
2025-05-05,558.6448364257812,1.1315,1.3284
2025-05-06,553.9755249023438,1.1345,1.3369
2025-05-07,556.3052978515625,1.1348,1.3344
2025-05-08,560.1815185546875,1.1249,1.3287
2025-05-09,559.4677124023438,1.127,1.3318
2025-05-12,577.9567260742188,1.1106,1.3194
2025-05-13,581.7735595703125,1.1176,1.328
2025-05-14,582.51708984375,1.1206,1.3303
2025-05-15,585.3622436523438,1.1189,1.3292
2025-05-16,589.0698852539062,1.1141,1.3257
2025-05-19,589.7142944335938,1.1236,1.3357
2025-05-20,587.7315673828125,1.1254,1.3371
2025-05-21,577.827880859375,1.1343,1.3447
2025-05-22,578.0558471679688,1.1281,1.3426
2025-05-23,574.1102294921875,1.135,1.3511
2025-05-26,,,
2025-05-27,586.0463256835938,1.1326,1.3505
2025-05-28,582.6558227539062,1.1286,1.3462
2025-05-29,584.9557495117188,1.137,1.3489
2025-05-30,584.301513671875,1.1347,1.3468
2025-06-02,587.5928344726562,1.1432,1.3549
2025-06-03,590.9436645507812,1.1373,1.352
2025-06-04,590.7849731445312,1.1424,1.357
2025-06-05,587.9298095703125,1.144,1.3584
2025-06-06,593.96728515625,1.1397,1.3532
2025-06-09,594.5026245117188,1.1425,1.3563
2025-06-10,597.8732299804688,1.1423,1.3508
2025-06-11,596.1681518554688,1.149,1.3556
2025-06-12,598.5374755859375,1.1578,1.3589
2025-06-13,591.8457641601562,1.1557,1.3594
2025-06-16,597.4766845703125,1.1581,1.36
2025-06-17,592.3712158203125,1.1535,1.3516
2025-06-18,592.281982421875,1.1521,1.3471
2025-06-19,,,
2025-06-20,590.8909301757812,1.152,1.3465
2025-06-23,596.7274780273438,1.1538,1.3491
2025-06-24,603.3196411132812,1.1608,1.3616
2025-06-25,603.65771484375,1.162,1.3626
2025-06-26,608.380615234375,1.1717,1.3754
2025-06-27,611.4032592773438,1.1724,1.372
2025-06-30,614.3265380859375,1.177,1.3722
2025-07-01,614.127685546875,1.1776,1.3728
2025-07-02,616.9116821289062,1.179,1.3623
2025-07-03,621.7738037109375,1.1758,1.3656
2025-07-04,,,
2025-07-07,617.140380859375,1.1733,1.3638
2025-07-08,616.8023681640625,1.1707,1.3575
2025-07-09,620.5010986328125,1.1707,1.3585
2025-07-10,622.2510986328125,1.1688,1.3569
2025-07-11,620.0635986328125,1.1696,1.3503
2025-07-14,621.2467651367188,1.1672,1.3437
2025-07-15,618.592041015625,1.1619,1.3396
2025-07-16,620.66015625,1.1629,1.3426
2025-07-17,624.4583740234375,1.1597,1.3413
2025-07-18,624.0010375976562,1.1645,1.3439
2025-07-21,625.1842651367188,1.1705,1.3498
2025-07-22,625.2737426757812,1.1749,1.3522
2025-07-23,630.59326171875,1.1748,1.3566
2025-07-24,630.802001953125,1.1765,1.3524
2025-07-25,633.4667358398438,1.173,1.3429
2025-07-28,633.3076782226562,1.1609,1.3393
2025-07-29,631.63720703125,1.1534,1.3339
2025-07-30,630.841796875,1.147,1.3274
2025-07-31,628.4754028320312,1.1431,1.322
2025-08-01,618.1743774414062,1.1555,1.3259
2025-08-04,627.5704956054688,1.1568,1.329
2025-08-05,624.3887329101562,1.158,1.3309
2025-08-06,629.17138671875,1.1647,1.336
2025-08-07,628.6443481445312,1.1641,1.3434
2025-08-08,633.5462646484375,1.166,1.3444
2025-08-11,632.29345703125,1.1607,1.3414
2025-08-12,639.02490234375,1.1673,1.3509
2025-08-13,641.2123413085938,1.1715,1.3572
2025-08-14,641.27197265625,1.1644,1.3532
2025-08-15,639.7706298828125,1.1708,1.3565
2025-08-18,639.63134765625,1.1667,1.3521
2025-08-19,636.1612548828125,1.166,1.3496
2025-08-20,634.470947265625,1.1649,1.345
2025-08-21,631.925537109375,1.1605,1.3417
2025-08-22,641.6299438476562,1.1713,1.3528
2025-08-25,638.8060302734375,1.167,1.3491
2025-08-26,641.4807739257812,1.1657,1.3485
2025-08-27,642.9423828125,1.1611,1.3468
2025-08-28,645.2192993164062,1.1672,1.3516
2025-08-29,641.3713989257812,1.1695,1.3511
2025-09-01,,,
2025-09-02,636.61865234375,1.1653,1.3392
2025-09-03,640.06884765625,1.1676,1.3448
2025-09-04,645.4181518554688,1.1648,1.3441
2025-09-05,643.5488891601562,1.1759,1.3543
2025-09-08,645.1298217773438,1.1751,1.355
2025-09-09,646.6212768554688,1.1723,1.3533
2025-09-10,648.4906005859375,1.1714,1.3548
2025-09-11,653.8796997070312,1.1732,1.3568
2025-09-12,653.660888671875,1.1714,1.3547
2025-09-15,657.1409301757812,1.1772,1.3609
2025-09-16,656.2361450195312,1.1848,1.3654
2025-09-17,655.4208374023438,1.1845,1.3661
2025-09-18,658.4832763671875,1.178,1.3552
2025-09-19,661.74462890625,1.1753,1.3484
2025-09-22,664.8753662109375,1.1773,1.3505
2025-09-23,661.256103515625,1.18,1.3518
2025-09-24,659.1522216796875,1.1742,1.345
2025-09-25,656.1112670898438,1.1673,1.3351
2025-09-26,659.8701782226562,1.1692,1.3404
2025-09-29,661.7246704101562,1.173,1.3433
2025-09-30,664.21728515625,1.1735,1.3443
2025-10-01,666.4806518554688,1.1723,1.3474
2025-10-02,667.248291015625,1.1696,1.3423
2025-10-03,667.2384033203125,1.1747,1.3481
2025-10-06,669.6312866210938,1.1707,1.3476
2025-10-07,667.1486206054688,1.1674,1.3441
2025-10-08,671.1268920898438,1.1606,1.339
2025-10-09,669.1826171875,1.1559,1.3312
2025-10-10,651.0960693359375,1.1613,1.3343
2025-10-13,661.0865478515625,,
2025-10-14,660.2789306640625,1.1608,1.3321
2025-10-15,663.2102661132812,1.1638,1.3396
2025-10-16,658.6936645507812,1.1665,1.3425
2025-10-17,662.4326171875,1.1674,1.3425
2025-10-20,669.3222045898438,1.1656,1.342
2025-10-21,669.3121948242188,1.1616,1.3391
2025-10-22,665.83251953125,1.1612,1.3372
2025-10-23,669.7808837890625,1.1612,1.3323
2025-10-24,675.2546997070312,1.1626,1.3298
2025-10-27,683.2211303710938,1.1636,1.3331
2025-10-28,685.0357666015625,1.1659,1.328
2025-10-29,685.3648071289062,1.1664,1.3243
2025-10-30,677.8270874023438,1.1564,1.3147
2025-10-31,680.050537109375,1.1541,1.3141
2025-11-03,681.3267822265625,1.1531,1.315
2025-11-04,673.2506103515625,1.1491,1.3044
2025-11-05,675.583740234375,1.1485,1.3051
2025-11-06,668.3351440429688,1.1539,1.3107
2025-11-07,668.9931640625,1.1578,1.3165
2025-11-10,679.432373046875,1.1545,1.3157
2025-11-11,680.9877319335938,,
2025-11-12,681.3666381835938,1.1592,1.3131
2025-11-13,670.0599975585938,1.1649,1.3214
2025-11-14,669.9503784179688,1.1617,1.3156
2025-11-17,663.7088012695312,1.1598,1.3179
2025-11-18,658.1353149414062,1.1579,1.3152
2025-11-19,660.6777954101562,1.154,1.3077
2025-11-20,650.6075439453125,1.1534,1.3079
2025-11-21,657.08837890625,1.1506,1.31
2025-11-24,666.759765625,1.1518,1.3096
2025-11-25,673.03125,1.1553,1.3174
2025-11-26,677.6775512695312,1.1591,1.3228
2025-11-27,,,
2025-11-28,681.3765869140625,1.16,1.3239
2025-12-01,678.2658081054688,1.1623,1.3229
2025-12-02,679.5220947265625,1.1596,1.3186
2025-12-03,681.8751220703125,1.166,1.3334
2025-12-04,682.3736572265625,1.1659,1.3355
2025-12-05,683.6697998046875,1.1635,1.3324
2025-12-08,681.6159057617188,1.1626,1.3321
2025-12-09,681.027587890625,1.1639,1.332
2025-12-10,685.5443115234375,1.165,1.334
2025-12-11,687.1395263671875,1.1756,1.3428
2025-12-12,679.7514038085938,1.1731,1.3351
2025-12-15,678.7244262695312,1.1756,1.338
2025-12-16,676.8699340820312,1.177,1.3429
2025-12-17,669.4219360351562,1.1748,1.339
2025-12-18,674.4769287109375,1.1729,1.3389
2025-12-19,680.5900268554688,1.1721,1.3379
2025-12-22,684.8300170898438,1.175,1.3457
2025-12-23,687.9600219726562,1.1776,1.3485
2025-12-24,690.3800048828125,1.178,1.3505
2025-12-25,,,
2025-12-26,690.3099975585938,1.1766,1.3492
2025-12-29,687.8499755859375,,
2025-12-30,687.010009765625,,
2025-12-31,681.9199829101562,,
2026-01-02,683.1699829101562,,
